,data,label
0,국내 신종 감염증 이 전국 각지 기존 집단 발병 사례 확진 추가 발생 감염 당국 일상 집중 때 모임 취소 해달 라고 당부 전국 곳곳 확진 속출 중앙 대책 본부 방 대본 이날 낮 기준 서울 소 모임 관련 누적 확진 집계 모임 참석자 가족 지인 강서구 댄스 에어로빅 학원 사례 접촉 조사 과정 추가 확진 누적 확진 강생 종사자 추가 전파 사례 이다 중구 상조 회사 관련 추가 양성 판정 지금 감염 동료 회식 모임 가족 지인 추가 전파 추정 중랑구 체육 시설 사례 추가 누적 확진 송파구 사우나 관련 추가 감염 확인 누적 확진 집계 다 서초구 사우나 사례 추가 확진 현재 양성 판정 마포구 홍대 교회 관련 확진 감염자 관련 기사 발생 인도 방글라데시 일 지도 남 탓 중국 일상 곳곳 확진 유행 속보 무증상 경 증 소아 확진 재택 치료 방안 의료 협의 속보 중대 기로 연말 모임 약속 취소 속보 전북 익산시 원광대 병원 관련 추가 확진 누적 속보 충북 청주시 당구장 선후배 모임 관련 누적 확진 속보 충북 제천시 김장 모임 관련 누적 확진 속보 요양 병원 감염 시설 일제 검사 현재 확진 속보 인천 남동구 동창 모임 관련 누적 확진 속보 경기도 연천 신병교육대 관련 누적 확진 경기 화성시 지인 모임 관련 확진 뒤 감염 지인 모임 처음 시작 감염 학원 직장 이후 가족 지인 다 경기 연천군 육군 사단 신병교육대 사례 추가 누적 확진 인천 남동구 동창 모임 관련 확진 발생 뒤 감염 수도권 확산 지속 강원 홍천군 공공 근로 관련 환자 발생 후 양성 판정 지금 확진 다 충북 제천시 김장 모임 사례 추가 확진 방 대본 일 가구 일가족 김장 모임 일 인과 김장 모임 일가족 방문 식당 감염 전파 추정 다 청주시 당구장 선후배 모임 사례 추가 양성 판정 감염 전북 익산시 원광대 병원 관련 추가 감염 확인 누적 확진 다 부산 울산 장구 강습 사례 추가 지금 확진 경남 창원시 마산회원구 주점 사례 추가 양성 판정 누적 확진 뉴스 당국 모임 취소 당부 당국 이번 사태 연말 모임 약속 취소 필요 강조 다 임숙영 중앙 대책 본부 상황 총괄 단장 이날 현황 정례 브리핑 지금 일상 가족 이웃 안전 수능 수험 안심 집중 기로 라고 강조 사회 거리 두기 효과 전 수준 발생 규모 국민 자발 위험 행동 반전 상황 말 연말 모임 약속 취소 식사 회식 감염 전파 위험 자제 이번 주말 종교 행사 약속 모임 대면 전환 취소 해달 라고 당부 당국 환자 증가 병상 부족 대비 무증상 경 증 환자 자택 증상 관리 자가 치료 구체 검토 있다 자가 치료 병원 시설 자택 격리 상태 증상 관리 방법 해외 광범위 활용 국내 시행 근거 마련 상태 다임 총괄 단장 자가 치료 확진 폭증 상태 병상 부족 우려 때 도입 생각 무증상 경 증 환자 대상 시 군구 보건소 모니터링 증상 악화 병원 이송 담당 체계 검토 설명 주거 형태 검토 필요 가정 전파 차단 예외 소아 보호자 자가 치료 방안 검토 이송,1
1,오전 서울 광진구 건국대학교 학년 수시 모집 논술 고사 수험 가족 학교 당국 앞 신종 감염증 확산 우려 다 임숙영 중앙 대책 본부 상황 총괄 단장 온라인 정례 브리핑 확산 최근 주간 일평균 국내 발생 확진 전주 대비 여 상태 단장 그간 지역 사회 잠재 감염 누적 거리 두기 격상 효과 지난주 감염 재생산 지수 수준 환자 정도 감염 의미 지수 이하 유행 크기 예상 관련 기사 속보 지난주 재생산 지수 유행 규모 속보 부산 울산 장구 강습 관련 추가 누적 확진 속보 순천향대 부속 부천 병원 관련 누적 확진 속보 서울 송파구 탁구장 관련 누적 확진 속보 서울 강남구 콜 센터 관련 추가 확진 누적 속보 서울 강서구 댄스 교습 관련 추가 확진 누적 속보 서울 중구 콜 센터 관련 누적 확진 속보 서울 영등포구 부동산 업체 관련 누적 확진 속보 서울 구로구 보험사 관련 누적 확진 확진 명당 임 단장 당국 역학 조사 사실 확산 속도 설명 임 단장 중앙 지방 자치 단체 역량 총동원 접촉 추적 감염 확산 규모 사례 사실 감염 경로 조사 사례 사례 정도 전주 비교 증가 추세 검사 임 단장 이번 유행 유행 때 중심 집단 곳곳 확산 양상 설명 단장 이번 유행 확산 때 모임 취소 이동 자제 당부 단장 대학수학능력시험 수능 이후 실시 대학 면접 논술 시험 관련 이달 주 주 수도권 대학 전국 수험 집중 감염 위험 수능 뒤 친구 지인 모임 안전 수능 이후 일정 준비 명일,1
2,확진 발생 긴급 실시 누리 동 신관 부속 건물 근무 직원 오늘 양성 확진 판정 사실 긴급 대응 회의 누리 동 근무 직원 내일 오전 재택근무 실시 관련 기사 정부 수능 새벽 확진 병원 입소 응시 종합 거짓말 꼬리 내부 기밀 문건 폭로 일본 모 백신 명부 확보 한국 계약 전무 여야 예산안 합의 차 지원금 백신 종합 유니레버 뉴질랜드 근무 시대 실험 검사 추가 감염 주 자릿수 모 백신 긴급 사용 신청 급등 흑자 에어비앤비 대박 까 총리 크리스마스 백신 승인 기대 백신 선물 다음 주 공급 누리 건물 전체 긴급 실시 확진 자와 접촉 직원 전원 검사 조치 역학 조사 관의 현장 조사 요청 향후 보건 당국 조치 적극 협조 예정 김소연 기사 제보 보도자료,1
3,오늘 수도권 사회 거리 두기 단계 격상 신규 감염자 지난주 정도 예상 결과 국민 사이에서 피로감 때 자영업자 타격 이루마 일반 시민 짜증 날 정도 마스크 과태료 오늘 서울시 연말 이상 집회 금지 서울 지하철 시내버스 대중교통 운행 횟수 다방 역 필요 정도 사람 국면 한국인 공포 조사 정도 한국 사람 마스크 세계 남 피해 생각 공포 작용 과언 관련 기사 가입 바이든 시대 관계 정립 도구 논설 실 서울 시장 선거 최대 골칫거리 부동산 논설 실 논설 실 일본 언론 정부 속마음 읽기 삼성물산 주식 사자 이건희 별세 날 부부 대화 논설 실 중국 턱밑 미사일 배치 대만 뚝심 논설 실 논설 실 주식 양도 대주주 기준 대통령 선택 지시 논설 실 의원 고성 윤석열 호통 논설 실정 먹이사슬 정점 장악 논설 실 라임 펀드 보도 때 경험 로비 논설 실 요즘 주변 공포감 만성 짜증 사람 올해 시작 계속 사회 거리 두기 생활 불편 인내 한계 도달 생각 확진 정부 확진 숫자 단계 원칙 거리 두기 이유 치명 감염자 발생 지금 정부 지침 확진 숫자 사회 거리 두기 단계 단계 단계 단계 거리 두기 필요 지도 의문 단계 금지 직접 이해관계자 사람 사람 사람 공포 해진 해외 들불 확산 국내 정부 정치 편향 반발감 작용 개천절 한글날 집회 대통령 총리 시작 집회 엄포 버스 차단 벽 민주노총 노동 집회 구두 집회 자제 당부 노동 집회 당시 확진 한글날 개천절 짐 당시 말 노동 집회 집단 백신 작동 정부 정치 악용 얘기 전 양쪽 집회 태도 보니 말 지금 정부 확보 백신 상태 지금 확진 숫자 정치 필요 지침 계속 과학 사실 입각 전환 대책 병 사망 사람 최소 지금 정부 대책 확진 숫자 부분 무증상 감염자 확인 사실 연령 치사율 이상 로 비교 로 미만 사망 사람 천명 명도 안 얘기 세계 통계 한국 경우 대부분 연령 세계 통계 치사율 낮 다 의사 중심 노인 질환 이야기 유다 사람 공포 과장 언론 사망자 숫자 보도 후유증 사람 기사 공포 일조 피로감 와중 대중 공포 정치 필요 기대 주먹구구식 정책 지속 지속 과학 근거 합리 숫자 바탕 정책 전환 유다 질병 관리 청 발표 통계 현재 숫자 언론 공개 정부 검사 숫자 공개 질병 관리 청 홈페이지 누적 검사 자수 누적 검사 완료 누적 신규 검사 확진 인지 일 검사 질병 관리 청 보도 자료 국내 신고 검사 현황 총계 어제 오늘 변동 표 검사 이름 총계 내역 사람 검사 게 이해 정보 하루 검사 그중 확진 검사 질병 관리 청 홈페이지 확진 증가 공개 확진 무증상 감염자 명인 지도 필요 있다 현재 질병 관리 청 통계 확진 제외 순 증 통계 누적 통계 발표 하루하루 추이 파악 확진 자와 사망자 연령 분포 국민 적극 공개 필요 있다 연구 해외 논문 국가 지역 동향 국가 연령 감염 치료 사망 동향 비교 소개 한국 사례 인용 정작 국내 지역 통계 통계 통계 개편 환자 치료 고령자 중증 환자 집중 필요 중증 확진 자 격리 감염 확산 방지 초점 의료 시설 생명 위협 중증 환자 집중 투입 방식 병 의원 의료 인력 장비 의약품 필요 곳 효과 동원 불필요 낭비 지금 확진 전국 연령 차별 정책 효과 경제 일상생활 지장 초래 의료 자원 효율 이용 측면 정부 과학 지식 필요 곳 자원 집중 어처구니 서울시 공포 장이 관련 서울시 시내 곳곳 대형 전광판 마스크 이름 영상 생각 화면 여성 마스크 책 인가 모습 중환 실 심폐 소생 마스크 환자 모습 대비 화면 마스크 중환자실 생사 기로 생각 마스크 착용 불특정 다수 사실 위험 과장 불필요 공포 문제 장면 미만 명당 사망 죽음 질병 광고 아마 구 미 선진국 공 보물 대중 항의 저항 지금 주변 말 공포 확산 정부 의도 팩트 숫자 통계 위 언급 대로 말 안 과장 광고 불필요 공포 확산 서울시 지방 정부 책임 정부 여당 확산 정치 계산 지도 경제 실정 국민 공포 통치 부메랑 생각 이다 김선태 논설위원,1
4,김종인 국민 힘 비상대책위 원장 서울 여의도 국회 비상대책위 회의 모두 발언 뉴스 김종인 국민 힘 비상대책위 원장 개최 전국민주노동조합총연맹 민주노총 집회 정부 정치 유 불리 대응 선택 의구심 지적 다 김종인 위원장 국민 힘 비상대책위 회의 문재인 대통령 지금 정치 접근 국민 저항 다 김종인 위원장 그동안 정부 정권 비판 입장 사람 집회 재인 산성 원천 봉쇄 집회 주최 살인 자라 지칭 말 관련 기사 공공 임대 사저 정치 공격 문 대통령 인 가족 발언 보도 사실 왜곡 종합 최장 필 버 윤희 숙 동료 추 임 반응 퇴임 후 사저 크기 분노 국민 청원 등장 이재명 단계 선제 격상 정 총리 전문가 의견 수렴 문 대통령 인 가족 발언 보도 사실 왜곡 정 총리 확산 단계 격상 종합 김종인 국민 사과 내주 연기 일단 필 버 힘 속보 정 총리 중대 본 상황 관리 대응 체제 최고 수준 가동 속보 정 총리 최대 위기 매우 긴박 비상 상황 민주노총 주말 규모 장외 집회 강행 국민 불안감 실정 정부 정치 유 불리 대응 선택 의구심 오후 서울 영등포구 여의도공원 앞 전국 노동자 대회 김종인 위원장 최근 확산 신규 확진 일상 감염 속출 정부 대응 단계 조정 확산 지적 강조 끝 김종인 위원장 백신 확보 정략 사고 개입 세계 각국 백신 확보 경쟁 정부 사활 백신 확보 피력 다 김수현,1
5,도널드 트럼프 미국 대통령 장녀 이방 카 백악관 보좌관 일 현지 시간 애리조나주 파라다이스 밸리 선거 행사 참석 지지자 손 도널드 트럼프 미국 대통령 장녀 이방 카 자녀 학교 자퇴 이방 카 그간 신종 감염증 수칙 무시 학교 학부모 원성 사온 방송 일 현지 시간 이방 카 쿠 부부 자녀 해당 학교 보도 학교 수칙 마련 책자 교직원 학부모 학생 제공 학교 마스크 착용 사회 거리 두기 권장 확진 자와 접촉 경우 일간 자가 격리 관련 기사 임 영지 신임 의료기관평가인증원 장 인증 의료 기관 의료 곳 집회 전국 감염 불 붙이 래 송년회 붐 수능 학원 감염 때 온라인 공개 고려대 동아리 활동 확진 발생 시설 일부 폐쇄 정세균 수도권 강원 거리 두기 격상 검토 타결 조 시장 하루 확진 최다 바이든 조치 해 야 주일 일평균 확진 젊은층 중심 확산 포천 중학교 교사 직원 확진 철원 확진 자와 접촉 추정 이방 카 부부 수칙 무시 학교 항의 갈등 이방 카 자녀 자퇴 이유 방카 부부 백악관 전파 진원 지목 에이미 코니 배럿 연방 법관 명식 행사 참가자 접촉 일간 자가 격리 지침 지난달 트럼프 대통령 영부인 멜라 니아 여사 때 부부 자가 격리 이방 카 지난달 이후 애리조나 네바다 미시간 위스콘신 주 선거 유세장 모습 이방 카 자녀 학교 학부모 이방 카 부부 노골적 수칙 무시 학교 항의 학교 이방 카 부부 수칙 요청 학교 보건 교사 일간 자가 격리 공지 이방 카 부부 시행 자녀 자퇴 결정 기운,1
6,신천지 이만희 총회장 결심 공판 검찰 징역 구형 정부 신종 감염증 업무 방해 혐의 구속 기소 이만희 신천지예수교 증거장막성전 신천지 총회장 징역 구형 오후 수원지법 형 사부 김미경 부장 판사 심리 총회장 결심 공판 검찰 공권력 무시 불법 자행 죄질 불량 징역 벌금 만원 선고 재판부 요청 총회장 신천지 교인 중심 감염 폭증 상황 교인 명단 예배 명단 시설 현황 거짓 제출 관련 증거 인멸 혐의 기소 이만희 신천지 총회장 결심 공판 경기도 수원시 영통구 수원지방법원 앞 전국 신천지 피해자 연대 회원 총회장 구속 촉구 기자회견 개인 주거지 신축 과정 종교 단체 자금 임의 사용 수원 월드컵 경기장 공용 시설 무단 점거 위장 단체 명의 불법 행사 진행 혐의 관련 기사 속보 대통령 선제 조사 적극 강구 의도 연출 국회 본회의장 검찰 비판 추미애 포토 원더우먼 당해 영화관 카페 학살 자영업자 불만 빗발 바이오 미래 사냥 시간 리어 드 곳 수요 대형 공급 연속 줄 어문 대통령 수도권 선별 진료소 휴일 야간 운영 확대 한도 기증자 마중 국민 힘 이동현 오상 헬스 대표 침 진단 키트 공급 밤 통금 첫날 주문 폭주 역대 급 매출 기록 곳 총회장 구속 상태 재판 지난달 건강 이유 보석 보배 객원,1
7,도널드 트럼프 대통령 에이미 코니 배럿 신임 연방 법관 미국 연방 대법원 신종 감염증 종교 활동 자유 판결 도널드 트럼프 대통령 지난달 에이미 코니 배럿 법관 지명 강행 연방 대법원 보수 우위 구도 재편 게 영향 분석 로 종교 단체 승소 트럼프 지명 법관 결정 역할 통신 외신 미국 연방 대법원 이하 현지 시간 확산 방지 종교 행사 참석자 제한 앤드루 쿠오모 뉴욕주 지사 행정명령 가톨릭 정통파 유대교 제기 소송 원고 승소 판결 위험 지역 레드 존 위험 지역 오렌지 존 예배 참석 인원 제한 행정 조치 종교의 자유 침해 이다 연방 대법원 감염병 사태 헌법 뒤 안 예배 참석 규제 종교의 자유 보장 수정 헌법 제조 위반 판단 레드 존 종교 시설 경우 참석자 제한 슈퍼마켓 애견 용품 판매점 규제 지적 관련 기사 전국 이틀 유행 종합 신규 확진 이틀 연속 매우 심각 아스트라 카 관련 주 무더기 급락 백신 효능 논란 정세균 확진 현실 수도 집 종합 트럼프 대선 승복 시사 선거인단 투표 패배 백악관 코스 피 확산 우려 약세 이틀 연속 정부 한국 경제 트랙 위기 대응 추수감사절 대이동 경고 이동 감행 속보 트럼프 선거인단 투표 바이든 백악관 미 유럽 브라질 입국 금지 철회 검토 중국 이란 입국 금지 법관 의견 로 상황 트럼프 대통령 임명 보수 성향 에이미 코니 배럿 법관 의견 결정 역할 평가 통신 연방 대법원 올해 캘리포니아주 네바다 주의 종교 시설 참석자 규제 조치 인정 거론 루스 베이 법관 사망 배럿 법관 취임 뒤 대법원 변화 해석 다 배럿 법관 트럼프 대통령 민주당 반대 임명 강행 보수 성향 법관 당시 민주당 반발 트럼프 대통령 공화당 상원 다 수석 활용 배럿 상원 인준 기존 보수 진보 법관 구성 비율 의 보수 절대 우위 평가 대선 유세 도널드 트럼프 미국 대통령 일 현지 시간 네바다 주 라스베이거스 트레 아일랜드 호텔 앤 카지노 라틴 모임 인사 라운드테이블 행사 트럼프 대통령 자신 트위터 이번 판결 설명 블로그 트윗 한 뒤 추수감사절 종교 단체 변호인 대법원 자유 종교 활동 보호 신속 결정 감사 논평 반면 소수의견 로버츠 대법원장 치명 전염병 상황 보건 의료 전문가 공공 안전 결정 무시 문제 쿠 오 모 뉴욕주 지사 이날 이번 판결 법원 자신 철학 정치 견해 표명 기회 이번 판결 실질 효력 현재 경계 수위 인원 제한 적용 쿠 오 모 주지 사도 이번 문제 지역 규제 완화 영향 집회 제한 적용 다 김수현,1
8,시민 서울 동작 구청 마련 선별 진료소 신종 감염증 검사 있다 뉴스 정부 경제협력개발기구 산하 회의 신종 감염증 경험 한국판 뉴딜 정책 소개 윤 태식 기획 정부 국제 경제 관리 관 차관보 전날 산하 산업 기술 혁신 위원회 정책 대응 평가 향후 경제 회복 방향 주제 화상 회의 참석 기재 부가 릭 사무차장 이번 회의 한국 프랑스 이탈리아 이스라엘 고위 당국자 토론자 초대 관련 기사 미 유럽 브라질 입국 금지 철회 검토 중국 이란 입국 금지 전 장병 휴가 중지 집단 감염 확산 국방부 강수 책 마을 칼 문명 전염병 앞 무릎 세일즈 포스 능조 몸값 인수 추진 무역 전쟁 통상 위기 기업 정부 지원 확진 눈앞 경제 전문가 경고 이슈 건강 신발 르 지오 고공 행진 이주열 확산 영향 확진 급증 전망 수정 종합 코로 나발 거품 논란 속 투자 임 락 근 머니 속보 이주열 확진 성장률 전망 수정 윤 차관보 관련 경제 정책 평가 세션 경제 조화 트랙 전략 소개 한국 백신 기조 아래 대비 태세 구축 차례 추가경정예산 추경 편성 조원 지원 정책 적극 경제 정책 추진 말 향후 정책 방향 주제 세션 구조 변화 대응 한국판 뉴딜 취지 구성 소개 참석자 위기 대응 포스트 시대 대비 디지털 녹색 사회 전환 촉진 뜻 한국판 뉴딜 국제 사회 모범 사례 호응 기재 참석자 글로벌 가치 사슬 자유 무역 질서 복원 나라 세계 경제 회복 력 강화 기여 의견 아라,1
9,문재인 대통령 청와대 수석 보좌관 회의 주재 문재인 대통령 신종 감염증 하루 확진 기록 관련 정부 국민 불편 경제 피해 감수 강화 조치 상황 안정 마음 고개 대통령 사흘 전인 수도권 상황 긴급 점검 화상 회의 터널 끝 언급 자신감 역대 최고 수치 확진 집계 체면 자신감 확진 증가 상황 연출 사흘 전 끝 확진 고개 대통령 고개 까닭 확진 자수 질병 관리 청 중앙 대책 본부 이날 기준 신규 확진 발생 국내 확진 발생 이후 최대 규모 역대 추월 기준 발생 이후 배 이상 폭증 확진 당국 이번 유행 이번 확산 규모 속도 면 차 배 이상 이다 보니 사회 거리 두기 단계 격상 전망 정세균 국무총리 단계 격상 언급 이날 정부서울청사 긴급 대책 회의 주재 민생 위협 지금 말 표현 위중 비상 상황 말 지난달 서울 시내 버스 정류장 안내문 상황 긴박 문 대통령 발언 회자 문 대통령 정부 역량 백신 치료제 종식 말 사흘 뒤 이날 문 대통령 페이스북 비상 상황 태도 관련 기사 거리 두기 단계 조치 코앞 일상 달라 지나 필리버스터 오늘 오후 속개 정세균 확산 단계 격상 종합 속보 울산 남구 중학교 관련 누적 확진 속보 정 총리 확산 단계 격상 문 대통령 비상 상황 행정력 동원 전문 문 대통령 안정 송구 심기일전 속보 문 대통령 비상 상황 총력 대응 속보 문 대통령 안정 송구 면목 하루 신규 확진 강서구 교회 규모 집단 감염 문 대통령 확산 사력 전국 곳곳 일상 공간 감염 전파 상황 마음 불안 걱정 국민 생각 면목 심정 정부 국민 특단 조치 집중 시행 지금 위기 극복 최선 어려움 극복 지금 고비 슬기 의심 강조 재인 대통령 국민 조치 이해 힘 확진 중환자 병상 확보 비상 정부 치료 곳 국민 생명 위협 일 최선 문 대통령 발언 때 확진 대통령 종식 말 후 신천지 확진 국면 신규 확진 안정 단계 한국 모범 사례 평가 그날 서울 구로구 콜 센터 집단 감염 사태 뉴스 최근 상황 안정 소비 내수 기회 확산 위기 지난주 시행 완화 조치 소비 경제 활력 기회 기대 확진 자릿수 확진 발표 이후 야권 정부 무능 실패 지적 제기 김예령 국민 힘 대변인 이날 논평 위기 때 국민 희생 강요 국민 헌신 노력 사실 실체 실체 일 순간 임계점 말 사회 거리 두기 단계 락 다운 봉쇄 수준 조치 의료 체계 붕괴 위험 직면 경우 전국 유행 실시 전국 평균 확진 이상 단계 상황 더블 링 배 환자 증가 게 요건 원칙 집게 사람 접촉 최소 조준 혁,1
10,수도권 중심 신종 감염증 이 확산 가운데 대구 중구 동성로 클럽 밀집 클럽 골목 임시 휴업 현수막 신종 감염증 확진 사흘 연속 육박 중앙 대책 본부 방 대본 기준 국내 신종 감염증 신규 확진 발생 누적 확진 기록 관련 기사 속보 서울 경기 울산 인천 부산 확진 마스크 트럼프 측근 치료 특별 대우 월마트 화이자 백신 접종 지원 매장 비중 일본 신규 확진 연일 신기록 육박 부동산 호황 집주인 조원 희망 빛 화이자 백신 긴급 승인 자문위 회의 시작 미국 경제 내년 급성 장년 최고 조 길 뉴욕 에선 신규 확진 안팎 전망 환자 오늘 확진 안팎 예상 국제 유가 급등 모닝 브리핑 여파 입장객 한성수 스키장 눈물 개장 이날 발표 대구경북 지역 중심 유행 때 기록 이후 최다 기록 역대 규모 지난달 이날 주간 신규 확진 일별 명명 명명 명명 명명 명명 명명 명명 이다 이날 신규 확진 감염 경로 지역 발생 해외 유입 이다 지역 발생 확진 전날 일 이후 지역 발생 확진 이날 일 집계 지역 서울 경기 인천 수도권 수도권 지역 발생 확진 전날 수도권 이외 지역 울산 부산 충북 경남 강원 충남 대전 전북 대구 제주 전남 광주 경북 이다 신규 집단 감염 사례 경기 수원시 요양원 확진 서울 종로구 음식점 파고다 타운 노래 교실 사례 파생 확진 다이 경기 안양시 소재 종교 시설 누적 경기 화성시 학원 인천 남동구 군부 대명 대전 지인 김장 모임 충북 제천시 요양 원명 울산 남구 중학교 관련 확진 속출 해외 유입 확진 전날 지역 발생 해외 유입 서울 경기 인천 수도권 이다 전국 세종 제외 시도 확진 사망자 전날 누적 국내 평균 치명 다 상태 악화 위 중증 환자 전날 이다 전날 하루 검사 건수 직전 전날 검사 건수 대비 확진 계산 양성 직전 기준 누적 양성 이다 노 정동,1
11,아스트라 카 개발 백신 해외 약사 개발 신종 감염증 예방 백신 내년 단계 국내 도입 우선 접종 권장 대상 실제 접종 전망 우선 접종 대상 소아 청소년 제외 보건 복지부 질병 관리 청 정부 관계 부처 전문가 협의 백신 우선 접종 대상 시기 접종 관리 계획 마련 계획 이다 현재 정부 노인 집단 시설 거주자 만성 질환자 계층 보건 의료 사회 필수 서비스 인력 우선 접종 대상 검토 있다 백신 사회 필수 서비스 인력 의료 기관 종사자 대응 요원 경찰 소방 공무원 요양 시설 재가 복지 시설 종사자 군인 거론 검토 대상 이후 여건 변동 관련 기사 서울 확진 검사 건수 엿새 백신 내년 도입 접종 대상 시기 조원 정세균 최악 겨울 마지막 기회 집 영국 세계 최초 백신 접종 시작 역사 순간 각국 정부 백신 구입 속도 영국 오늘 세계 최초 접종 속보 백신 내년 도입 접종 시기 미 정 노인 의료 우선 고려 속보 백신 내년 다만 명분 확보 수도 악몽 뉴욕 조 길 뉴욕 에선 미국 사망 충격 일반 국민 접종 순위 후 순위 소아 청소년 백신 임상시험 결과 우선 접종 대상 제외 정부 임상시험 결과 안전 성유 효성 모니터링 접종 전략 수립 방침 이다 양동 교 질병 청 의료 안전 예방 국장 임상시험 진행 약사 대부분 어린이 청소년 자료 우선 접종 추후 임상 자료 확인 때 접종 여부 별도 생각 감염 완치 사람 접종 여부 자료 전문가 견해 확립 접종 계획 수립 과정 해외 동향 전문가 의견 일 현지 시간 영국 런던 병원 간호사 미국 제약 회사 화이자 신종 감염증 백신 접종 모의 훈련 백신 인플루엔자 독감 예방 백신 접종 대상 동의 접종 우선 접종 대상자 가운데 접종 기피 자와 미접 종자 다수 발생 정부 사전 정보 제공 계획 이다 국내 형태 백신 도입 제품 접종 대상자 사실 개인 특정 제품 선택 접종 방식 전망 다 국가 필수 접종 대상자 경우 원칙 무료 접종 필수 접종 대상 앞 수립 접종 기본 계획 규정 백신 내년 분기 도입 접종 시기 미 정백 신이 내년 분기 국내 공급 도입 접종 동시 전망 구체 접종 시기 결정 다양 동교 국장 접종 시기 상황 고려 탄력 결정 예정 국내 상황 외국 접종 상황 고려 예방 접종 전략 세부 시행 계획 구체 설명 다 권준 국립보건연구원 장도 브리핑 시스템 완비 내년 분기 이후 시점 확보 정도 부작용 추가 확인 백신 접종 시작 합리 게 당국 판단 오후 서울 강남구 보건소 마련 신종 감염증 선별 진료소 의료진 검사 안내 정부 백신 접종 체계 계획 이다 화이자 개발 백신 경우 영하 도 효능 유지 저 상태 유통 보관 체계 구축 도입 백신 유효 기간 접종 접종 대상자 세부 접종 전략 마련 필요 있다 사전 예약 이상 반응 관리 백신 통합 관리 전산 시스템 구축 한편 접종 업무 수행 인력 확보 교육 진행 필수 정부 질병 관리 청 백신 도입 예방 접종 별도 전담 조직 예방 접종 대응 추진단 가칭 신설 백신 이상 반응 대책 마련 동교 국장 감염병 예방법 피해 보상 제도 백신 관련 사례 세부 보상 시스템 예정 말 다 김수현,1
12,백신 신종 감염증 유행 지속 마스크 무기 합 니다 박영근 진원생명과학 대표 한국경제신문 인터뷰 감염 예방 스프레이 개발 말 진원생명과학 식품 의약품 안전 처 백신 임상 상 시험 계획 승인 백신 감염 억제제 치료제 분야 관련 의약품 개발 스프레이 예방 진원생명과학 감염병 백신 개발 이력 메르스 중동호흡기증후군 가 유행 미국 식품의약국 임상 상 승인 메르스 백신 개발 임상 상 경험 토대 백신 치료제 개발 있다 이 회사 축농증 치료 후보 물질 을 감염 억제 약 개발 사멸 효능 확인 은 코 상피 세포 쓴맛 수용체 자극 쓴맛 수용체 혀 콧속 분포 수용체 자극 산화 질소 생성 다 박 대표 산화 질소 인플루엔자 바이러스 복제 감염 억제 효과 설명 관련 기사 미국 사망 충격 엔케이 맥스 표적 면역 항암제 임상 사전 회의 완료 차 유행 차 전문가 경고 이슈 수도권 은행 오늘 영업시간 시간 단축 운영 매출 급감 우버 백신 접종 요구 청하 최근 스포츠 센터 허위 사실 자제 부탁 공식 속보 정부 안팎 확진 자수 여전 감염 경로 불명 비율 금감원 직원 확진 본원 폐쇄 녹십자 랩 셀 기술 수출 세포 치료제 임상 상 승 인지 트리 앤 티 산재 내재 뇌 교종 임상 상 협의 진원생명과학 을 시간 코 스프레이 형태 개발 미국 임상 상 승인 미국 펜실베이니아대 임상 연구 센터 피험자 모집 박 대표 개발도상국 비용 부담 사용 수준 감염 억제제 개발 일반의약품 허가 소비자 구매 호흡기 감염병 예방 내년 임상 상 기술 이전 추진 예정 치료제 백신 임상 진입 경구 치료제 개발 은 지난달 임상 상 승인 피험자 모집 예정 내년 하반기 임상 계획 치료제 감염 염증 반응 억제 경 증 중증 발전 저분자 의약품 이다 박 대표 면역 세포 손상 염증 유발 물질 사이토카인 억제 설명 백신 국내 임상 상 진입 백신 속 체내 세포 투여 바이러스 단백질 모양 항원 단백질 바이러스 침입 때 면역 세포 공격 단백질 모양 백신 화이자 모 개발 리보 핵산 백신 상온 보관 투여 전기 자극 투여 비용 고통 단점 있다 진원생명과학 물리 방식 도입 투여 비용 기존 대비 수준 접종 고통 경감 성공 박 대표 백신 원료 플라스미드 생산 설비 병 백신 생산 시설 구축 백신 가격 상온 백신 공급 말 주현,1
13,서울 광진구 건국대학교 수험 학년 수시 모집 논술 고사 캠퍼스 뉴스 신종 감염 증가 전국 확산 가운데 서울 대학 논술 시험 실시 일 일 연인원 다음 주말 일 연인원 수험 대학 전형 응시 이동 예상 주간 수험 대이동 당국 긴장 학년 대학수학능력시험 이후 주말 일 성균관대 서강대 다음 주 연세대 이화여대 대학 논술 시험 예정 관련 기사 밤 사실 셧다운 소용 불만 이유 신규 확진 내일 거리 두기 강화 논의 종합 신규 확진 명일 연속 자릿수 상보 화이자 백신 원료 부족 이달 공급량 절반 축소 대통령 연대 힘 위기 극복 집회 강행 민주노총 경찰 폭행 조합원 현장 검거 코스 피 사상 고지 안착 백신 훈풍 종합 인천 공항 공사 직원 확진 동료 여명 재택근무 서울 중고교 주간 원격 수업 초등 기존 대로 세계 사망자 연 일 최악 날 이날 시험 대학 이중 삼중 주의 다각 대학 확산 방지 논술 시험 진행 주말 이틀 동안 오전 오후 교내 차량 진입 전면 통제 수능 때 마찬가지 학부모 교내 출입 허용 평소 학교 교내 설치 학부모 대기실 올해 운영 이날 오전 면접시험 진행 국민대 수험 방지 오전 오후 면접 시행 면접 대기실 학생 거리 두기 칸막이 설치 면접관 페이스 드 착용 오전 서울 광진구 건국대학교 학년 수시 모집 논술 고사 수험 가족 학교 대학 고사 경우 수능 확진 응시 제한 가격 리자 일반 수험 분리 응시 교육부 가격 리자 수도권 대학 권역 마련 별도 시험장 응시 조치 별도 고사 장과 시험 실 마련 운영 대학 서울 수도권 시험 실 배치 시험 당일 발열 의심 증상 수험 대학 마련 별도 시험 실 사용 다 김 명일,1
14,원준 자가 격리 제공 보니 하니 진행 엘 라스트 원준 확진 자와 접촉 검사 자가 격리 엘 라스트 원준 소속사 엔터테인먼트 원준 접촉 자로 분류 상황 대비 오늘 검사 원준 자가 격리 검사 결과 생방송 보니 하니 오전 보니 하니 출연자 확진 자와 접촉 자임 인지 후 생방송 진행 정해진 지침 자가 격리 관련 기사 직격탄 도심 호텔 달 장기 투숙 상품 개발 속보 강서 에어로빅 확진 증가 하루 돌파 위기 민주노총 우려 총파업 강행 전국 참여 철 취향 전국 축제 여행 까 자문 위원 공익 요원 확진 성남 시청 분당 구청 폐쇄 연천 육군 훈련병 무더기 확진 군 최대 집단 감염 벤 투호 조현우 국내 기준 확진 자전 세기 내일 귀국 제주 연수 진주 통장 관련 감염 경남 하루 양성 강서구 에어로빅 학원 규모 집단 감염 최소 확진 와중 에 기아 노조 돈 파업 제작진 오후 접촉 접촉 확진 판정 사실 통보 보니 하니 제작 참여 출연자 제작진 접촉 자로 분류 자가 격리 요청 관리 지침 외부인 출입 통제 사옥 스튜디오 상황 설명 여름 보이 그룹 엘라 스트로 데뷔 원준 생방송 보니 하니 로 활약 장 지민 객원,1
15,정세균 국무총리 정부서울청사 국무회의 주재 정세균 국무총리 공직자 수칙 확진 발생 공직 기강 해이 사례 발생 책임 경고 다 정세균 총리 정부서울청사 주재 국무회의 신종 감염증 대응 피로 누적 공직 사회 연말연시 때 말 지금 확산 적극 대응 올해 마무리 현안 점검 내년 준비 시기 정부 공공 기관 희생 자세 모범 강조 관련 기사 동화약품 급 등식 약 처 치료제 임상시험 승인 속보 서울 노원 구청 청사 전체 폐쇄 직원 확진 발생 중국 현대차 친환경 수소 차로 돌파구 속보 정부 확진 발생 일본 백신 반영 규모 추경 추진 다 큐리 언 텔 라 벡 남아공 임상 상 승인 재난 지원금 논의 내년 예산 사태 악화 일 속 공항 이유 이탈리아 통행 금지 신규 확진 달 해 오늘 수도권 단계 주간 실시 서울 시민 기간 재택근무 적극 활용 대면 회의 출장 회식 연말연시 모임 장관 공직자 업무 매진 독려 당부 질병 관리 청 중앙 대책 본부 기준 국내 신규 확진 발생 하루 진입 이 다이 지역 발생 사례 해외 유입 수도권 확진 지역 발생 기준 서울 경기 인천 기록 지역 강원 전북 경북 충남 전남 부산 광주 경남 충북 순 정부 이날 수도권 지역 사회 거리 두기 단계 시행 수도권 지역 주간 일평균 환자 전날 증가 이틀 거리 두기 단계 충족 당국 호남 거리 두기 단계 격상 강 경주,1
16,박 유미 서울시 재난 안전 대책 본부 제관 뉴스 국내 신종 감염증 확진 속도 관련 서울시 광복절 집회 관련 집단 감염 영향 주장 논란 국민의당 논평 정치 반발 박 유미 서울시 제관 온라인 브리핑 확진 자 분석 결과 러 윈 데이나 주말 도심 집회 연관 제관 광복절 집회 당시 확진 발생 지역 사회 잔존 감염 판단 최근 발생 규모 다발 집단 감염 생각 분석 관련 기사 수능 코앞 확산 서울 교육청 원격 수업 권고 중국 최대 훠궈 하이디 라오 와중 매장 다 최근 확산 민노총 집회 관석 달 광복절 집회 탓 전자 상거래 폭증 에 온라인 쇼핑몰 창업 안정 락 월드 혼수상태 쌍둥이 출산 기적 일 확진 하루 정부 소비 쿠폰 배포 서울 신규 확진 자릿수 증가 백신 확보 전쟁 완패 이 와중 지원 추진 대박 나이키 가도 혀 성공 비결 국민 절반 감염 운 조심 전국민주노동조합총연맹 전국농민회총연맹 전국 여성 농민회 총 연합 전국빈민연합 확진 상황 서울 장소 전국 민중 대회 진행 단체 주도 개천절 광화문 집회 원천 봉쇄 정부 민노총 집회 허용 이중잣대 비판 홍 경희 국민의당 수석 대변인 논평 대다수 감염병 전문가 지역 규모 집단 감염 확진 자 증가세 원인 마당 서울시 집회 원인 억측 해석 비판 사회 거리 두기 수칙 광화문 집회 옹호 생각 추호 공공 기관 서울시 대다수 전문가 견해 상반 해석 특정 집회 원흉 마녀사냥 비판 서울 여의도 중심 도심 곳곳 전국 민중 대회 오후 서울 영등포구 여의 대로 경찰 만일 사태 대비 뉴스 홍 경희 수석 대변인 바이러스 집회 성격 이념 원인 정치 역학 조사 구멍 결과 초래 원인 지목 대처 시민 건강 목숨 위협 위험 행동 지적 서울시 오해 정치 시민 안전 당부 한편 보수 단체 집회 확진 발생 관련 일부 정치인 의혹 제기 광복절 광화문 집회 참석 후 확진 판정 차명진 의원 당시 페이스북 날 민노총 보신각 집회 아무도 발병 그날 광화문 인파 속 우파 인사 침투 지적 바이러스 이념 자연 과학자 라면 광화문 돌연변이 특성 연구 노벨상 감 명일,1
17,정부 감염증 확산 속 시 기해 수도권 사회 거리 두기 단계 단계 단계 격상 정부 감염증 확산 속 시 기해 수도권 사회 거리 두기 단계 단계 단계 격상 한다정 세균 국무총리 정부서울청사 주재 중앙 안전 재난 대책 본부 회의 위기 직면 총리 국민 절반 이상 밀집 수도권 상황 최근 동안 수도권 하루 평균 확진 발생 고령 확진 비율 감염 재생산 지수 지표 강조 정부 감염증 확산 속 시 기해 수도권 사회 거리 두기 단계 단계 단계 격상 정부 강원도 거리 두기 단계 방안 검토 이날 수도권 상향 강원도 추이 지자체 판단 관련 기사 사령탑 마 저명 집단 감염 정부 수도권 사회 거리 두기 단계 격상 정부 위기 수도권 거리 두기 단계 격상 모 백신 상 간결 예방 관광업 임시직 임금 감소 상용 직 배 사태 기업 신용등급 경제 대신 연설 바이든 겨울 다 일본 차 유행 주일 증가 바이든 정권 이양 촉구 안 사람 예방 효과 일반 냉장고 보관 모 백신 기대감 확산 종합 정 총리 수도권 사회 거리 두기 단계 격상 시민 일상 불편 소상 공인 부담 결단 위기 경험 당부 정부 감염증 확산 속 시 기해 수도권 사회 거리 두기 단계 단계 단계 격상 한국경제신문 이번 단계 격상 제외 지역 긴장 우리나라 생활 오늘 확진 안심 현실 설명 총리 일상 균형 위기 경각심 때 수칙 준수 위기 극복 힘 강조 뉴스룸,1
18,뉴스 다음 달 대학수학능력시험 교육 당국 학원 교습소 상대로 특별 기간 운영 확진 판정 수험 병상 시험 실 제공 예정 이다 일 교육부 내용 학년 수능 집중 안전 관리 방안 중앙재난안전대책본부 보고 교육부 다음 달 수능 특별 기간 학원 교습소 스터디 카페 관리 집중 점검 기간 학원 교습소 직원 교육부 건강 상태 자가 진단 사용 학원 감염 발생 경우 해당 학원 명칭 감염 경로 교육부 홈페이지 공개 수능 전 학원 교습소 대면 수업 확진 판정 수험 명분 병상 시험 실 제공 교육부 전국 거점 병원 생활 치료 센터 수능 수험 확보 확진 판정 수험 수능 전 해당 시설 배정 퇴원 예정일 바탕 실제 응시자 최종 확정 추후 감염병 확산 규모 병상 추가 확보 계획 관련 기사 백신 개발사 내년 겨울 일상 복귀 가능 철원 확진 하루 김 장한 주민 감염 주말 확진 강원 사회 거리 두기 격상 신규 확진 누적 육박 업계 위 하나투어 내년 전원 무급 휴직 수도권 강원 사회 거리 두기 단계 임박 예고 성북구 고려대 아이스하키 동아리 관련 확진 정부 독감 동시 대비 다임 영지 신임 의료기관평가인증원 장 인증 의료 기관 의료 곳 집회 전국 감염 불 가격 리자 수험 시험 지구 별도 가격 리자 시험장 운영 시험장 시험 실 마련 예정 가격 리자 수험 수능 당일 자차 이동 원칙 경우 정부 구급차 지원 방침 확진 격리 수험 감독관 수능 종료 후 진단 검사 교육부 수능 이후 시행 논술 면접 대학 고사 감염병 예방 안전 특별 기간 운영 수능 후 안전 특별 기간 다음 달 방 노래 연습 장영 화상 영관 안전 관리 강화 방침 이다 유은혜 부총리 교육부 장관 이날 브리핑 수능 전 수험 감염 위험 최소 조치 이행 수능 이후 대학 평가 국민 수칙 지속 준수 안전 수능 안전 대입 전형 동참 부탁 당부 등교 고교 증가 추세 교육 당국 긴장 수능 주도 남지 상황 확진 자와 접촉 격리 의심 증상 등교 중지 교생 이달 하루 평균 파악 교육부 이달 보건 당국 자가 격리 통보 학교 교생 하루 평균 발생 지난달 평균 대비 배 이상 증가 이다 배 태웅,1
19,강남구 보건소 선별 진료소 시민 검사 외신 한국 신종 감염증 확진 급증 주목 통신 대한민국 신규 확진 하루 최대 증가 제목 기사 전날 우리나라 신규 확진 국내 확진 발생 이후 규모 통신 신규 확진 대부분 인구 밀도 수도권 발생 병원 식당 사우나 학교 군부대 곳 감염 급속도 확산 관련 기사 인도 일반 냉장 보관 백신 개발 나선 다 유행 병상 부족 불 수도권 중환자 병상 남 아문 대통령 비상 상황 특단 대책 확산 저지 확진 역대 최다 사실 봉쇄 단계 임박 사망자 대전 전사자 육박 뉴욕 실내 식당 영업 금 지자 가격 리자 급증 관리 구멍 주일 구청 전화 없어 확산 머리 국민 절반 이후 실직 임금 코스 피 최고 경신 안착 부양책 투심 견인 해외 주식 경기 회복 기대 주가 반영 경고 정부 사회 거리 두기 완화 비판 태도 통신 대한민국 정부 실내 시간 날씨 바이러스 급증 전문가 경고 사회 거리 두기 완화 최근 확진 속출 거리 두기 강화 지적 검사 비용 건강보험 지원 검사 역학 조사 군인 경찰 공무원 여 배치 정부 발표 다 로이터 통신 처음 확진 발생 뒤 이날 확진 발생 내용 긴급 뉴스 보도 블룸버그 통신 우리나라 신규 확진 급증 소식 관련 뉴스 보도 동시 미국 멕시코 화이자 바이오 엔 테크 백신 긴급 사용 승인 캐나다 다음 백신 예방 접종 시작 고은 빛,1
20,문재인 대통령 청와대 여 민관 수석 보좌관 회의 모두 발언 청와대 기자단 속보 문 대통령 비상 상황 총력 대응 관련 기사 속보 문 대통령 안정 송구 면목 하루 신규 확진 강서구 교회 규모 집단 감염 안철수 공공 임대 발언 논란 은 퇴임 후 사저 속보 트럼프 시간 미국 백신 접종 사망 김기덕 라트비아 현지 화장 문 대통령 이낙연 오늘 회동 공수 처 현안 논의 속보 미국 화이자 백신 긴급 사용 승인 서울 확진 역대 최악 속보 멕시코 화이자 백신 사용 긴급 승인 속보 포천 내촌면 종교 시설 확진 전 조사 진행 조준 혁,1
21,정부 신종 감염증 확산 전국 거리 두기 대응 수준 국민 이동 제자리걸음 확인 피로감 강도 대책 이상 의미 연일 확진 최 고치 수도권 병상 포화 상태 당국 공공 병원 병상 추가 가동 거리 두기 격상 이동 중앙재난안전대책본부 일 전국 이동 텔레콤 기준 건과 전인 건과 수준 정부 수도권 거리 두기 단계 수도권 지역 단계 시행 수도권 대형 마트 저녁 이후 문 강도 조치 지난달 주간 수도권 거리 두기 단계 시행 확진 결단 이동 이상 수도권 지역 이동 단계 시행 윤태호 중앙 사고 수습 본부 총괄 반장 수도권 지역 사회 감염 곳곳 산재 거리 두기 단계 효과 제한 이동 감소 정체 양상 관련 기사 백신 안 긴급 사용 승인 연계 소문 관객 시대 페스티벌 대선 불복 트럼프 경제 성적 조 길 뉴욕 에선 소파 압도 디스플레이 보니 배 성수 다다 선 게임 마인크래프트 접목 인천 이색 마 이스 래 마케팅 오늘 내일 육박 신규 확진 연일 여행 장려 여전 수도권 확산 내일 확진 최소 전망 김기덕 감독 유럽 사망 김기덕 감독 라트비아 사망 종합 의료 거리 두기 마지막 단계 단계 조치 시행 주장 필수 시설 사실 경제 활동 셧다운 조치 윤 반장 확산 단계 상향 조정 방법 사회 경제 피해 마지막 기회 정부 공공 병상 추가 확보 환자 겨울 유행 이후 연일 최 고치 확진 일명 이후 수다 집단 감염 하루 검사 건수 서울 역대 최대 다 국내 의료 기관 생활 치료 센터 치료 환자 유행 이후 중환자 입원 병상 전국 수도권 남지 전국 입원 병상 기준 수도권 생활 치료 센터 전국 수도권 추가 입소 확진 고려 부족 수준 최대 집 대한의사협회 장 긴급 기자회견 의료 체계 붕괴 전용 병원 코 호 병원 지정 수도권 운영 당국 국립중앙의료원 국민건강보험공단 일산 병원 수도권 공공 병원 병상 여 추가 확보 생활 치료 센터 서울 곳 경기 인천 곳 곳 추가 입소 인원 다음 주 중수 본 운영 여 규모 생활 치료 센터 추가 계획 역학 조사 군인 경찰 공무원 수도권 추가 파견 경기 지역 민간 병원 정부 산하 공공 병원 전담 병원 지정 병원 전체 병동 방안 논의 이다 이지현,1
22,여파 서울 강남역 변 임 대물 상점 김영우 신종 바이러스 감염증 유행 정부 수도권 사회 거리 두기 단계 현행 단계 단계 상향 관련 자영업자 집합 금지 업종 선정 기준 불만 온라인 탁상 신조어 킥복싱 운동 분류 시설 복싱 격투기 운동 시설 운영 게 대표 사례 관련 기사 유행 차 전문가 경고 이슈 매출 급감 우버 백신 접종 요구 모닝 브리핑 나스닥 사상 최고 확진 오늘 예상 바이러스 주입 백신 실험 타당성 검토 해경 유흥업소 방문 확진 해양 경찰관 수사 예정 타격 자영업자 대출금 임대료 정지 해 야 무궁화호 열차 승차권 내일 창가 좌석 판매 방촌 의료 봉사 노숙자 급식 중단 계층 세계 화이자 백신 접종 수출 증가 확산 중국산 수요 광고 수도권 핀셋 조치 단체 운동 킥복싱 에어로빅 운동 시설 집합 금지 반면 킥복싱 무에타이 복싱 밤 영업 샤워실 사용 금지 거리 두기 단계 수칙 운영 허용 지침 적용 질문 당국 속 답변 전국 골프 존 사업자 협동조합 입장 문 밀폐 공간 불특정 다수 출입 방 오락실 허용 반면 소수 인원 이용 스크린골프 장 영업정지 생계 지장 초래 반발 수도권 지역 사회 거리 두기 단계 연말 연장 연말 대목 카페 음식점 술집 업주 하소연 카페 경우 테이크아웃 포장 제한 유사 업종 브런치 카페 정상 운영 반발 청와대 국민 청원 게시판 전쟁 자영업자 일방 총알받이 제목 글 해당 청원 글 게시 하루 동의 하청 원인 규제 방향 이상 자영업자 희생 자영업자 돈 집합 금지 때 마이너스 자영업자 책임 이해 하청 원인 집합 금지 대출 원리금 임대료 각종 공과금 급 납부 기간 정지 주장 청 원인 대출 집 일보 직전 자영업 집합 금지 게 집합 금지 강조 명일,1
23,헬스 장 죄 냐 광주시 항의 방문 집단 감염 효율 이번 지침 수정 부탁 정부 사회 거리 두기 단계 적용 발표 가운데 시국 자영업자 불만 있다 진작 단계 확산 확진 증가세 경향 여행 쿠폰 발행 정부 여행 부추 기로 확산 대응 지적 관련 기사 나노 젠 베트남 백신 임상 상 시작 수도권 은행 시반 시반 다 가짜 뉴스 유포 검찰 송치 대학 전면 비대 시험 수리 모델 예측 해 보니 확진 하루 수도 내년 반도체 수출 환경 전지 바이오 헬스 약진 기대 포스트 시대 해외 시장 공략 키워드 연일 호주 중국 이제 진원지 호주 일 수도 속보 사흘 학생 명교 직원 신규 확진 신규 확진 경기도 헬스 장 운영 청와대 국민 청원 게시판 글 지금 지침 불공평 생각 협조 최선 이번 지침 납득 청원 글 저녁 운영 이번 지침 인해 저녁 사이 회원 불안 이건 지침 집단 감염 정책 주장 카페 빵 커피 안 복싱 장 운영 킥복싱 운영 말라 목욕탕 사우나 냉 탕 탕 이용 마스크 냉 탕 사우나 의미 지적 확산 방지 동참 이상 효율 정책 소상 공인 피눈물 파산 강조 광주 서구 상무지구 카페 사회 거리 두기 단계 좌석 이용 의자 테이블 위 대한민국 국민 생계 시간 동안 정부 진정 소상 공인 지침 폐업 소상 공인 조금 말 문 일부 업종 필수 업종 제외 업종 효과 목소리 청원 자영업자 경제 구조 너트 리 직종 통제 안 지적 회사 근무 재택근무 삼삼오오 식사 위험 통제 수도권 지방 전부 한번 통제 통제 수도권 발생 이상 탓 원망 자조 반응 카페 운영 청원 글 확진 증가 사회 거리 두기 단계 고통 감수 정책 시행 국민 납득 정책 공정 시행 눈물 안 정부 비판 근거 기준 카페 홀 영업 안 음식점 홀 영업 해도 머리 생각 기준 말 안 기준 라고 분통 업종 홀 영업 금지 카페 음식점 홀 영업 금지 간청 비판 카페 홀 영업 금지 프랜차이즈 패스트푸드 매장 고객 인산인해 지적 네티즌 출퇴근 만원 지하철 버스 안 봄 확진 헬스 장 학원 가나 이쯤 사람 통제 민족 이다 보니 말도 술집 학 원 헬스 장 전염 이후 학 원 헬스 장 전 셧다운 특정 업종 문 노래방 헬스 장 음식점 사람 글 글 게 노래방 헬스 장 인가 식당 마스크 운동 사람 물 때 노출 반응,1
24,당국 마스크 착용 신종 감염증 집단 감염 사례 공개 중앙 대책 본부 방 대본 온라인 정례 브리핑 수칙 준수 모범 사례 경기 수원 교회 소개 다방 대본 감염 교인 바이러스 전파 기간 차례 교회 방문 교회 교인 여명 전수 조사 결과 추가 감염자 명도 관련 기사 속보 도쿄 신규 확진 하루 최다 기록 당국 거리 두기 효과 확산 이 이낙연 치료제 연내 조건부 사용 승인 신청 중국 이달 백신 출시 승인 예정 속보 서울 중구 콜 센터 관련 누적 확진 속보 서울 영등포구 부동산 업체 관련 누적 확진 속보 종로구 음식점 관련 확진 탁구 장 집단 감염 요양 시설 곳 확진 종합 속보 환자 성북구 뮤지컬 연습장 관련 감염 서울 확진 명당 역학 조사 결과 확진 예배 마스크 착용 시각 예배 참석 교인 마스크 확인 임숙영 방 대본 상황 총괄 단장 사례 소개 내일 종교 행사 감염 확산 고려 종교 행사 대면 전환 당부 증상 발현 전 감염력 최대한 검사 발병 초기 전파 감기 호흡기 증상 선별 진료소 방문 검사 요청 다 이미경,1
25,오후 서울 명동 거리 모습 신종 감염증 대학수학능력시험 날 시험 수험 명동 거리 풍경 뉴스 신종 감염증 확진 기준 기록 정부 유행 흐름 추가 대책 다 중앙재난안전대책본부 내달 연말연시 특별 기간 지정 활동 시설 구체 수칙 마련 이번 조치 연말연시 예정 각종 행사 비대 진행 권고 절기 이용객 증가 예상 스키장 검사 실시 다비 대면 행사 외식 할인 지원 검토 윤태호 보건 복지부 중앙 사고 수습 본부 총괄 반장 이날 중앙재난안전대책본부 정례 브리핑 연말연시 모임 행사 예상 연말연시 특별 대책 수립 준비 말 대본 개별 친목 모임 온라인 메시지 대신 해 맞이 행사 각종 축제 대면 진행 경우 사전 예약 인원 제한 방안 마련 관련 기사 만혼 확산 영향 워킹맘 취업자 집회 금지 방침 강행 민주노총 시위대 현장 체포 중국 공장 가동 미세먼지 확진 민노총 집회 강행 실패 책임 전가 말라 전 세계 사망자 초당 사망 속보 서울 종로구 파고다 타운 집단 감염 환기 충분 마스크 착용 미흡 미 증시 중국 기업 퇴출 데시 장 전망 은 독점 리포트 속보 유은혜 자가 격리 수험 별도 시험장 대학 전형 응시 백신 증상 임상 참여자 오한 발열 속보 충주 자가 격리 확진 누적 크리스마스 시기 진행 종교 행사 대면 개최 호텔 숙박 시설 주관 파티 행사 자제 권고 축제 개최 경우 사전 예약 차량 이 동형 드라이브 스루 축제 장 관람 행사 출입 인원 관리 방안 마련 대본 비대 외식 활성 외식 할인 지원 방안 계획 윤태호 보건 복지부 중앙 사고 수습 본부 총괄 반장 교통수단 여행지 관리도 강화 철도 승차권 창가 좌석 판매 그때그때 상황 판매 비율 제한 두기 사회 거리 두기 단계 격상 경우 전체 좌석 이내 예 매 제한 다 고속도로 휴게소 테이블 위 설치 주기 소독 환기 시행 스키장 눈썰매장 스케이트장 겨울철 방문객 시설 일반 관리 시설 지정 관리 강화 여행지 방문 자제 점검 확대 중대 본 전국 감염 확산 억제 지역 여행지 방문 자제 강조 연말연시 특별 기간 패밀리 레스토랑 대형 음식점 번화가 유흥 시설 놀이공원 영화관 실내 체육 시설 점검 예정 이다 윤태호 총괄 반장 수도권 유행 확산 양상 위기 상황 일상 수칙 당부 학년 대학수학능력시험 실시 오전 대전 교육청 지구 시험장 마련 수험 시험 시작 뉴스 수능 이후 수험 경각심 완화 대학 고사 대비 관리도 이어 간다 방침 예정 대학 평가 집중 관리 기간 학사 운영 대면 권고 학원 대학가 주변 음식점 수험 학부모 밀집 예상 시설 관리도 강화 수능 수험 대상 다중 이용 시설 각종 이벤트 행사 자제 생활 지도 실시 방침 학생 안전 특별 기간 정해 청소년 출입 시설 학원 합동 점검 학생 관리 계 활동 예정 이다 윤태호 총괄 반장 수험 학부모 노력 수능 시험 문제 마무리 예정 대입 전형 기간 주의 당부 주말 각종 종교 활동 약속 모임 최소 취소 해주시 당부 다 김수현,1
26,카페 얘기 밥 커피 대책 소용 카페 주인 조모 형평 성도 실효 카페 대책 시민 김 모 정부 시 기점 수도권 시행 사회 거리 두기 단계 조치 카페 매장 이용 포장 테이크아웃 허용 밀집 완화 감염 확산 환경 문제 다음 카페 발길 곳 풍선효과 밀집도 환경 조성 이다 대표 게 패스트푸드점 카페 공부 카 공족 패스트푸드점 곳곳 기본 수칙 위험천만 상황 서울 마포 홍대입구역 인근 패스트푸드점 시민 커피 음료 섭취 시간 수도권 사회 거리 두기 단계 격상 프랜차이즈 형 카페 동네 규모 매장 카페 영업시간 포장 배달 반면 맥도날드 버거킹 패스트푸드점 커피 영업 제한 기준 카페 운영 자영업자 사이 불만 김수현 카페 운영 자영업자 사이에서 가게 고민 버티고 대책 효과 성토 당국 일반 카페 브런치 카페 허용 이해 방침 다 신종 감염증 신규 확진 연일 상황 대책 관성 실효 졸속 대책 탁상 행정 비판 카페 패스트푸드점 발길 오후 시경 서울 홍대입구역 인근 패스트푸드점 사람 점심 식사 시간 때 테이블 만석 테이블 사이사이 거리 두기 스티커 정도 서울 마포 홍대입구역 인근 패스트푸드점 시민 커피 음료 섭취 시간 수도권 사회 거리 두기 단계 격상 프랜차이즈 형 카페 동네 규모 매장 카페 영업시간 포장 배달 반면 맥도날드 버거킹 패스트푸드점 커피 영업 제한 기준 카페 운영 자영업자 사이 불만 김수현 평소 카페 모습 패스트푸드점 창가 테이블 카 공족 차지 노트북 중간 중간 무리 팀 과제 스터디 모습 포착 매장 발길 시민 모습 관련 기사 연관 장성 상무대 군인 가족 검사 검토 비상 연천 신교 대장성 상무대 추가 확진 과잉 대응 체제 불안 우려 사장 최저임금 갈등 보복 신고 급증 거리 두기 단계 기준 충족 격상 달라 지나 서울 하루만 확진 운동 시설 집단 감염 여파 하이 닉스 중국 공장 파견 직원 귀국 후 확진 공장 중단 연계 소문 그래미 후보 빅 히트 다음 단계 규모 재난 지원금 추진 소상 공인 집중 지원 코스 피 최고 랠리 지금 종목 은주 전망 취업 준비 임 모 카페 노트북 스터디 조원 과제 스터디 카페 대화 회의 곳도 과제 곳도 프리랜서 김 모 카페 불편 직업 특성 카페 사람 일 경우 사람 감염 위험 대책 의미 말 수칙 준수 상황 계속 방문자 절반 마스크 제지 사람 매장 층 아르바이트 쓰레기 정리 테이블 거리 두기 마스크 요청 경우 서울 마포 홍대입구역 인근 패스트푸드점 시민 커피 음료 섭취 시간 수도권 사회 거리 두기 단계 격상 프랜차이즈 형 카페 동네 규모 매장 카페 영업시간 포장 배달 반면 맥도날드 버거킹 패스트푸드점 커피 영업 제한 기준 카페 운영 자영업자 사이 불만 김수현 사정 보니 커피 마스크 턱 얘기 음식 이후 마스크 휴대폰 영상 경우 여성 시간 화장 친구 셀프카메라 날씨 환기 소독 의심 취재진 시간 동안 출입문 창문 층 별도 환기 움직임 사람 북적 내부 환경 가게 생각 구멍 우려 시민 목소리 대학원 김 모 카페 마스크 얘기 환기 소독 손 패스트푸드점 브런치 카페 카페 게 의미 형평 자영업자 실효 대책 서울 마포 홍대입구역 인근 위치 대다수 카페 입구 할인 안내 게시 문 수도권 사회 거리 두기 단계 격상 프랜차이즈 형 카페 동네 규모 매장 카페 영업시간 포장 배달 카페 운영 소상 공인 매출 타격 김수현 할인 정적 얘기 반면 인근 연남동 카페 정적 카페 창문 곳곳 테이크아웃 할인 메뉴 할인 안내문 카페 주인 매출 자체 입 취재진 방문 카페 곳 절반 오늘 손님 대책 필요 이해 음료 판매 패스트푸드점 음식점 조치 게 다 테이블 규모 카페 운영 조모 밥 커피 말 형평 문제 카페 패스트푸드점 사람 반문 대책 필요 생각 조치 실효 의심 울상 가게 김 모 손님 답 원래 사람 곳 금지 이유 설명 임대료 달 가게 사람 보증금 호소 서울 마포 홍대입구역 인근 카페 외부 전경 수도권 사회 거리 두기 단계 격상 프랜차이즈 형 카페 동네 규모 매장 카페 영업시간 포장 배달 카페 운영 소상 공인 매출 타격 김수현 남편 카페 운영 김 모 졸속 대책 느낌 예고 단계 조치 순간 문 인건비 선택 극단 상황 토로 게 음식점 카페 인원 제한 거리 두기 강화 목소리 브런치 카페 지자체 혼란 도 이해 안 다방 역 당국 관성 운영 제한 지침 일반 카페 포장 배달 허용 조처 강화 음식 음료 브런치 카페 허용 동종 업계 종사자 갈등 당국 일반 카페 브런치 카페 구분 기준 단속 지자체 혼란 현실 반영 탁상 행정 지적 유다 서울 마포 홍대입구역 인근 브런치 카페 시민 커피 음료 섭취 시간 수도권 사회 거리 두기 단계 격상 일반 카페 영업시간 포장 배달 허용 음식 음료 브런치 카페 허용 카페 운영 자영업자 갈등 김수현 서울시 관계자 카페 업종 원래 식품위생법 일반 음식점 구분 중앙재난안전대책본부 중대 본 구분 단속 지시 지자체 현장 어려움 자치구 혼란 관계자 법 규정 업종 핵심 지침 중대 본 건의 카페 정의 정리 기준 이후 중대 본 추가 입장 서울시 자체 기준 정리 자치구 전달 전문가 관성 메시지 사회 혼란 효과 요인 지적 다 이혁 민 세브란스병원 진단 검사 의학 교수 식당 브런치 카페 일반 카페 얘기 마찬가지 위험성 차등 적용 필요 위험 차이 한쪽 경제 피해 정부 설명 효과 조치 의심 혼란 음식점 카페 위험도 평가 경우 거리 두기 환기 소독 조치 제시 본부 정책 방향 현실 반영 당국 지침 정책 말단 지침 게 사실 메시지 전달 역설 다 김수현,1
27,게 티 이미지 뱅크 일주일 방송가 쑥대밭 보조 출연자 확진 판정 출연자 드라마 참여 밀접 접촉 자 다수 발생 편의 드라마 촬영 현장 스톱 이상 확진 발생 밀접 접촉 자 음성 판정 한숨 제작 현장 진행 촬영 장 살얼음판 확진 촬영 중단 촬영 기간 제작비 부담 의미 턱스 세트장 공기 다 큰일 생각 일 밀접 접촉 자 음성 이유 드라마 제작 관계자 말 담당 작품 여럿 홍역 제작 게 위로 긴장 상태 분위기 현장 보조 출연자 정도 대응 드라마 보쌈 운명 확진 발생 시작 조선 구 마사 펜트하우스 허쉬 철인왕후 카카오 도시남녀 사랑 법 드라마 달 강 작품 확진 발생 확진 보조 출연자 관련 기사 연예 마켓 방탄소년단 세븐틴 공통점 연예 마켓 으뜸 팬 덤 비대 소통 대세 연예 마켓 구관 관 위기 의 연예 마켓 승리 양현석 리스크 엔터 승승장구 연예 마켓 하 이프 빌보드 홀린 블랙 핑크 국내 반응 연예 마켓 연예 마켓 하루 손해 셧다운 이후 드라마 연예 마켓 인 가치 한류 데뷔 전후 다 연예 마켓 방탄소년단 아이 랜드 연예 마켓 통령 도 티 광고 방송가 각각 작품 발생 확진 사람 보조 출연자 자신 스케줄 다수 작품 참여 보니 작품 이름 언급 설명 국내 드라마 시스템 보조 출연자 에이전시 촬영 현장 참여 개인 시스템 이다 보니 동선 접촉 밖 구조 보조 출연 자발 확진 일주일 상황 정리 대처 덕분 연극 짬뽕 출연 배우 확진 판정 사례 동선 체크 연결고리 보도 확진 사실 전 작품 제작 현장 밀접 접촉 분류 검사 진행 대응 익명 요구 관계자 확진 내용 공유 현장 시간 접촉 밀접 접촉 분류 당국 지침 밀접 접촉 음성 주간 자가 격리 모두 주의 귀띔 현장 관리 게 티 이미지 뱅크 촬영 최소한 필수 인력 참여 얼굴 등장 명단 작성 발열 체크 마스크 착용 확인 대상 배우 매니저 처음 시작 공포심 대두 올해 지금 느낌 그때 마스크 착용 정도 지금 공지 체온 체크 수준 말 최근 산후조리원 촬영 엄지원 종영 인터뷰 촬영 장 출입 명부 작성 체온 측정 최소 인원 스태프 촬영 세계 고통 상황 바람 제작비 부담 조심 확진 불안 상황 이유 셧다운 입 광고 시장 플랫폼 경쟁 제작비 마련 이전 지난해 고려 관련 예산 추가 촬영 경우 비용 부담 고위 관계자 넷플릭스 확산 염려 드라마 촬영 달 정도 때 작품 예산 정도 추가 말 방송가 촬영 변동 제작 기간 평균 예산 말 김소연 기사 제보 보도자료,1
28,미국 연방 대법원 신종 감염증 종교 활동 자유 보장 게 우선 판결 현지 시간 통신 미 연방 대법원 종교 행사 참석자 제한 뉴욕주 행정명령 가톨릭 정통파 유대교 제기 소송 행정명령 원고 승소 판결 뉴욕주 이유 레드 존 위험 구역 종교 행사 인원 제한 레드 존 위험도 단계 오렌지 존 제한 관련 기사 내일 예상 오후 신규 확진 종합 속보 정자 학생 확진 교직원 학생 진단 검사 서초 그랑 자이 공사 현장 건설 직원 확진 성남 정자 학생 확진 교직원 학생 진단 검사 제주도 확진 방문 마사지 숍 공개 비판 속보 대전 청소 업체 추가 확진 연쇄 감염 조선 대학 지원 배제 교수 의도 차별 영국 아스트라 카 백신 평가 승인 다음 달 접종 속보 서울 오늘 오후 추가 확진 서울 오늘 오후 추가 확진 연방 법관 전염병 와중 헌법 종교 행사 참석 인원 규제 국민 종교 자유 보장 수정 헌법 제조 위반 이날 뉴욕주 종교 행사 참석 인원 제한 지역 슈퍼마켓 애견 용품 판매점 필수 사업장 지정 인원 제한 두지 지적 시설 강화 조치 적용 종교 자유 침해 설명 이다 이번 판결 법관 의견 로 통신 도널드 트럼프 대통령 최근 임명 보수 성향 에이미 코니 배럿 법관 이번 판결 결정 영향 보도 진보 성향 루스 베이 법관 재임 지난여름 캘리포니아 네바다 주의 사안 에선 대법원 로 조치 판결 이다 배럿 법관 법관 사망 자리 통신 배럿 법관 취임 대법원 분석 트럼프 대통령 이번 판결 글 트위터 추수감사절 글 다 앤드루 쿠오모 뉴욕주 지사 이날 판결 의미 법원 정치 의견 표시 비판 이번 판결 실질 효과 뉴욕주 경계 수위 인원 제한 자체 다선,1
29,신종 감염증 신규 확진 기준 기록 시민 서울 동작 구청 마련 선별 진료소 에소 검사 서서 신경 훈 국내 신종 감염증 확진 이틀 기록 겨울철 유행 이번 유행 유행 일상 속 유행 확산 거리 감염 차단 상황 일 예정 학년 대학수학능력시험 확산 전망 당국 긴장 있다 어제 신규 확진 명차 유행 수준 회귀 중앙 대책 본부 기준 국내 신규 확진 누적 집계 전날 이틀 연속 기록 이다 이틀 연속 이상 확진 대구경북 중심 유행 한창 이후 이다 특정 집단 시설 중심 고리 발생 유행 이번 유행 가족 지인 모임 직장 학원 사우나 종교 시설 일상 공간 확산 수도권 수도권 확진 확산 우려 제기 관련 기사 철도 노조 오늘 준법투쟁 열차 운행 일부 차질 예상 종교 활동 우선 보수 기운 대법원 신규 확진 이틀 연속 매우 아스트라 카 관련 주 무더기 급락 백신 효능 논란 정세균 확진 현실 수도 집 종합 코스 피 확산 우려 약세 이틀 연속 정부 한국 경제 트랙 위기 대응 미 유럽 브라질 입국 금지 철회 검토 중국 이란 입국 금지 전 장병 휴가 중지 집단 감염 확산 국방부 강수 책 마을 칼 문명 전염병 앞 무릎 이날 대구 제외 시도 확진 가운데 경남 충남 부산 전북 환자 발생 정부 감염병 전문가 지금 확산 하루 이상 확진 경고 있다 수도권 수도권 전국 이날 확진 규모 전날 일 비교 감소 전반 확진 속도 증가 추세 이달 일 신규 확진 명명 명명 명명 명명 명명 명명 명명 명명 명명 명명 명명 명명 명명 있다 신규 확진 감염 경로 지역 발생 해외 유입 최근 주일 일 상황 전체 신규 확진 하루 평균 발생 가운데 지역 발생 확진 전국 단계 기준 이상 더블 링 증가 있다 신규 확진 지역 서울 경기 인천 수도권 지역 발생 확진 전날 기록 전체 지역 발생 차지 감염 사례 서울 마포구 홍대 교회 관련 확진 전날 낮 발생 강서구 에어로빅 댄스 교습 학원 관련 누적 확진 밖 경기 연천군 군부대 누적 부산 울산 장구 강습 진주시 단체 연수 창원시 마산회원구 주점 군산시 지인 모임 사례 확진 수능 해외 유입 전날 대비 해외 유입 확진 전날 세계 유행 상황 증가 추세 주간 일별 명명 명명 명명 확진 가운데 공항 항만 입국 검역 과정 확인 나머지 경기 인천 강원 충북 전남 경남 지역 거주지 임시 생활 시설 자가 격리 양성 판정 사망자 전날 누적 국내 평균 치명 확진 이후 상태 위중 악화 위 중증 환자 전날 이다 확산 수능 주일 교육부 국민 호소문 발표 전국 입시 학원 점검 돌입 교육부 수능 기간 다음 달 학생 학원 교습소 등원 자제 학원 교습소 대면 교습 자제 권고 다 유은혜 사회 부총리 교육부 장관 전날 오전 정부서울청사 감염 차지 무증상 감염자 걱정 국민 모두 수험 학부모 마음 오늘 일주일 동안 일상 친목 활동 당부 아라,1
30,신종 감염증 신규 확진 기준 기록 시민 서울 동작 구청 마련 선별 진료소 에소 검사 서서 신경 훈 국내 신종 감염증 확산 예사 말 유행 국면 이상 급속 확산 강화 조처 정부 메시지 감염병 전문가 입 신규 확진 기준 집계 전날 육박 신규 확진 대구경북 중심 유행 발생 이후 이다 일 취재 종합 전문가 유행 핵심 요인 정부 거리 두기 완화 조치 지난달 기준 충족 사회 거리 두기 단계 단계 하향 조정 게 패 착 관련 기사 재난 심리 상담 대표 번호 전화 수능 코앞 학생 확진 곳 등교 속보 자가 진단 도구 이용한 국민 검사 현실 속보 당국 수능 수험 위 중증 환자 없어 속보 정부 거리 두기 격상 신중 필요시 조치 이 와중 해외 건설 수주 돌파 전년 속보 강화 거리 두기 효과 내주 유행 정점 수도 속보 경남 진주시 단체 연수 관련 누적 확진 속보 서울 서초구 사우나 관련 추가 확진 누적 속보 당국 유행 직면 감염 유행 추가 조치 작동 경우 신규 확진 전망 과정 시스템 붕괴 다수 병 증 환자 사망 사태 발발 경고 전문가 제라 정부 전국 사회 거리 두기 격상 선제 조치 메시지 전달 전반 체계 필요 조언 유행 종전 유행 양상 역설 기준 미 충족 단계 완화 패 착 의료 시스템 붕괴 우려 전문가 기준 충족 상태 거리 두기 단계 완화 게 문제 목소리 정부 지난달 당시 주간 일평균 지역 발생 신규 확진 단계 완화 기준 미만 충족 완화 결정 다 이혁 민 세브란스병원 진단 검사 의학 교수 국내 확산 시기 이달 전 사회 거리 두기 완화 시기 잠복기 확진 시기 정도 감안 사회 거리 두기 완화 조치 영향 고려 당시 정부 유행 확산 유행 수준 상태 경제 요인 고려 거리 두기 완화 적용 기간 적용 기준 조치 정도 상태 지속 유행 핵심 원인 지적 천 은미 이화여대 목동병원 호흡기 내과 교수 단계 완화 조치 계절 요인 해외 사례 감안 결과 모임 연말 겨울 대책 여름 가을 단계 말 신종 감염증 신규 확진 기준 기록 시민 서울 동작 구청 마련 선별 진료소 에소 검사 서서 신경 훈 추세 대로 라면 신규 확진 암울 예측 천 은미 교수 속도 절대 주 일본 사례 신규 확진 수준 돌파 집단 감염 발생 무증상 감염자 대다수 감안 상황 군대 항체 검사 수치 감안 정도 감염 설명 다 김우주 고대 구로병원 감염 내과 교수 이혁 민 교수 재생산 지수 지속 유지 의료 시스템 붕괴 문제 도달 우려 다 김우주 교수 현장 병상 의료진 부족 상황 환자 사망 피해 코앞 환자 치료 사망 사태 발생 고령자 사망 응급실 사망 수술 환자 사망 수도권 발생 주장 전문가 정부 지속 선제 조치 강조 핵심 이유 의료 시스템 붕괴 정부 다 이혁 민 교수 추세 병원 환자 증상 병 발견 입원 환자 관련 치사율 인해 병원 전체 감염 치료 자체 진행 상황 배제 진단 최근 노량진 학원 집단 감염 확진 급증 가운데 오전 서울 동작 구청 마련 선별 진료소 의료진 전국 거리 두기 단계 격상 필요 자신 전문가 제라 정부 전국 사회 거리 두기 격상 선제 조치 메시지 전달 체계 개선 필요 힘 말 천 은미 교수 오늘 전국 거리 두기 단계 격상 필요 수도권 내일 확진 추세 단계 유행 유행 당시 외국 봉쇄 조치 선제 단계 역설 해외 사례 자가 진단 키트 구입 방안 무증상 선제 검사 확진 생활 치료 시설 지자체 최대한 치료제 적극 이용 선제 검사 체계 도입 대응 체계 전반 의미 부연 다 김우주 교수 거리 두기 단계 이하 기준 전국 단위 거리 두기 단계 단계 개편 문제 통제 우 정부 메시지 주문 이혁 민 교수 메시지 정부 거리 두기 단계 소비 우선 무게 중심 과도 경제 오후 광주 북구 요양 시설 북구 보건소 의료진 신종 감염증 지역 사회 확산 방지 종사자 시설 이용자 대상 검 체 채취 광주 북구청 제공 과신 전문가 의견 귀 강조 다 김우주 교수 위험천만 상황 정부 국민 피로감 경제 고려 격상 태도 이상 자신 근거 정부 전문가 목소리 대응 체계 필요 힘 말 혁진 교수 전문가 식당 문제 지속 언급 게 정부 국가 제어 결과 사태 경제 욕심 순간 유럽 순식간 경고 천 은미 교수 정부 대책 마스크 거부감 메르스 경각심 효과 이제 확산 제지 유일한 방법 확진 진단 격리 당부 다 김수현,1
31,신종 감염증 확진 발생 울산시 중구 초등학교 학생 교사 대상 전수 검사 신종 감염증 신규 확진 발생 기록 국내 발생 신규 확진 증가 유행 당시 정점 유행 한창 이후 최근 주간 일평균 신규 확진 학교 학원 교회 요양 병원 사우나 유흥 주점 군부대 교도소 에어로빅 학원 각종 모임 고리 집단 감염 전국 곳곳 동시 다발 속출 확진 기하급수 기존 확진 동선 기반 추적 역학 조사 방식 한계 우려 신규 확진 이후 대일 오전 서울 강서구 보건소 선별 진료소 시민 신종 감염증 검사 차례 강서구 사흘 동안 관내 에어로빅 학원 관련 확진 중앙 대책 본부 기준 신규 확진 누적 전날 수치 다 신규 확진 일 이후 처음 수치 자체 일 이후 최다 기록 관련 기사 안성시 유흥 시설 종 영업 허용 번복 정부 지침 금지 수도권 유행 전국 확진 눈앞 경제 전문가 경고 이슈 재난 심리 상담 대표 번호 전화 수능 코앞 학생 확진 곳 등교 정부 하루 확진 지속 발생 속보 자가 진단 도구 이용한 국민 검사 현실 속보 당국 수능 수험 위 중증 환자 없어 속보 정부 거리 두기 격상 신중 필요시 조치 이 와중 해외 건설 수주 돌파 전년 이달 일 신규 확진 명명 명명 명명 명명 명명 명명 명명 명명 명명 명명 명명 명명 명명 확산 일 자릿수 사흘 이상 하루 제외 기록 이날 후반 폭증 신규 확진 가운데 지역 발생 해외 유입 지역 발생 유행 정점 일 지역 발생 유행 절정기 일 지역 발생 이후 최다 기록 이다 신규 확진 지역 서울 경기 인천 수도권 전체 확진 차지 수도권 신규 확진 엿새 연속 명명 명명 명명 이날 급증 수도권 이외 지역 경남 부산 충남 전북 광주 전남 강원 충북 울산 세종 경북 제주 대구 대전 감염 사례 동대문구 고등학교 마포구 홍대 교회 추가 양성 판정 누적 확진 가운데 동대문구 고등학교 관련 홍대 교회 관련 이다 서울 서초구 사우나 사우나 확진 강서구 소재 병원 관련 누적 확진 인천 연수구 유흥 주점 경기 용인시 키즈 카페 광주광역시 교도소 경남 진주 통장 주연 수명 부산 울산 장구 강습 감염자 속출 경기도 연천 육군 사단 신병교육대 최소 서울 강서구 에어로빅 학원 최소 집단 감염 사례 확진 추가 상황 이다 해외 유입 집계 국내 신종 감염증 신규 확진 기록 오전 서울 송파구 보건소 마련 선별 진료소 시민 검 체 검사 중앙 대책 본부 이날 기준 신규 확진 이중 지역 발생 해외 유입 신규 확진 기록 이후 처음 해외 유입 확진 집계 공항 항만 검역 과정 확인 나머지 입국 이후 지역 사회 격리 확진 내국인 외국인 이다 유입 추정 국가 필리핀 명명 우즈베키스탄 방글라데시 명명 인도 명명 인도네시아 명명 미얀마 명명 일본 폴란드 우크라이나 명명 스위스 영국 헝가리 덴마크 명명 미국 명명 캐나다 명명 잠비아 명명 가봉 명명 가나 괄호 안 외국인 환자 이다 사망자 추가 발생 지금 확진 사망자 비율 치명 격리 해제 확진 확진 격리 해제 비율 격리 치료 환자 가운데 위 중증 환자 전날 감소 확인 강 경주,1
32,오후 서울 강남구 대치동 주민 센터 앞 설치 선별 진료 서 관내 학원 강사 진단 검사 신종 감염증 사태 효과 방어 대처 국가 뉴질랜드 일본 대만 한국 위 이름 다 블룸버그 통신 일 현지 시간 달 동안 인구 당 확진 자수 사망률 진단 검사 양성 비율 종합 고려 뒤 자체 순위 이날 보도 기준 적용 경우 뉴질랜드 위 일본 위 대만 위 한국 위 통신 대처 국가 핀란드 노르웨이 호주 중국 덴마크 베트남 위 안 미국 위 관련 기사 수능 대치동 목동 출강 대입 학원 강사 확진 불안감 삼성전자 수원 사업장 확진 추가 사내 확산 속보 삼성전자 수원 사업장 직원 확진 현대차 증권 직원 확진 여의도 사옥 일부 러시아 항원 신속 진단 키트 만개 추가 공급 종합 신규 확진 이틀 연속 서울아산병원 의료진 추가 감염 나흘 새 확진 종근당 멕시코 나파 벨 치료제 임상 상 허가 셀트리온 항체 치료제 글로벌 상 투약 종료 분당 구청 공익 요원 확진 청사 폐쇄 여명 검사 뉴질랜드 신속 조치 효과 방어 전국 추가 확산 게 선정 이유 뉴질랜드 사망자 발생 정부 국경 뉴질랜드 관광 산업 의존도 국가 결정 선제 움직임 효과 추후 반면 일본 뉴질랜드 방식 접근 폐쇄 과거 결핵 환자 추적 자체 시스템 이용 확진 추적 사실 최근 일본 확진 겨울철 영향 확산 초기 인구 대비 중증 환자 비율 이다 대만 지난해 바이러스 출현 중국 국경 봉쇄 결과 동안 확진 국 신속 진단 검사 체계 추적 선방 평가 당국 국내 업체 자체 개발 진단 키트 승인 드라이브 스루 방식 검사 실시 초기 발 신용카드 기록 휴대폰 전파 추적 확진 동선 파악 공유 추가 감염자 방식 접근 다 김정은,1
33,수능 특별 기간 시작 하루 오전 경기도 수원시 고색고등학교 신종 감염증 예방 원격 수업 진행 학년 교실 비어 있다 뉴스 학년 대학수학능력시험 수능 앞 가운데 정부 오늘 일 수능 당일 신종 감염증 수능 기간 지정 기간 동안 학원 스터디 카페 방 노래방 수험 시설 강화 교육부 정부 이날 수능 당일 주간 수능 기간 운영 수능 기간 동안 교육부 시도 교육청 학원 교습소 지방 자치 단체 스터디 카페 대상 집중 점검 수험 학원 교습소 확진 발생 경우 학원 명칭 감염 경로 사유 교육부 홈페이지 한시 공개 관련 기사 확산 에 뉴욕 학교 대면 수업 중단 조치 바이오 엔 테크 중순 백신 승인 수도 도쿄 신규 확진 이틀 신기록 외식 장려 정책 오늘 주간 수능 특별 기간 확진 발생 학원 명단 공개 노을 연말 콘서트 취소 거리 두기 격상 전액 환불 공식 러시아 지역 바이러스 변종 발견 독일 베를린 통제 반대 규모 집회 물대포 대응 화이자 백신 임상 최종 결과 예방 효과 확산 이탈리아인 백신 다 일본 하루 신규 확진 돌파 유행 정부 방 노래 연습장 영화관 수험 시설 강화 수능 기간 교육부 질병 관리 청 수능 주관 한국교육과정평가원 공동 상황 반 운영 교육청 지역 보건소 현장 관리 반 구성 실시간 대응 체계 강화 예정 이다 이달 하루 평균 고등학생 자가 격리 등교 진단 등교 후 의심 증상 등교 월명 월명 수준 수험 등교 중단 규모 전체 고등학생 추이 추정 다 교육부 수능 전 전국 고등학교 원격 수업 전환 안내 일부 고등학교 원격 수업 전환 교육부 상황 악화 수능 예정 입장 수험 가격 리자 증가 마지막 수능 준비 계획 이다 김 기운,1
34,정부 신종 감염증 확산 속 수도권 사회 거리 두기 단계 단계 격상 정부 신종 감염증 확산 속 수도권 사회 거리 두기 단계 단계 격상 다 정세균 국무총리 이날 정부서울청사 주재 중앙 안전 재난 대책 본부 회의 위기 직면 최근 동안 수도권 하루 평균 확진 발생 정부 강원도 거리 두기 단계 방안 검토 강원 제외 수도권 상향 관련 기사 모 백신 상 간결 예방 관광업 임시직 임금 감소 상용 직 배 사태 기업 신용등급 경제 대신 연설 바이든 겨울 다 일본 차 유행 주일 증가 바이든 정권 이양 촉구 안 사람 예방 효과 일반 냉장고 보관 모 백신 기대감 확산 종합 모 백신 기대 여 행주 언 택 간밤 해외 황 오늘 정부 오전 수도권 강원 단계 확정 모 백신 효과 내달 접종 뉴스룸,1
35,유은혜 사회 부총리 교육부 장관 대응 현황 브리핑 발언 뉴스 정부 내달 일 예정 학년 대학수학능력시험 수능 원활 진행 수능 기간 운영 다 교육부 보건 복지부 증 전인 시험 당일 내달 수능 기간 운영 학원 스터디 카페 기준 강화 다 교육부 보건 복지부 내용 학년 수능 집중 안전 관리 방안 발표 수능 기간 동안 교육부 교육청 학원 교습소 지방 자치 단체 스터디 카페 점검 집중 추진 관련 기사 하루 확진 최다 바이든 조치 능 후 일상 속 연쇄 감염 위기 상황 거리 두기 협력 호소 속보 확진 수험 응시 병원 곳 격리 시험 실 곳 확보 속보 수능 특별 기간 학원 대면 교습 자제 수능 때 플라스틱 칸막이 재사용 재활용 한 다 강원 사회 거리 두기 격상 초읽기 하루 확진 송년회 래 선 만나 요 종합 정 총리 거리 두기 격상 검토 수도권 강원 예비 경보 속보 정 총리 거리 두기 격상 검토 수도권 예비 경보 민주노총 집회 국민 위협 행위 저번 차 벽 기간 수험 학원 신종 감염증 전파 발생 학원 명칭 감염 경로 공개 수능 전 학원 교습소 대면 교습 자제 수험 이용 자제 권고 정부 수험 게임 제공 업소 노래 연습장 영화관 관리도 강화 수험 수험 가족 의심 증상 발현 선별 진료소 방문 검사 다중 이용 시설 밀폐 밀집 밀접 시설 이용 금지 한편 모임 친척 왕래 자제 당부 유증 상자 가격 리자 확진 수험 응시 기회 부여 정부 일반 시험장 일반 수험 일반 시험 실 유증 상자 별도 시험 실 가격 리자 별도 시험장 확진 병원 생활 치료 센터 시험 실 운영 서울 성북구 학원 수험 수업 뉴스 확진 수험 시험장 시도 거점 병원 생활 치료 센터 활용 기준 여 병상 확보 확진 판정 수험 수능 전인 시험장 활용 병원 생활 치료 센터 이송 자가 격리 수험 별도 시험장 시험 지구 시험장 시험 실 확보 설치 정부 확산 추이 점검 확진 수험 증가 경우 추가 병원 생활 치료 센터 섭외 방침 이다 한편 교육부 이날 수능 이후 학사 운영 지원 계획 발표 교육부 수능 이후 학교 밀집 최소 조처 준수 학교 자체 계획 등교 원격 수업 수능 이후 수험 활동 범위 확대 대학 평가 이동 증가 확산 내달 학생 안전 기간 지정 기간 학생 이용 예상 각종 시설 대상 감염병 예방 관리 지도 순찰 강화 다 뉴스룸,1
36,오후 서울 영등포구 여의도공원 앞 전국 노동자 대회 전국민주노동조합총연맹 민주노총 오후 전국 곳곳 전태일 열사 정신 계승 전국 노동자 대회 개최 가운데 당국 해당 집회 인해 신종 감염증 이 전국 확산 우려 다 임숙영 중앙 대책 본부 상황 총괄 단장 이날 온라인 정례 브리핑 주말 규모 집회 계획 지역 사회 산발 감염 상황 집회 전국 확산 기폭제 경고 임숙영 단장 당국 수칙 위반 확진 다수 발생 우려 상황 대처 방침 집회 주최자 집회 종료 집회 참가자 안전 집 귀가 당부 관련 기사 유시민 광화문 차 벽 정당 주장 에 진중권 사기 마라 모독 말라 윤희 숙 반격 진중권 되치기 전태일 공방 가열 속보 독감 백신 접종 후 사망 신고 누적 명명 인과 유승민 민노총 재인 산성 확진 돌파 경고 에도 민주노총 집회 강행 종합 속 보 주 전국 일평균 신규 확진 거리 두기 격상 근접 속보 국내 그룹 우세 건중 그룹 속보 경남 사천시 부부 관련 추가 확진 누적 속보 전남 순천시 은행 관련 추가 확진 누적 속보 전남 광양시 기업 관련 추가 확진 누적 집회 경우 다수 밀집 구호 특성 침 방울 말 감염 전파 위험 집회 참가자 특정 신속 역학 조사 어려움 요인 실제 광복절 서울 도심 집회 관련 확진 오후 서울 영등포구 여의도공원 앞 전국 노동자 대회 정부 사회 거리 두기 단계 집회 참석 인원 제한 강화 수칙 적용 지금 단계 상황 집회 참석 인원 인 이상일 경우 지방 자치 단체 협의 마스크 착용 핵심 수칙 의무 수칙 위반 참석자 인당 최대 만원 집회 주최 최대 만원 과태료 부과 있다 중앙 사고 수습 본부 전날 주말 집회 계기 확산 집회 자제 최소 요청 있다 김수현,1
37,속보 당국 유행 최다 신규 확진 발생 송구 관련 기사 속보 울산 남구 중학교 관련 누적 확진 어 현대차 울산 공장 야간 생산 중단 여파 속보 서울 종로구 음식점 노래 교실 누적 확진 속보 정 총리 중대 본 상황 관리 대응 체제 최고 수준 가동 속보 정 총리 최대 위기 매우 긴박 비상 상황 속보 정 총리 확산 단계 격상 속보 문 대통령 비상 상황 총력 대응 속보 문 대통령 안정 송구 면목 속보 트럼프 시간 미국 백신 접종 속보 미국 화이자 백신 긴급 사용 승인 조준 혁,1
38,문재인 대통령 지난달 오후 가격 리자 수험 별도 시험장 준비 서울 오산고등학교 방문 수능 준비 상황 점검 청와대 기자단 문재인 대통령 신종 감염증 하루 확진 기록 관련 정부 국민 불편 경제 피해 감수 강화 조치 상황 안정 마음 입장 대통령 이날 오후 자신 페이스북 사회 거리 두기 단계 격상 확산 사력 전국 곳곳 일상 공간 감염 전파 수도권 하루 확진 상황 관련 기사 문 대통령 안정 송구 심기일전 속보 문 대통령 비상 상황 총력 대응 속보 문 대통령 안정 송구 면목 서울 하루 신규 확진 강서구 교회 규모 집단 감염 안철수 공공 임대 발언 논란 은 퇴임 후 사저 로코 로나 사망 김기덕 라트비아 현지 화장 문 대통령 이낙연 오늘 회동 공수 처 현안 논의 서울 확진 역대 최악 방위 확산 신규 확진 국내 유행 후 최다 종합 속보 신규 확진 국내 유행 시작 후 최다 문 대통령 비상 상황 불안 걱정 국민 생각 면목 심정 정부 심기일전 각오 특단 대책 확산 저지 강조 서울 중랑구 보건소 선별 진료소 시민 신종 감염증 검사 이동 다음 문재인 대통령 페이스북 글 전문 국내 유입 이후 하루 확진 최대 기록 사회 거리 두기 단계 격상 확산 사력 전국 곳곳 일상 공간 감염 전파 수도권 하루 확진 상황 비상 상황 정부 국민 불편 경제 피해 감수 강화 조치 상황 안정 마음 불안 걱정 국민 생각 면목 심정 입 니다 정부 심기일전 각오 특단 대책 확산 저지 비상 상황 인식 단시간 집중 행정력 동원 총력 대응 감염자 신속 극복 길 군 경찰 공무원 공중 보건의 긴급 투입 역학 조사 역량 강화 검사 타액 검사 방법 확대 신속 항원 검사 활용 진단 검사 속도 다음 주 월요일 서울역 대학가 이동 지역 곳 임시 선별 진료소 설치 조금 염려 검사 드라이브 스루 워크 검사 방식 대대적 검사 확진 집중 감염자 전파 확산 차단 선제 조치 일시 확진 상황 길 국민 조치 이해 힘 확진 중환자 병상 확보 비상 정부 치료 곳 국민 생명 위협 일 최선 전담 병원 긴급 지정 이상 병상 확보 조치 당장 이상 환자 추가 수용 생활 치료 센터 확보 환자 대기 시간 단축 부족 의료 인력 문제 다행 민간 의료 기관 적극 협조 의대 진료 지원 감사 합 니다 백신 치료제 마지막 고비 당국 의료진 헌신 국민 경각심 협조 지금 비상 상황 힘 거리 두기 수칙 준수 확산 고리 일상 차단 노력 정부 국민 특단 조치 집중 시행 지금 위기 극복 최선 어려움 극복 지금 고비 슬기 의심 조준 혁,1
39,기사 내용 게 티 이미지 뱅크 관객 신종 감염증 팬데믹 위기 세계 각국 무대 팝 시장 팬 대면 불가 온라인 연결 활로 모색 완벽 대체재 비대 시대 택 뜻 외부 연결 의미 을 개념 뉴 노멀 팝 성과 방탄소년단 한국 가수 최초 미국 빌보드 메인 차트 핫 과 빌보드 위 석권 영어 곡 한국어 가사 곡 정상 가치 위 이상 값 그룹 블랙 핑크 도 호성적 해외 활약 이달 소녀 트레 투모로우 이 투게더 에 스파 대형 루키 빌보드 차트 진입 성장세 때 축포 팬데믹 와중 국내 축제 상황 고려 조심 모두 상황 소식 기분 사실 마음 때 때 진심 합 니다 방탄소년단 리더 시상식 무대 수상 소감 이다 올해 음악 시상식 스타트 팬데믹 상황 속 페스티벌 기쁨 아픔 공존 상황 시상식 위로 연결 의미 음악 교류 초점 업계 시상식 개최 취소 방식 전환 고려 관중 아티스트 스태프 접촉 최소 방법 고안 사전 녹화 적극 활용 상황 콘셉트 강화 비대 진행 방식 적용 콘텐츠 전략 비대 최적화 허 전함 소화 카카오 제공 멜론 뮤직 어 워드 일 콘텐츠 공개 준비 마지막 날 메인 시상식 공연 대미 장식 온라인 시상식 관람 특성 프로세스 자체 콘텐츠 강점 멜론 데이터 활용 웹 예능 돋보기 정세운 다 플리 음악 이야기 라이브 데이 식스 장범준 타 룸 라이브 박 문치 시티 뮤직 투어 다모 임 파티 스테이지 콘셉트 가미 콘텐츠 전략 손바닥 위 화면 모바일 시도 멜론 시상식 다시 보기 영상 제공 정주 표현 일간 다수 콘텐츠 특성 플랫폼 장르 다양성 추구 인상 팝 밴드 트로트 힙합 무대 얼터너티브 퓨전 밴드 이날치 시상 대상 포함 부문 장르 코러스 드럼 기타 베이스 반신 디 포함 세션 신설 의미 관련 기사 거리 두기 단계 조치 코앞 일상 달라 지나 필리버스터 오늘 오후 속개 체면 자랑 때 확진 정세균 확산 단계 격상 종합 속보 울산 남구 중학교 관련 누적 확진 속보 정 총리 확산 단계 격상 문 대통령 비상 상황 행정력 동원 전문 문 대통령 안정 송구 심기일전 속보 문 대통령 비상 상황 총력 대응 속보 문 대통령 안정 송구 면목 인상 유행 상황 공연 시상 사전 녹화 진행 아티스트 스태프 인원 밀집 의도 반영 인해 시상식 개최 확진 판정 이찬원 모습 시상식 이후 가수 검사 상황 타격 행사 동안 진행 마지막 메인 시상식 집중도 이다 시 상자 화면 수상자 공개 공연 과정 출연 팀 팀 내외로 밖 아티스트 배우 사전 인터뷰 영상 페스티벌 분위기 무리 온라인 공연 핵심 증강현실 기술 일부 아티스트 무대 적용 기존 온라인 콘서트 음악 팬 게 테크니컬 효과 연출 아쉬움 임영웅 무대 사운드 이어폰 헤드셋 서 라운드 보컬 집중 놀라움 기술력 집약 공연 최상 반쪽 비대 위험 제공 이번 압도 스케일 추구 사전 녹화 공연 무대 현장 진행 시상 행사 시간 동안 기술력 기획력 대부분 무대 확장 현실 첨단 기술 가미 실사 기반 입체 영상 신기술 류 메트릭 방탄소년단 무대 건강 상 이유 불참 슈가 소환 이번 에 전용 카메라 동원 아티스트 특성 구성 연출 그래픽 효과 무대 장관 화면 현장감 온라인 공연 이상 몰입 기술력 무대 기획력 인상 뉴 토피아 타이틀 아래 세계인 연결 강조 아티스트 단독 무대 제시 화사 오마이걸 여자 아이들 컬 래 버 레이 션 무대 예능 프로그램 킹덤 출연 예고 퍼포먼스 비티 투모로우 이 투게더 커버 무대 즐거움 올해 데뷔 보아 준비 후배 여성 아티스트 트리뷰트 무대 감동 시상식 이후 잡음 계속 사실 시상 현장 진행 반쪽 비대 행사 지적 시상식 현장 다수 상자 최고 인기 구가 팝 팀 참석 이후 가수 청하 확진 소식 도 긴장 참석자 접촉 트와이스 사나 시상식 출연 이후 검사 연쇄 감염 우려 사나 검사 결과 때 업계 관계자 긴장 결과 음성 상황 속 대면 시상식 우려 상태 다이 밖 수칙 준수 가수 차량 대기 차별 논란 가수 시상 배우 대기 공간 케이 링 제공 게 논란 수칙 근거 대기 공간 한계 인해 출연진 수용 입장 상황 현장 진행 비판 다수 출연진 초대 무리 컨디션 지적 의 고질병 상 인해 시상 부문 여개 차이 정도 경계 상 상당 대기 공간 팝 팀 무대 무대 위 진행 요원 시상 때 해당 공간 소독 안전 우려 공연 손색 반쪽 대면 허점 목소리 유다 김수영 기사 제보 보도자료,1
40,검사 시민 서울 강남구 보건소 선별 진료소 앞 강 하루 동안 수도권 확인 신종 감염증 확진 전체 신규 환자 수도권 집중 의료 자원 포화 상태 지난달 거리 두기 단계 시행 주가 효과 정부 서울역 주간 검사 선별 진료소 열기 수도권 전파 국내 검사 확대 정은 경 질병 관리 청장 문재인 대통령 주재 수도권 상황 긴급 점검 회의 수도권 진단 검사 확대 계획 발표 정 청장 영상 참여 이날 회의 층 대학가 여 지역 임시 선별 진료소 설치 주간 집중 검사 기간 운영 휴대폰 번호 제공 익명 검사 계획 확진 사생활 노출 이익 검사 사람 배려 조치 코 입속 면봉 검 체 채취 기존 검사법 침 검사 타액 검사 현장 결과 신속 항원 검사 활용 검사법 선택 있다 이재명 경기 지사 박남춘 인천 시장 광범위 검사 요청 지사 특정 지역 선별 집중 전원 검사 방식 도입 지방 정부 차원 판단 광범위 검사 허용 정부 건의 박 시장 긴급 전수 검사 때 사전 협의 절차 정부 주문 관련 기사 양준혁 박현선 결혼식 연기 야구 방망이 담장 밖 백신 최초 접종 영국 하루 알레르기 반응 백신 부작용 영국 알레르기 반응 청하 앨범 발매 연기 확진 여파 심려 공식 독일 하루 사망자 역대 최다 메 르 부분 봉쇄 추가 강화 필요 대학가 선별 진료소 익명 검사 감염자 총력 선제 검사 도입 이재명 확산 속전속결 대응 확진 최다 기록 경신 일본 신규 확진 천명 하루 최다 경신 내일 까 오후 확진 당국 의심 증상 역학 연결고리 무료 검사 지침 보건소 선별 진료소 주중 오후 주말 오후 연장 운영 자료 중앙재난안전대책본부 수도권 확진 정부 조사 범위 확대 기존 시스템 확산 역부족 장기 확진 광범위 추적 검사 격리 방식 한계 평가 하루 국내 환자 대구경북 지역 감염자 정점 이후 수다 국내 감염자 환자 수도권 집중 서울 경기 인천 수도권 환자 국내 유행 이후 해외 유입 환자 국내 감염자 수도권 처음 산발 집단 감염 속출 전체 확진 규모 서울 종로구 노래 교실 관련 확진 추가 경기 군포 제조 업체 충북 청주 건강 기능 식품 제조 업체 집단 감염 확인 다 윤태호 중앙 사고 수습 본부 총괄 반장 거리 두기 효과 제한 수도권 무증상 감염 잠복 감염 자리 의미 수도권 유행 확산 폭 양상 일상생활 전반 감염 위험 조치 시설 최대한 이용 단계 확산 세 확진 의료 자원 포화 상태 경기 고양 오후 기준 입원 대기 환자 나흘 사흘 대기 경기 안양 정도 입원 대기 개군면 집단 감염 확인 경기 양평군 확진 환자 일 병상 배정 환자 병상 태부족 전국 중환자 병상 환자 입원 병상 기준 수도권 중환자 병상 남지 서울시 컨테이너 활용 서울 의료원 시립 병원 모듈 병상 구축 당국 연말 중환자 병상 추가 확보 확산 계속 주말 수도권 이동 전주 소폭 장기간 강도 거리 두기 이동 이상 정체 이다 이지현 강 영 연,1
41,정세균 국무총리 경남 창원 경남도청 입구 체온 측정 정세균 국무총리 신종 감염증 국내 확진 자수 위기 상황 주말 상황 추가 조치 여부 결정 다 정세균 총리 이날 오전 경남도청 주재 중앙재난안전대책본부 중대 본 회의 수도권 사회 거리 두기 단계 열흘 감염 확산 모습 말 중앙 대책 본부 이날 기준 국내 신규 확진 누적 전날 대구경북 중심 유행 이후 관련 기사 신규 확진 화이자 연내 백신 출시 목표 절반 항원 신속 진단 키트 유통망 확대 권한 대행 서울 확진 최대 수준 화이자 원재료 문제 백신 연내 절반 출하 프랑스 국민 정부 집계 배 준정 총리 유엔 총회 연설 백신 치료제 접근 보장 이든 파 우치 유임 안전 백신 다 일본 확산 연일 신규 확진 생명 정세균 총리 부산 포함 경남 확산 경남 최근 주간 하루 평균 확진 이상 확진 수도권 제외 진단 정부 확진 발생 추이 오후 중대 본 회의 수도권 전국 단계 격상 여부 결정 방침 이다 정세균 총리 연말 송년회 모임 행사 바이러스 활동 환기 계절 요인 고려 때 감염 확산 위험 상태 연말연시 대책 논의 언급 수능 수험 노래방 방 감염 밀집 시설 방문 당부 교육 당국 대학 수시 전형 만전 주문 강 경주,1
42,문재인 대통령 청와대 관저 회의실 에마 프랑스 대통령 통화 문재인 대통령 에마 프랑스 대통령 신종 감염증 백신 치료제 개발 공평 보급 협력 뜻 문 대통령 오후 시 시간 동안 대통령 전화 통화 대응 기후 변화 환경 변화 한반도 정세 대화 문 대통령 정상 통화 이후 극복 양국 보건 협력 지속 생각 말 관련 기사 화이자 원재료 문제 백신 연내 절반 출하 프랑스 국민 정부 집계 배 수준 바이든 파 우치 유임 안전 백신 일본 확산 연일 신규 확진 생명 악화 일로 일간 확진 누적 이찬원 일주일 술 빈혈 증세 신아영 자가 격리 입국 후 검사 진행 음성 프랑스 테러 방지 나선 다 이슬람 사원 곳 조사 급진 사상 확인 폐쇄 하루 확진 데스 관광업 대통령 한국 성공 대처 인상 한국 치료제 개발 진전 결실 기대 화답 관련 정상은 그동안 과정 협력 백신 접종 관련 협력 확대 프랑스 국빈 방문 문재인 대통령 대통령 정상회담 뒤 연 공공 기자회견 악수 서로 정상은 기후 변화 환경 문제 지속 공조 입 문 대통령 지속 녹색 경제 회복 한국판 뉴딜 추진 최근 글로벌 기후 변화 대응 동참 탄소 중립 목표 선언 파리 기후 협정 이행 국제 사회 적극 협력 말 대통령 탄소 중립 문 대통령 활동 지지 지원 내년 서울 녹색 성장 글로벌 목표 을 연대 정상 회의 적극 참여 답 문 대통령 상호 협력 관계 심화 논의 방한 의사 문 대통령 방한 의지 감사 양국 슬기 극복 내년 서울 기대 답 한반도 정세 관련 문 대통령 미국 조 바이든 행정부 협력 한반도 비핵화 평화 정책 노력 지속 뜻 대통령 한반도 정세 안정 입장 밖 문 대통령 프랑스 발생 역사 교사 피살 사건 니스 노트르담 성당 테러 사건 위로 프랑스 정부 폭력 극단주의 대응 연대 의사 보배 객원,1
43,확산 속 대학수학능력시험 올해 시험장 분위기 예년 응원전 교문 앞 손소독 발열 검사 검사 일부 학생 감염 우려 마스크 착용 복 등장 눈길 오전 시험장 마련 서울 서초구 서울고 앞 후배 응원 열기 교문 앞 여 학부모 시험장 자녀 배웅 수험 이날 체감 온도 영하 도 날씨 대비 보온병 무릎 담요 방한 용품 시험장 일부 학부모 정문 담장 너머 자녀 시험장 모습 끝 철저 정문 수험 입장 절차 마스크 확인 손소독 차비 접촉 차 열 화상 카메라 발열 검사 순 교문 앞 감독관 수험 마스크 착용 확인 수험 학부모 권모 긴장 실력 보니 불안 마음 재수 친구 응원 이하영 작년 수능 때 응원 분위기 이번 수능 그런지 관련 기사 신아영 자가 격리 입국 후 검사 진행 음성 하루 확진 데스 관광업 사망자 하루 역대 최다 겨울철 비상 문 백신 접종 협력 확대 수능 등급 컷 국어 수학 가 전망 수능 집 시험 번화가 수능 입시 업체 국어 등급 컷 수학 가 예상 고려대 기말고사 대면 전환 확산 감안 인천 수능 수험 증상 검사 뒤 격리 수능 인천 의심 증상 수험 검사 이날 자가 격리 수험 확진 수험 별도 시험장 병원 수능 가격 리자 별도 시험장 지정 서울 용산구 오산 일반 시험장 적막 자가 격리 수험 차량 교문 통과 서울 중랑구 서울 의료원 중구 남산 생활 치료 센터 확진 수험 응시 감독관 임시 고사장 설치 폐쇄 회로 시험 감독 다 양길 성 김 남영,1
44,로버트 레드 필드 미국 질병통제예방센터 국장 미국 신종 감염증 누적 사망자 내년 전망 일 현지 시간 방송 로버트 레드 필드 국장 미 상공회의소 진행 온라인 간담회 하루 사망자 이상 사망자 증가 현실 전 미국인 사망 말 다 레드 필드 국장 사망자 사회 거리 두기 마스크 착용 모임 제한 수칙 준수 강조 관련 기사 수능 출제 위원 감금 생활 해방 교시 합숙소 도착 물 마지막 체크 수능 유의 사항 은 수능 주식 투자은행 업무 오전 수능 장 마스크 입시 불가 망사 밸브 형 확진 격리 수능 다 수험 백신 승인 이유 검토 절차 차이 레드 존 진입 역사 겨울 경고 현대차 미국 시장 판매 감소 기아 하락 바이든 중국 필사 영국 미국 유럽 백신 승인 임박 연말 내년 접종 예상 미국 병원 환자 포화 상태 도달 앞 미국 공중 보건 역사 시기 크리스마스 연말 연휴 동안 여행 집 촉구 지침 발표 담당관 헨리 워크 박사 확산 노력 연말 휴가철 미국인 여행 집 스스로 보호 말 다 미국 존스 홉킨스대학 이날 미국 누적 사망자 이다 신 현아,1
45,업텐션 비토 그룹 업텐션 멤버 비토 확진 소식 가요 더 쇼 일 예정 방송 결 방 업텐션 멤버 확진 판정 사실 대부분 아티스트 음악 방송 동선 고려 아티스트 스태프 보호 차원 결 방 결정 업텐션 소속사 티오피미디어 업텐션 비토 인기 가요 후 밀접 접촉 자라 통보 검사 결과 확진 판정 업텐션 스케줄 취소 관련 기사 자산 환매 장세 원유 리츠 돈 다 단독 백신 저 배 송 준비 다 용마로지스 보니 정은 경 하루 확진 예고 때 위험 종합 서울 종로구 세무사 시험 학원 확진 발생 우울 감정 정신건강 검진 체계 심리 지원 강화 장기 자살 예방 상담 급증 정부 예방 대책 은 경 올겨울 최대 고비 내주 수도 검찰 신천지 명단 누락 신천지 대구 교회 관계자 징역형 구형 마지막 날 신규 확진 다음 달 미국 최악 와중 뉴욕 등교 재개 아티스트 관리 향후 위생 관리 최선 확진 자와 밀접 접촉 자임 인지 상태 방송 활동 진행 방송 관계자 관련 스태프 진심 사과 비토 식사 확진 자와 밀접 접촉 이후 업텐션 스케줄 음악 방송 출연 가수 선제 대응 차원 검사 결과 업텐션 출연 쇼 음악 중심 다음날 인기 가요 출연 가수 씨엔블루 비투비 포유 후 이 키즈 헨리 노라조 모모 랜드 나디 우아 트레 안다 에 스파 드 리피 루시 블링블링 스테이 우즈 조승연 쿠 업텐션 비토 소속 엔터테인먼트 멤버 관련 스태프 검사 소식 아티스트 안전 건강 스케줄 연기 취소 결정 공식 팬사이트 공지 에 스파 소속 엔터테인먼트 쇼 음악 중심 인 씨엔블루 소속 사인 엔터테인먼트 검사 진행 계획 쇼 음악 중심 아이즈 민주 검사 쇼 음악 중심 인기 가요 확인 밀접 접촉 파악 인기 가요 불필요 억측 자제 가요 동업자 마음 필요 정보 선제 파악 필요 경우 공유 해주시 길 부탁 내용 안내 메시지 음악 방송 당장 일주일 앞 국내 최대 규모 가요 시상식 에도 불똥 국내 일본 홍콩 해외 시상식 진행 위세 올해 상황 고려 비대 시상식 예고 당국 지침 밀접 접촉 경우 검사 결과 음성 동안 격리 출연 가수 라인업 영향 관측 추이 조심 입장 김소연 기사 제보 보도자료,1
46,정은 경 중앙 대책 본부장 질병 관리 청장 당국 국내 신종 감염증 확산 계속 경우 앞 뒤 하루 확진 전망 다 정은 경 중앙 대책 본부장 정례 브리핑 지난주 감염 재생산 지수 분석 감염 의미 이하 유지 유행 크기 말 계산 감염 재생산 지수 경우 뒤 감염자 발생 관련 기사 정은 경 올겨울 최대 고비 내주 수도 속보 교육부 중등 교원 임용 시험 확진 접촉 음성 속보 학생 교사 사흘 새 신규 확진 속보 전국 개교 등교 곳 줄 광주 공장 정상 근무 재개 추가 확진 없어 속보 경북 영남대 음대 관련 확진 속보 정은 경 연말 대면 모임 이상 생각 속보 정은 경 올해 겨울 확산 최대 위기 원래 단계 정부 전문가 한숨 이슈 속보 부산 울산 장구 강습 관련 누적 확진 증가 당국 감염 재생산 지수 토대 공식 언급 이번 처음 이번 유행 시작 이후 감염병 전문가 하루 신규 확진 이상 경고 정 본부장 감염 재생산 지수 영향 요소 감염 접촉 노출 기간 마스크 착용 손 감염 사회 거리 두기 전파 확률 발병 초기 검사 노출 기간 최대한 단축 재생산 지수 이하 유지 설명 거리 두기 지난주 수도권 단계 격상 나머지 지역 내일 단계 강화 사람 접촉 마스크 착용 감염 차단 감염 재생산 지수 감염자 예상 본부장 대응 위기 올겨울 최대 고비 생각 건조 절기 환경 여건 지역 사회 잠복 무증상 경 증 감염자 증가 때 전파 위험 상황 위기 상황 극복 간의 노력 희생 물거품 위험 증가 연말 대면 모임 원칙 하 각종 연말연시 약속 성탄절 종교 행사 신년 대면 진행 집단 모임 후 후각 미각 소실 증상 사람 최대한 신속 진단 검사 당부 은빛,1
47,최재성 청와대 정무 수석 정부 신종 바이러스 감염증 유행 국민 외출 자제 요청 가운데 최재성 청와대 정무 수석 국회의원 시절 자신 지역구 조기 축구회 참석 논란 정무 수석 야당 소통 담당 직책 최재성 수석 이유 청와대 야당 의원 야당 반발 다 최 수석 서울 송파구 삼전동 초등학교 조기 축구회 축구 경기 참석 경기 청와대 최재성 수석 마스크 착용 거리 두기 수칙 준수 해명 관련 기사 속보 군 확진 추가 연천 교대 감염 여성 항체 아기 출산 속보 지역 발생 수도권 확진 속보 사망자 추가 총 속보 확진 이틀 연속 만원 권 올해 환수 로 역대 최저 최재성 청와대 의원 조기 축구 하 러 법안 심의 단독 처리 고삐 조이 이낙연 정부 유행 장기 일종 민주당 이낙연 패싱 광고 국민 힘 논평 국민 힘 초선 의원 청와대 앞 인 시위 야당 소통 창구 최재성 수석 얼굴 이상 만남 자제 핑계 최 수석 대체 정권 야당 국민 추석 연휴 기간 당국 확산 방지 총력 정작 여권 수칙 비판 있다 이낙연 더불어민주당 대표 김경수 경남 도지사 추석 연휴 기간 경남 김해 봉하마을 노무현 대통령 묘소 참배 당시 이낙연 대표 추석 고향 방문 자제 국민 당부 당시 국립현충원 전국 국립묘지 문 일반 국민 성묘 강경 외교부 장관 남편 일병 연세대 명예 교수 여행 자제 권고 추석 연휴 요트 구입 미국 여행 당시 윤건영 민주당 의원 강경 남편 미국 여행 불법 야권 남부 비판 정치 공세 규정 지난달 개천절 보수 단체 집회 불허 정부 이달 민주노총 주최 규모 집회 허가 다 윤태호 중앙 사고 수습 본부 총괄 반장 라디오 김종배 시선집중 출연 보수 집회 진보 집회 허용 지적 이중잣대 종식 바이러스 다라 해명 명일,1
48,다음 달 학년 대학수학능력시험 서울 양천구 학원 밀집 지역 구청 직원 신종 감염증 수칙 점검 최근 하루 신규 확진 발생 비상 대입 수험 최선 노력 수능 결과 응원 관련 기사 인구 경제학 저출산 재앙 까 실업 급여 의존 일 의지 빈민가 청년 수당 대신 직업훈련 돈 다 유동성 함정 세상 수능 수험 응원 명저 사치 악덕 경제 번영 주장 대학 글 통신 수능 세계사 사건 흐름 이해 대학 글 통신 수능 날 일 머리 속 시뮬레이션 해 보세 요인 생산 절벽 발달 노동력 감소 대체 학년 대입 전략 수능 일 환경 컨디션 조절 맬서스 인구론 기술 진보 예측 못 뉴스,1
49,집단 면역 포기 스웨덴 대학 도시 웁살라 북유럽 복지 국가 벤치마킹 모델 스웨덴 신종 감염증 국면 선택 집단 면역 실험 실패 형국 정부 오판 대처 사실 비극 방관 비판 제기 다 영국 온라인 매체 메일 온라인 이하 현지 시간 스웨덴 보건 사회 복지 시설 별도 감시 기구 보건 사회 돌 봄 조사국 요양원 진단 치료 행태 지역 당국 환자 검진 요양 시설 노인 치료 지적 보도 다 스웨덴 올해 발생 사망자 여명 절반 고령자 요양 시설 논란 직접 원인 국가 보건 시스템 진단 관련 기사 종합 정부 수도권 중심 급속 확산 거리 두기 효과 다음 주부 아모레퍼시픽 마스크 피부 조홍 조 유발 셀리 버 리 치료제 원숭이 시험 무독 입증 신규 확진 지난 이후 최대 수능 대치동 목동 출강 대입 학원 강사 확진 불안감 유나이티드 항공사 면역 여권 내달 도입 나라 뉴질랜드 위 일본 위 한국 은 삼성전자 수원 사업장 확진 추가 사내 확산 속보 삼성전자 수원 사업장 직원 확진 올해 마지막 금통위 금리 동결 전망 가계 빚 부담 익스플로러 시승 신청 진행 치료 시설 감사 요양원 환자 의사 개별 진단 확인 환자 간호사 검사 요양원 거주자 대다수 전화 여부 진단 신체검사 환자 미만 파악 요양원 사망자 속출 보건 시스템 지적 소피아 국장 이날 기자회견 요양 시설 노인 확진 의심 환자 치료 전염병 발생 최소한 관리 수준 말 감사 결과 요양원 거주자 대상 진료 경우 지역 차원 단점 확인 확진 의사 대면 조사 환자 미만 특정 지역 증상 거주자 종말 치료 처방 사례 발견 신종 감염증 확산 비상 스웨덴 스톡홀름 중앙 지하철역 일 현지 시간 러시아워 동안 시민 이날 스웨덴 정부 발생 이후 처음 부분 봉쇄 도입 발표 내년 지역 당국 진료 개선 조치 제시 촉구 환자 기록 추가 검토 진행 방침 스테판 뢰벤 스웨덴 총리 로이터 성명 의심 여지 사람 곳 나이 개별 치료 권리 강조 북유럽 사망률 최고 스웨덴 결국 집단 면역 실패 인정 하나 지침 유지 집단 면역 실험 강행 스웨덴 최근 봉쇄 조치 강화 노선 상반기 사생활 침해 우려 시민 자율 거리 두기 의존 정책 시행 스웨덴 확산 조짐 사실 집단 면역 실패 인정 태세 전환 분석 다 스웨덴 정부 공공장소 제한 이전 행사 종류 허용 모임 인원 주류 판매 허가 일부 업소 영업시간 오후 제한 스톡홀름 요양원 방문 금지 다 통신 스테판 뢰벤 총리 지난봄 국민 권고 조치 금지 필요 사태 악화 말 지표 잘못 방향 올해 봄 위험 상황 체육관 도서관 저녁 약속 취소 국가 사회 자신 선택 해달 라고 당부 상황 대중 모임 제한 강도 대책 스웨덴 정부 신종 감염증 발생 이후 처음 부분 봉쇄 도입 발표 일 현지 시간 크리스마스 트리 장식 스톡홀름 백화점 안 시민 올해 대다수 유럽 국가 이동 제한 상점 전면 폐쇄 강도 봉쇄 조치 때 스웨덴 사회 구성원 상당수 감염 항체 집단 전체 면역력 확보 집단 면역 올해 당시 인구 명당 사망자 세계 최고 수준 방식 실패 비판 정부 집단 면역 효과 강조 정책 고수 스웨덴 확진 사망자 통계 기준 북유럽 타격 국가 국제 통계 사이트 월드 오 미터 기준 스웨덴 누적 확진 핀란드 확진 자와 사망자 노르웨이 스웨덴 총인구 핀란드 노르웨이 총인구 합 감안 스웨덴 사망자 노르웨이 핀란드 배 김수현,1
50,김 하 민주노총 비상대책위 원장 서울 중구 민주노총 교육장 민주노총 총파업 총력 투쟁 선포 정부 국민 제안 기자회견 총파업 계획 앞줄 왼쪽 양 동규 민주노총 부위원장 김 위원장 강 동화 민주 일반 연맹 수석 부위원장 최준 공공 운수 노조 위원장 뉴스 전국민주노동조합총연맹 민주노총 예정 총파업 강행 신종 감염증 확산 우려 수도권 사회 거리 두기 단계 격상 민주노총 정부 노동법 개악 중단 민주노총 태세 전환 있다 민주노총 정부 수칙 집회 규모 축소 기자회견 진행 방식 총파업 입장 집회 전국 최근 확산 유행 기폭제 다음 달 대학수학능력시험 수능 영향 우려 목소리 지침 준수 투쟁 정부 희생 양 말라 민주노총 서울 중구 민주노총 교육장 기자회견 내일 노동법 개악 저지 전태일 법 쟁취 총파업 총력 투쟁 전개 다 민주노총 총파업 당일 전국 곳곳 노조 간부 파업 참가자 중심 집회 계획 서울 집회 인 이상 집회 전면 금지 수칙 시내 곳곳 더불어민주당 지역구 사무실 앞 인 미만 규모 집회 산발 개최 관련 기사 힘 때 안전 수능 사회 전체 책임 확진 대기 현실 수도권 중환자 병상 소진 유은혜 대입 집중 관리 기간 운영 대학 신경 확진 급증 민주노총 집회 봉쇄 정부 정세균 민주노총 집회 수능 코앞 관용 대응 경고 주호영 정부 종 부세 폭탄 집회 차별 국민 분개 공수 처 법 카드 공수 처장 추천 위 가동 홍영표 제의 후보 유시민 김경수 대권 관심 신규 확진 접촉 최소 화해 야 김용범 기재 차관 금융 회사 저하 지자체 수칙 차이 민주노총 지역 본부 중심 지방 집회 규모 확대 김 하 민주노총 비대 위원장 지방 자치 단체 집회 인원 지방 집회 해당 지자체 기준 진행 예정 오후 서울 영등포구 여의 대로 민주노총 주최 전태일 열사 정신 계승 전국 노동자 대회 참석자 손 피켓 뉴스 민주노총 확산 관련 강화 지침 존중 준수 투쟁 강조 김호규 금속 노조 위원장 금속 노조 경우 지부 이상 국회 거리 흥분 마스크 선동 하 민주노총 비대 위원장 정부 이유 총파업 자제 요청 민주노총 행사 우려 얘기 이상 정부 국회 최선 민주노총 희생 양 추가 총파업 여 지도 긴급 징집 총파업 논의 경고 민주노총 총파업 시작 서울 중구 프레스센터 노동 개악 안 독소 조항 지적 기자회견 진행 일 정부 노동 개악 반대 전태일 법 통과 촉구 시민사회 단체 기자회견 진행 방침 이다 양동 규 민주노총 대위 집행 위원장 중대 재해 기업 처벌 법 경우 민주당 당론 여론 상황 우려 민주당 의원 책임 촉구 의원 실 면담 항의 행동 조직 규모 인원 정치 메시지 압박 전달 강조 민주노총 정부 태도 경우 추가 총파업 논의 경고 양 동규 집행 위원장 노동 개악 강행 경우 민주노총 긴급 징집 총파업 논의 말 한상진 민주노총 대변인 정부 노동법 개악 중단 민주노총 태세 전환 역설 오후 서울 영등포구 여의 대로 민주노총 주최 전태일 열사 정신 계승 전국 노동자 대회 뉴스 민주노총 노동 개악 반대 전태일 법 입법 촉구 총파업 돌입 노동 개악 정부 발의 노조 법 개정안 해당 개정안 파업 사업장 점거 금지 경영 요구 일부 반영 부분 노동 반발 사고 노동 핵심 협약 기준 반영 노조 법 개정 입장 이다 전태일 법 법 노동자 지위 적용 범위 확장 근로기준법 노동조합 개정 기업 발생 대형 재해 사업주 책임 처벌 강화 중대 재해 기업 처벌 제정 골자 다이 민주노총 필수 노동자 범위 일자리 확대 차제 출퇴근 전면 시행 출근 인원 조정 휴 무인 발생 유급 휴가 시행 업종 유급 재택근무 시행 정부 정치 요구 있다 민주노총 총파업 올해 처음 민주노총 지난해 차례 총파업 있다 김수현,1
51,신종 감염증 자신 일상생활 전파 층 당국 분석 결과 중앙 대책 본부 질병 관리 청 국내 항체 조사 중간 분석 결과 발표 국민 표본 정해 진행 국민 건강 영양 조사 군 입영 장정 조사 결과 발표 다 올해 대상 국민 건강 영양 조사 검사 혈액 항체 감염 의미 해외 유입 확진 자로 확인 사례 이전 진단 조사 대상 감염 자신 의미 국내 인구 환산 정도 환자 관련 기사 옥스퍼드 아스트라 카 백신 임상 결과 환영 부천 확진 누적 확진 누적 바이오 사이언스 백신 임상 착수 국산 백신 약 처 임상 상 치료제 상 승 인식 약 처 국내 개발 백신 임상 상 치료제 상 승인 어촌 체험 관광 할인 지원 잠정 중단 관리 계속 오늘 오후 신규 확진 내일 넘 노량진 발 확진 교원 임용 시험 응시 형평 논란 내일 국립공원 공영 동물원 일부 시설 운영 제한 입영 장정 대상 조사 확진 항체 양성 검사 대상 감염 국내 확진 판정 국민 건강 영양 조사 결과 배 달 한다정 은 경 중대 본 본부장 층 감염 무증상 경 증 의료 기관 진료 검사 상태 사회 활동 지역 사회 전파 위험 의미 정 본부장 미 진단 감염자 일상생활 확인 가족 이외 사람 접촉 때 마스크 거리 두기 댐 와르르 붕괴 일정 규모 확산 저지 기하급수 감염자 상황 다 이지현,1
52,마스크 착용 도쿄 시민 모습 지난해 중국 후 베이 우 한시 화난 해산물 시장 일 수산물 업자 원인 고열 호흡 곤란 시장 일 자영업자 가족 증상 호소 환자 달 뒤 여명 세계보건기구 작년 신종 감염증 감염 사례 공식 확인 처음 발생 이달 그동안 감염력 변이 위험 전염병 가을 인류 삶 송두리 발생 후 달 중국 정부 통제 범위 후 베이 전체 세계로 확산 세계 환자 사망자 한국 여 명의 누적 확진 이중 사망 관련 기사 항체 조사 미 진단 감염자 확인 전파 비상 아스트라 카 백신 효과 최대 한국 서도 생산 전망 정세균 백신 협상 마무리 중월 발표 종합 키즈 카페 발 감염 확산 용인시 어린이집 곳 휴 명령 보쌈 드라마 촬영 장서 확진 발생 방송가 비상 업계 거리 두기 상향 대응 네이버 내일 전면 재택 자가 격리 살림 담배 징역형 속보 아스트라 카 옥스퍼드 최대 효과 동서 의정부 노래방 도우미 손님 확진 때 부자 돈 재난 정의당 세계 기업 산업 지형도 디지털화 속도 아날로그 기업 파산 안팎 역사 자랑 미국 백화점 로드 앤 테일러 의류 업체 브룩스 브라더스 동시 파산 신청 이후 산업 변화 대표 사건 산업 피해 막심 이동 위축 저가 항공사 재앙 한국 이스타항공 일본 에어아시아 재팬 세계 저가 항공사 문 파산 위기 직면 올해 국내 기업 파산 신청 사례 분기 역대 최 대치 국민 불안 국내 확산 이후 마스크 착용 사회 거리 두기 일상 심리 우울 표현 블루 신조어 한편 전 세계 한국 경쟁력 시민 의식 계기 한국사 진단 키트 경험 요청 국가 쇄도 외신 한국 상황 수준 시민 의식 찬사 세계 이탈리아 베네치아 인근 근교 요양원 허그 룸 모습 허그 룸 요양원 노인 가족 포옹 동시 분리 지난해 마지막 날 폐렴 바이러스 공식 확인 다음 올해 중국 사망자 발생 달 중국 확진 확인 후 인접 국가 태국 중국 이외 지역 확진 보고 의 역학 조사 결과 확진 우 한 방콕 입국 중국 여성 달 일본 확진 보고 우 한 방문 일본 거주 중국인 남성 확인 국제 감염 공포 시작 일 우 한 남성 미국 확진 자로 보고 한국 확진 일 베트남 중국인 남성 확진 판정 프랑스 당국 확진 사례 발표 유럽 최초 감염 사례 일 캐나다 우 한 방문 남성 확진 판정 달 사이 중국 아시아 세계로 위험 수준 보통 수정 일 핀란드 당국 우 한 중국인 여행자 확진 판정 발표 날 세계 확진 판정 사망 공식 확인 긴급 위원회 소집 국제 공중 보건 비상사태 선포 바이러스 공식 명칭 로 결정 대응 확산 브라질 발생 달 세계 대주 확산 글로벌 위험 수준 상향 국내 발생 추이 정부 대응 정은 경 중앙 대책 본부장 질병관리본부장 국내 확진 사례 보고 서울 수도권 중심 전파 신천지 발 확진 발생 대구 지역 중심 급증 정부 확산 계속 사회 거리 두기 개념 처음 도입 시행 국내 누적 확진 발생 돌파 일 사랑 제일 교회 관련 확진 발생 광화문 광복절 집회 이후 확진 전국 증가 정부 수도권 사회 거리 두기 단계 시행 조치 전국 확대 다 그럼에도 불구하고 전파 사례 수도권 사회 거리 두기 단계 격상 진정 이후 단계 조정 단계 완화 국 그동안 세계 주요국 속도 진단 속도 최저 수준 사망률 주목 별칭 뉴욕 증시 블랙 데이 이후 최악 폭락 미국 뉴욕 증권거래소 트레 이 더 업무 글로벌 경제 타격 국제 교역 발 수출입 봉쇄 관광객 물자 이동 원유 값 폭락 증시 롤러코스터 반복 일 현지 시간 뉴욕 증시 블랙 데이 이후 최악 충격파 강타 공포 경제 악영향 뉴욕 증시 다우존스 산업 평균 지수 포인트 유럽 증시 폭락세 이후 수준 당시 미 중앙은행 연방준비제도 연준 르 중심 글로벌 중앙은행 유동성 공조 팬데믹 세계 유행 공포감 소비 투자 경기 침체 우려 고개 이후 미 시간대 아시아 유럽 미국 증시 낙 폭 글로벌 증시 연쇄 폭락세 사태 하루 되풀이 뉴 노멀 자리 평가 제약 바이오 관련 주 도약 화이자 제약 로고 로이터 증시 상황 반대 백신 개발 기대 제약 바이오 회사 증시 주도 현상 한국 진단 키트 생산 젠 진단 키트 주 장주 급부상 셀트리온 주가 폭등 해외 상황 백신 생산 평가 미국 제약 회사 존슨앤드존슨 일라이 릴리 안전 이유 백신 실험 중단 보도 백신 관련 종식 기대감 주가 종목 폭락 최근 미 약사 화이자 독일 약사 바이오 엔 테크 공동 개발 백신 예방 이상 효과 발표 모 백신 개발 성공 뉴욕 증시 기대감 반영 훈풍 있다 모 백신 상 임상시험 의 효능 발표 날 뉴욕 증권거래소 다우존스 산업 평균 지수 거래 대비 포인트 거래 돌파 후 거래 연중 최 고치 이다 백신 개발 최악 전파 선별 진료소 검사 모습 백신 개발 소식 미국 한국 확산 기미 있다 미국 이달 확진 신규 확진 기준 역대 최대 일 현지 시간 미 방송 존스 홉킨스 자료 인용 이달 이날 오후 발생 미국 신규 확진 보도 지금 미국 보고 누적 확진 전체 누적 확진 확진 의미 사망 미국 인도 집계 전체 누적 사망자 수준 미국 최대 명절 추수감사절 영향 이달 말 달 확진 우려 국내 마찬가지 지난주 국내 신규 확진 기록 정부 사실 유행 진입 선언 정부 지난주 신종 감염증 신규 확진 발생 상황 의료 대응 지속 불능 상황 우려 강도 태 중앙재난안전대책본부 중대 본 총괄 조정관 오전 정부세종청사 중대 본 회의 날씨 가운데 일상 속 전파 확진 발생 유행 시작 언급 신종 감염증 신규 확진 기준 기록 엿새 아래 오전 경기도 수원시 경기도의료원 수원 병원 설치 선별 진료소 검사 차량 관련 국내외 중국 우 한서 원인 불명 폐렴 환자 확인 사망자 발표 만성 질환 암 중국 남성 이하 중국 환자 확진 우 한서 태국 방콕 입국 중국 여성 세계보건기구 사람 전염 배제 공식 발표 한국 환자 확진 우 한서 인천 입국 중국 여성 대구 발 신천지 확진 급증 국내 사망자 돌파 국내 누적 확진 돌파 성북구 사랑 제일 교회 확진 발생 수도권 사회 두기 단계 격상 사회 두기 단계 격상 전국 확대 수도권 사회 두기 단계 격상 사회 두기 단계 완화 세계 누적 환자 돌파 단계 단계 세분 거리 두기 발표 거리 두기 단계 시행 화이자 백신 이상 효과 발표 누적 환자 돌파 모 백신 임상시험 효과 발표 서울 경기 광주 거리 두기 단계 시행 수도권 단계 호남 단계 거리 두기 상강 경주,1
53,확진 속출 백화점 북적 하루 신규 확진 닷새 연속 가운데 정부 수도권 사회 거리 두기 단계 유흥 시설 문 식당 오후 포장 배달 서울 영등포동 타임스퀘어 인파 북적 신경 훈 정부 주간 수도권 신종 감염증 거리 두기 대응 단계 유행 경고 단계 시행 심리 확산 대응 식당 카페 소상 공인 직격탄 개인 자율 대응 의지 국내 시스템 위기 상황 평가 중앙재난안전대책본부 다음 달 주간 수도권 호남 지역 거리 두기 대응 단계 발표 단계 수도권 대응 단계 상향 단계 전남 단계 대응 강화 확산 상황 전북 단계 조치 시작 계획 박 능 후 중앙재난안전대책본부 차장 유행 규모 확산 초래 상황 수도권 주민 모임 약속 취소 해달 라고 국내 확진 기록 수도권 신규 확진 하루 평균 단계 기준 확산 당국 전망 수도권 거리 두기 대응 클럽 룸살롱 유흥 시설 문 카페 포장 배달 허용 식당 오후 포장 배달 관련 기사 수능 전날 검사 당일 결과 확진 단양군 초등학교 학생 교직원 진단 검사 인천 거리 두기 단계 등교 인원 감축 윤도현 대구 공연 확진 방문 유감 허위 사실 강경 대응 공식 일본 신규 확진 닷새 천명 오후 신규 확진 내일 안팎 부천 주민 확진 어린이집 교사 원 인천 내일 거리 두기 단계 시행 모레 단계 격상 단계 편전 단계 준말 후 강도 조치 영업 제한 우려 현실 단계 격상 자영업자 망연자실 정부 거리 두기 기준 단계 유행 경고 지역 산발 유행 시작 규모 확산 조심 취지 단계 격상 후 국내 이동 한국도로공사 오후 전국 교통량 평소 대비 감소 다중 이용 시설 수칙 사례 다수 병원 학교 학원 식당 집단 감염 산발 계속 이유 다 확산 국민 참여 기간 피로 누적 불감증 확산 단계 조치 실효 우려 다이지 현,1
54,정세균 국무총리 감염증 현장 점검 서울 송파구 마켓 컬리 장지 물류 센터 방문 김 대표 오른쪽 설명 현장 있다 정세균 국무총리 최근 수도권 중심 신종 감염 증가 확산 걱정 때 수록 선제 창의 강조 정 총리 오전 서울 송파구 마켓 컬리 장지 물류 센터 강남구 보건소 방문 최근 확산 고리 차단 국민 집 연말연시 사회 활동 자제 말 방문 확산 상황 업무 특성 접촉 이동 유통 물류 센터 유동 인구 강남구 상황 점검 관계자 격려 관련 기사 메릴랜드 주 랩 노 믹스 진단 키트 불량 회사 신규 확진 역대 최다 자치구 발생 시대 위로 방탄소년단 세계 위 노량진 학원 확진 임용 시험 남 하동군 오늘 사회 거리 두기 단계 격상 중국 발견 이탈리아 일 수도 세계 곡물 공급 망 가격 급등 글로벌 식량 위기 비상 주한 미군 오늘 오후 수도권 지역 출입 다 경기도 신규 확진 추가 최다 수준 춘천 추가 확진 명차 전파 확산 신규 확진 기록 뒤 이날 나흘 기록 있다 정 총리 물류 센터 김 마켓 컬리 대표 마켓 컬리 장지 물류 센터 현황 물류 센터 현장 점검 관계자 격려 총리 유통 물류 센터 집단 발생 뒤 지금 집단 감염 발생 우연이 필연 정부 업계 노력 감사 뜻 쿠팡 부천 물류 센터 시작 집단 감염 발생 뒤 유통 물류 센터 에선 확진 자만 발생 집단 감염 확산 차단 있다 정 총리 강남구 보건소 정 순 균 강남 구청장 강남구 대응 현황 감염병 관리 센터 보고 관계자 격려 강남구 과정 자동화 신속 성화 효율 선별 진료소 감염병 관리 센터 확대 개편 운영 예정 이다 정 총리 강남구 학원 회사 클럽 주점 밀집 유동 인구 곳 수능 시험 연말연시 필요 지자체 최초 도입 강남구 감염병 관리 센터 성공 운영 지자체 모범 극복 힘 기대 말 경 뉴스룸,1
55,뉴욕시 대면 수업 중단 조치 하루 일 현지 시간 브루클린 초등학생 등교 미국 팬데믹 전염병 유행 현실화 화이자 모 세계 제약 회사 백신 개발 성공 낭보 해진 직후 백신 대량 보급 최소 달 허 현지 시간 미국 신종 감염증 확진 판정 뒤 사망 교직원 집계 미국 목숨 사람 돌파 가운데 마지막 교편 교사 사망자 학생 감염 증상 발현 경우 전염 미 국 상당수 학교 원격 수업 도입 최소한 대면 수업 병행 오프라인 수업 고수 곳 추가 희생자 관련 기사 신규 확진 이틀 최대 대책 논의 바이든 트럼프 동기 책임 사태 악화 하루 신규 환자 명사 망 확산 예상 글로벌 부채 경원 신기록 역대 급 부채 미 신규 실업 수당 청구 폭증 증가세 아스트라 카 상 임상시험 결과 성탄절 발표 예정 신규 확진 대폭발 증가세 옥스퍼드 개발 백신 노령 효과 동일 북한 생각 백신 이인영 비판 다음 주 관련 뉴스 부양책 협상 진척 상황 뉴욕 증시 변수 전망 아래 오늘 아침 한국경제 굿모닝 투자 아침 인터뷰 내용 입 니다 질문 오늘 마감 미국 증시 특징 말씀 뉴욕 증시 전반 혼 조세 상승 마감 개장 직후 하락 출발 확산 경제 봉쇄 우려 습 니다 미국 신규 확진 켄터키 미네소타 위스콘신 일리노이 주 식당 주점 영업 제한 조치 시행 실업 지표 악화 노동부 발표 지난주 실업 급여 청구 건수 대비 지난달 이후 처음 실업 이달 예상 백신 개발 속도 백신 효과 소식 투자 심리 효과 미국 화이자 독일 바이오 엔 테크 내일 미 식품의약국 백신 긴급 사용 승인 신청 계획 입 니다 질문 뉴욕시 학교 전면 봉쇄 소식 현지 상황 가요 뉴욕 양성 판정 전체 검사 대비 여 학교 문 공언 조건 충족 판단 오늘 공립학교 대면 수업 중단 습 니다 뉴욕 온라인 수업 전환 학교 문 그동안 학생 대면 원격 수업 선택 정도 등교 전체 원격 수업 전환 혼란 부실 수업 우려 습 니다 뉴욕시 에선 이달 확진 다음 주 추수감사절 연휴 이후 감염자 급증 게 당국 예측 미 질병 통제 예방 센터 오늘 긴급 보도자료 추수감사절 연휴 여행 자제 촉구 문 민주당 공화당 추가 부양책 대립 제롬 파월 의장 움직임 대선 이후 미국 추가 부양책 협상 진척 부양책 규모 대상 여야 입장 차이 크기 오늘 상원 민주당 원내대표 미 맥 코넬 공화당 원내대표 부양책 협상 재개 타결 관측 롬 파월 미 중앙은행 의장 앞 달 미국 경제 고비 경고 백신 보급 상태 부양책 협상 지지부진 소비 침체 겁 니다 백신 대량 보급 예상 내년 상반기 단기 경기 하방 리스크 중앙은행 차원 수단 동원 약속 추가 수단 게 문제 기준 금리 제로 수준 지금 규모 자산 매입 프로그램 가동 다음 달 중순 연방 공개 시장 위원회 정례 회의 자산 매입 프로그램 속도 규모 구성 자산 조정 방안 논의 예정 입 니다 질문 향후 이벤트 일정 종합 말씀 미 국 대선 마무리 이후 전개 상황 핵심 슈가 다음 주 전염병 확산 여부 백신 개발 소식 증시 반응 미국 에선 하루 감염자 하루 사망자 초겨울 장기 사람 외부 활동 게 원인 분석 주 봉쇄 조치 시행 실물 경제 증시 부정 영향 다음 전통 최대 쇼핑 주간 목요일 추수감사절 다음날 블랙 프라이데이 블랙 프라이데이 요즘 온라인 활성 이번 주말 할인 행사 곳 미국 소비 지출 관심 아마존 지난달 이틀 아마존 프라임 데이 행사 때 매출 달성 다음 주 발표 지표 에선 제조업 서비스업 일 소비자 신뢰지수 일 소비 지출 일 주목 필요 확산 속 현재 경제 흐름 파악 도움 다음 주 일부 기업 분기 실적 공시 정보기술 업체 가전 판매 회사 베스트 이 의류 회사 갭 실적 합 니다 뉴욕 조 길 특파원,1
56,당국 신종 감염증 환자 발생 증가세 우려 당국 예상 확진 증가 다 이상원 중앙 대책 본부 방 대본 역학 조사 분석 단장 충북 송 질병 관리 청 정례 브리핑 생각 확진 속도 질병 진단 비율 국내 신규 환자 일명 후 수치 다이 달 안팎 일 신규 확진 돌파 뒤 지속 증가 최근 이틀 연속 급속 신규 확진 단장 계절 요인 사회 영향 질병 고유 영향 대응 영향 포함 추정 관련 기사 글로벌 부채 경원 신기록 역대 급 부채 미 신규 실업 수당 청구 폭증 증가세 아스트라 카 상 임상시험 결과 성탄절 발표 예정 신규 확진 대폭발 증가세 옥스퍼드 개발 백신 노령 효과 동일 북한 생각 백신 이인영 비판 확진 발생 서강대 임시 폐쇄 신촌 대학가 비상 유럽 의약품 청 백신 연말 승인 평가 기대 일본 신규 확진 천명 이틀 최다 경신 서울 오후 추가 확진 누적 확진 대구 환자 타인 바이러스 감염 재생산 지수 현재 증가세 계속 환자 정도 환자 전염 기간 전파 의미 다 최근 확산 원인 관련 서울시 광복절 집회 영향 분석 박 유미 서울시 제관 이날 브리핑 확진 자 위치 확인 시스템 르 분석 결과 러 윈 데이나 민주노총 도심 집회 연관 말 집단 감염 발생 때 지역 사회 잔존 감염 판단 국내 신고 환자 감염 경로 파악 서울 서대문구 연세대 도봉구 종교 설명 신규 집단 감염 역학 연결고리 다 이지현 박종관,1
57,상황 현장 겁 니다 의사 소명 이라크 말 대응 있다 습 니다 서울 성모병원 감염병 사령탑 이동건 감염 관리실장 현대건설 이라크 카르발라 건설 정유 시설 현장 근로자 대응 상황 점검 뒤 지난달 귀국 국내 의료진 해외 주재 근로자 건강 상황 이번 처음 이 다이 실장 강 재지 서울 성모병원 간호사 박일 일정 카르발라 이슬람교 시아파 성지 공항 방탄복 실탄 무장 보안 요원 경호 이동 정도 치안 상황 곳 이라크 건설 현장 확산 현지 근로자 두려움 현장 안전 관리 직원 역부족 현대건설 서울 성모병원 도움 요청 배경 관련 기사 신규 실업 수당 청구 폭증 증가세 아스트라 카 상 임상시험 결과 성탄절 발표 예정 신규 확진 대폭발 증가세 옥스퍼드 개발 백신 노령 효과 동일 북한 생각 백신 이인영 비판 확진 발생 서강대 임시 폐쇄 신촌 대학가 비상 유럽 의약품 청 백신 연말 승인 평가 기대 일본 신규 확진 천명 이틀 최다 경신 서울 오후 추가 확진 누적 확진 대구 현대모비스 언 택 기부 런 개최 현장 현지 직원 대응 매뉴얼 보완 몸 오늘 말 문화 조성하 게 조직 문화 경직 곳 환자 두려움 말 실체 이해 업무 실장 인류 존재 감기 바이러스 돌연변이 사망 병 대부분 사람 후유증 회복 그동안 무시 독감 질환 설명 과도 두려움 질환 객관 이해 노력 필요 취지 다 치료제 백신 곁 각국 대응 이유 실장 사회 질환 문화 한국인 조심 사회 안전 인식 미국 유럽 민감도 치료제 해결 사회 조심 때 사회 합의 정도 시간 필요 그동안 피크 차례 반복 전망 감염병 겁 니다 인류 이후 비대 시대 적응 고령 우울 감 겁 니다 적응 포용력 사회 합 니다 이지현,1
58,최근 확산 국내 신종 감염증 광복절 집회 서울시 분석 결과 확진 동선 전국민주노동조합총연맹 집회 영향 확인 이유 국내 확진 감염 경로 민주노총 집회 잠복기 상황 서울시 정치 판단 비판 유미 서울시 제관 온라인 브리핑 확진 자 위성 위치 확인 시스템 르 분석 결과 러 윈 데이나 민주노총 도심 집회 연관 말 집단 감염 발생 때 지역 사회 잔존 감염 판단 이후 잔존 감염 최근 발생 규모 다발 감염 최근 유행 양상 광복절 집회 영향 취지 관련 기사 확진 발생 서강대 임시 폐쇄 신촌 대학가 비상 유럽 의약품 청 백신 연말 승인 평가 기대 일본 신규 확진 천명 이틀 최다 경신 서울 오후 추가 확진 누적 확진 대구 이동건 서울 성모병원 교수 실체 두려움 언 택 기부 런 개최 확진 대기 병상 부족 현실화 지역 사회 불 진단 키트 강자 바이오 내년 상장 곡물 경작지 전용 불허 러 수출 제한 쿼터 추진 정부 착륙 해외 관광 비행 허용 면세 혜택 분석 질병 관리 청 사실 확인 필요 이상원 중앙 대책 본부 역학 조사 분석 단장 서울시 설명 취지 상황 파악 내용 파악 설명 말 당국 답 이유 최근 확인 환자 상당수 감염 경로 국내 신고 환자 감염 경로 조사 서울 서대문구 연세대 도봉구 종교 설명 서초구 종교 설명 신규 집단 감염 역학 연결고리 의료 대응 정치 판단 국내 검사 전반 신뢰 우려 실제 광복절 집회 확산 상황 정부 정치 판단 확진 조정 루머 한몫 영향 검사 대상자 검사 기피 규모 확산 국내 신규 환자 이틀 연속 당국 생각 국내 확진 증가 속도 판단 확진 전파 환자 광화문 집회 분석 단장 생각 확진 속도 질병 진단 비율 사회 영향 질병 고유 영향 대응 영향 포함 근거 소문 곳곳 확산 밤 시간대 확진 폭발 내용 문자 카카오톡 대화방 인터넷 커뮤니티 공유 현황 기준 국내 확진 현황 기준 국내 확진 내용 글 누 군가 가짜 뉴스 경찰청 사이버 안전국 확진 가짜 뉴스 생산자 유 포자 끝 추적 사법 처리 대응 다 이지현 박종관 정지,1
59,이상원 질병 관리 청 역학 조사 분석 단장 당국 국내 신종 감염증 환자 발생 비교 수준 최근 증가세 우려 상원 중앙 대책 본부 방 대본 역학 조사 분석 단장 충북 송 질병 관리 청 정례 브리핑 우리나라 경제협력개발기구 국가 최근 주간 명당 환자 발생 비율 나라 최근 국내 환자 증가 우려 상황 말 다방 대본 세계 규모 유행 진행 신규 확진 발생 설명 관련 기사 정책 콘테스트 승진 경남 고성군 인사 혁신 안 눈길 이승철 오디션 프로 부모 설명회 진행 학원 강사 대학 소 모임 체육 시설 노래방 일상 감염 지속 확산 속보 법무부 대검 방문 조사 협조 원칙 절차 진행 속보 법무부 대검 방문 조사 협조 원칙 절차 행대 여성 수술 자궁 파열 과실 치상 혐의 의사 무죄 팩트 체크 불법 비호 인공수정 출산 현실 속 초서 확진 가족 정보 유포 경찰 소장 접수 만원 이번 당근 마켓 판매 글 파문 남하 지역 감염 부산 수도권 관련 감염 배 이상 배 이상 증가 수치 다이 단장 국내외 확산 언급 조기 진단 강조 바이러스 증상 발생 이전 바이러스 배출 발병 이후 며칠 동안 지속 바이러스 배출 조기 검사 모두 안전 강조 증상 경우 진료소 접촉 기간 노출 분이 위험 당부 선희 기사 제보 보도자료,1
60,스가 요시히데 일본 총리 요시 히데 총리 인스타그램 캡처 일본 신종 감염증 신규 감염 가운데 요시 히데 총리 긴급 사태 선언 관광 활성 사업 고투 트래블 집중 총리 오전 총리 관저 기자단 관련 긴급 사태 선언 고투 트래블 재검토 전문가 현시점 상황 인식 교도통신 보도 전날 일본 전역 에선 집계 기준 신규 확진 발생 하루 확진 기준 최다 기록 관련 기사 도쿄 신규 확진 최대 고투 트래블 지속 인도 일반 냉장 보관 백신 개발 신규 확진 연일 여행 장려 수출 호황 운임 폭등 미국 유럽 스튜어디스 예방 특단 조치 기저귀 차라 싱가포르 세계 은행 가상 화폐 거래소 다 중국 나 홀로 수출 호황 컨테이너선 운임 폭등 팝 스타 남성 화장품 만원 어치 싹쓸이 항해 악천후 선박 컨테이너 와르르 달러 표시 채권 디폴트 구조조정 의지 구제 안 일본 확진 긴급 사태 선언 급증 최근 하루 확진 증가세 사실 유행 시작 관측 다스 총리 신규 양성자 확진 증가 홋카이도 도쿄 오사카 아이치 중심 권역 경향 진단 고투 트래블 재검토 카드 현지 아사히 신문 니혼게이자이 마이니치 신문 일본 후생노동성 대책 조언 전문가 조직 어 드 이 저리 보드 자문 위원회 회의 감염 상황 이후 증가 경향 지적 일부 지역 감염 확산 속도 증가 방치 급속 감염 확산 주의 총리 후생 노 동상 니시무라 경제 재생 담당 설명 최대한 경계 감 지자체 감염 상황 대응 대책 시행 지시 말 강 경주,1
61,일본 감염자 연일 증가 가운데 일본 도쿄도 관광지 센소지 인근 상점 여행 장려 정책 고투 트래블 이용자 지급 쿠폰 물건 안내문 일본 신종 감염증 이 확산 도쿄 확진 이틀 최 대치 기록 현지 이날 도쿄 에선 확진 보고 이틀 확진 최다 기록 이틀 확진 관련 기사 신도 한국 확진 급증 주목 인도 일반 냉장 보관 백신 개발 나선 다 유행 병상 부족 불 수도권 중환자 병상 문 대통령 비상 상황 특단 대책 확산 저지 확진 역대 최다 사실 봉쇄 단계 임박 사망자 대전 전사자 육박 뉴욕 실내 식당 영업 금 지자 가격 리자 급증 관리 구멍 주일 구청 전화 없어 확산 머리 국민 절반 이후 실직 임금 코스 피 최고 경신 안착 부양책 투심 견인 도쿄 누적 확진 일본 전체 누적 확진 전날 최근 일주일 직전 일주일 수준 이 다이 확산 일본 정부 대책 시행 있다 전문가 들로 구성 대책 분과 감염 확산 지역 여행 장려 정책 고투 트래블 을 일시 중단 필요 전날 제언 요시 히데 일본 총리 날 인터넷 방송 출연 연말연시 고투 트래블 일시 중단 생각 은빛,1
62,정세균 국무총리 전남 무안군 전남도청 신종 감염증 대응 중앙재난안전대책본부 회의 주재 정세균 국무총리 수도권 대한민국 전체 댐 각오 전력 강조 다 정세균 총리 이날 오전 전남도청 신종 감염증 중앙재난안전대책본부 회의 주재 이번 유행 기세 수도권 승기 말 다 정세균 총리 최근 열흘 연속 하루 확진 발생 대구경북 사태 당시 위기 상황 지속 수도권 지역 계속 역학 조사 진단 검사 부족 병상 확보 환자 치료 현장 인력 의료진 사투 하루하루 버티고 현실 관련 기사 유승민 연일 백신 이슈 발언 조기 확보 경제 회복 전날 신규 확진 역대 규모 종합 속보 서울 경기 울산 인천 부산 확진 마스크 트럼프 측근 치료 특별 대우 월마트 화이자 백신 접종 지원 매장 준비 중일본 신규 확진 연일 신기록 육박 부동산 호황 집주인 조원 수도권 유행 특전사 간부 역학 조사 현장 투입 희망 빛 화이자 백신 긴급 승인 자문위 회의 시작 미국 경제 내년 급성 장년 최고 조 길 뉴욕 에선 최근 확산 양상 수도권 중심 가족 친구 동료 접촉 감염 전국 확산 패턴 망 사례 확산 차단 애 설명 다 정세균 총리 정부 감염 확인 사례 추가 확산 차단 한편 전파 적극 선제 검사 확대 수도권 지역 곳 임시 선별 진료소 설치 연말 진단 검사 군 경찰 수습 공무원 여명 인력 수도권 지역 파견 역학 조사 총력 지원 정세균 국무총리 전남 무안군 전남도청 신종 감염증 대응 중앙재난안전대책본부 회의 주재 정세균 총리 수칙 준수 당부 최근 일상생활 곳곳 확산 긴장 고삐 연말 성탄절 각종 종교 모임 행사 준비 곳도 우려 지금 협조 비대 종교 활동 모임 식사 금지 수칙 피력 다 정세균 총리 최근 전국 조류 인플루엔자 상황 전남 영암 나주 전국 시군 닭 오리 농장 건의 조류 인플루엔자 발생 광범위 지역 지속 항원 검출 전국 확산 우려 국면 농 식품 부 환경부 행 안부 지자체 유행 사례 재연 농가 총력 이번 처음 실시 가금 농장 전담 관제 농장 수칙 현장 준수 점검 지원 주문 다 김수현,1
63,성수기 강원도 경기도 스키장 고민 한숨 신종 감염증 확산 시설 운영 차질 설상가상 올해 초겨울 날씨 탓 예년 이달 개장 개장 바이러스 확산 우려 운영 제한 조치 삼중고 강원 경기 지역 스키장 사이에서 눈물 개장 말 배경 강원 지역 스키장 관계자 개장 이벤트 올해 내부 올해 장사 얘기 이달 개장 경기 광주 곤지암 리조트 정부 겨울 스포츠 시설 지침 시간대 슬로프 이용객 평소 정원 명의 인 제한 운영 곤지암 리조트 제공 스키 눈썰매장 단계 시설 운영 제한 정부 겨울 스포츠 시설 지침 스키장 눈썰매장 빙상 장 일반 관리 시설 지정 거리 두기 단계 시설 운영 제한 골자 단체 모임 회식 금지 개인 장비 이용 시설 이용객 수칙 포함 정부 지침 스키장 눈썰매장 실외 시설 거리 두기 단계 입장객 수용가 능인 절반 단계 단계 입장객 수용가 능인 로 제한 단계 오후 이후 시설 운영 금지 단계 조치 경우 집합 금지 명령 시설 가동 중단 관련 기사 속보 수도권 환자 전체 확산 반전 없어 정 총리 수도권 경찰 투입 유승민 연일 백신 이슈 발언 조기 확보 경제 회복 전날 신규 확진 역대 규모 종합 속보 서울 경기 울산 인천 부산 확진 마스크 트럼프 측근 치료 특별 대우 월마트 화이자 백신 접종 지원 매장 준비 중일본 신규 확진 연일 신기록 육박 부동산 호황 집주인 조원 희망 빛 화이자 백신 긴급 승인 자문위 회의 시작 야외 바이러스 감염 실내 시설 제한 조치 실내 빙상 장과 눈썰매장 거리 두기 단계 입장객 면적 당 제한 단계 음식물 섭취 오후 이후 운영 금지 거리 두기 단계 시설 가동 전면 중단 고양 원마운트 부천 웅진플레이도시 수도권 지역 실내 눈썰매장 문 이달 개장 강원 평창 용평리조트 사회 거리 두기 하나로 슬로프 리프트 이용 스키 폴 기준 이상 거리 두기 캠페인 진행 용평리조트 제공 단계 입장객 절반 제한 정부 지침 강원 경기 스키장 시설 운영 차질 강원 지역 거리 두기 단계 서울 경기 수도권 단계 조치 상태 개장 경기 광주 곤지암 리조트 시간대 슬로프 이용객 최대 제한 당초 정원 명의 절반 계획 입장 허용 정부 단계 지침 리조트 슬로프 리프트 혼잡도 리프트 이용 발행 시간 제한 계획 정부 지침 운영 시간 단축 거리 두기 단계 운영 시간 제약 입장객 제한 수요 감소 야간 시간대 부담감 이유 운영 시간 곳 있다 곤지암 리조트 새벽 시간 운영 심야 스키 운영 정선 하이원리조트 평일 오전 오후 주말 금 토요일 오후 시로 운영 시간 단축 강원 평창 용평리조트 지난해 자정 운영 스키장 올해 오후 운영 스키장 관계자 야간 심야 스키 리조트 투숙 손님 객실 식음 판매 실적 영향 우려 수용가 능인 기준 스키장 대다수 스키장 정부 입장객 제한 지침 반응 스키장에서 지침 경우 입장객 답 평소 입장객 제한 두지 실외 시설 특성 수용가 능인 기준 정부 현장 상황 불만 유다 일부 이달 확진 급증 상황 정부 지침 지적 다 복수 스키장 관계자 여파 이용객 전년 대비 상황 인원 제한 실효 의문 회의 반응 문화 체육 관광부 일 거리 두기 단계 입장객 규모 스키장 협의 선우,1
64,유승민 의원 지난달 서울 여의도 국회 앞 태흥 빌딩 희망 사무실 경제 주제 주택 문제 사다리 복원 토론회 인사말 뉴스 야당 거부권 비토 무력 고위 공직자 범죄 수사 처 공수 처 법 개정안 국회 본회의 통과 가운데 유승민 미래 통합 당국 민의 힘 전신 의원 문재인 정부 신종 감염증 백신 조기 확보 공수 처 출범 혈안 지적 정부 직무 유기 죄 다 유승민 의원 이날 자신 페이스북 문재인 정부 무능 직무 유기 죄 비판 다 유승민 의원 나라 정부 백신 조기 확보 접종 시작 접종 시작 정부 유일 계약 아스트라 카 명분 내년 단계 도입 예정 임상 상도 미국 승인 강조 식품 의약품 안전 처가 승인 하면 된다 내년 명분 접종 시작 정부 발표 국민 속 거짓말 나라 백신 확보 때 대통령 보건 복지부 홍보 유승민 의원 지난달 서울 여의도 국회 앞 태흥 빌딩 희망 사무실 간담회 인사말 아스트라 카 강요 권한 유 승 민 의원 확진 대부분 수도권 서울 중증 환자 입원 병상 남지 컨테이너 병상 급조 상황 위기 상황 대통령 고위 공직자 범죄 수사 처 공수 처 법 통과 다행 탄소 중립 비전 선언 일 열중 관련 기사 김근식 최강 공수 처장 김 남국 수사관 드림팀 다자 가격 리라 제사 내야 집으로 가족 허은아 연산군 역사 남 공수 처 축하 속보 대응 채권 매입 규모 유로 확대 사우디 화이자 백신 승인 세계 내일 확진 까 오후 기준 아스트라 카 백신 승인 지연 약 처 신속 심사 배현진 김종인 뜨내기 발언 에 김현아 대변인 하루 신규 확진 천명 이틀 최다 경신 오후 내일 최소 중후반 수도 지금 공수 처 탄소 중립 백신 최대한 확보 국민 보고 국민 백신 접종 선택 자유 보장 촉구 임상 면역 효과 아스트라 카 한가지 주사 정부 강요 권한 국민 생명 안전 우선 말 대통령 비판 조준 혁,1
65,하 이프 빌 리프 랩 제공 그룹 하 이프 멤버 전원 음성 판정 소속사 빌 리프 랩 팬 커뮤니티 플랫폼 위 버스 하 이프 검사 결과 음성 판정 금일 활동 정상 재개 빌 리프 랩 관련 지침 예방 수칙 준수 아티스트 구성원 관리 심려 양해 하 이프 사랑해 주시 팬 감사 말씀 관련 기사 하루 사망자 수능 시험 수험 불만 속출 서울 신규 확진 강릉 문화원 기타 강좌 관련 강생 확진 종합 신규 확진 이틀 연속 위협 속보 기아 광주 공장 직원 확진 일부 라인 이탈리아 항원 진단 키트 수출 대웅제약 이 스타 정 치료 효과 소식 강세 박 능 후 일주일 여명 신규 확진 의료 체계 위태 박 능 후 의료 역량 한계 다다 상황 하 이프 촬영 참여 주 스태프 확진 판정 선제 대응 차원 검사 진행 예정 정오 희망 곡 출연 팬 사인회 일정 취소 다음 빌 리프 랩 입장 전문 안녕하세요 입 니다 검사 결과 안내 참여 촬영 현장 주 스태프 확진 판정 아티스트 스태프 전원 선제 검사 진행 검사 결과 음성 판정 금일 활동 정상 재개 은 관련 지침 예방 수칙 준수 아티스트 구성원 관리 심려 양해 을 사랑해 주시 팬 감사 말씀 김수영 기사 제보 보도자료,1
66,일 현지 시간 미국 워싱턴 구호 단체 앞 무료 배급 식량 사람 북반구 겨울 추위 신종 감염증 환자 급증 미국 유럽 한국 일본 마찬가지 상대 나라 국가 통계 추정 곳 대표 중국 러시아 이란 베네수엘라 북한 확진 사망자 통계 확신 세계 국의 숫자 종합 추적 통계 사이트 월도 미터 일 현지 시간 세계 누적 확진 사망자 확진 대비 사망률 평균 로 계산 관련 기사 달리 오와 다이 애플 테슬라 금 김현석 월스트리트 나우 연말정산 환급 금 얼마 연말정산 계산기 오픈 유럽 의약품 청 해킹 당해 화이자 백신 서류 불법 접근 연말 외식 홈파티 인기 소고기 매출 세계 화이자 백신 사용 승인 보건 장관 며칠 오늘 안팎 확산 선제 무료 검사 확대 미국 주식 만원 세금 신고 주 코 노미 화이자 알레르기 이력 제외 임상시험 진행 미 국방부 백신 초기 물량 만회 주한 미군 곳 보급 캐나다 화이자 백신 사용 승인 세계 미국 확진 대비 사망률 로 세계 평균 확진 급증 추세 반영 결과 시간 사망률 영 국의 사망률 프랑스 로 아시아 한국 일본 사망률 선진국 대만 뉴질랜드 대만 에선 지금 사망자 통계 왜곡 전체주의 국가 이상 러시아 통계 러시아 사망률 확진 상황 사망자 겁 니다 좌파 니콜라스 마두로 철권 통치 베네수엘라 남미 콜롬비아 아르헨티나 페루 안팎 규모 확진 숫자 공개 세계 빈국 베네수엘라 환자 사망자 지금 베네수엘라 봄 시신 적 곳 길거리 방치 국가 베네수엘라 대통령 로이터 베네수엘라 자국 사망률 라고 주장 숫자 대로 라면 세계 치명 나라 북한 경우 세계 국가 통계 환자 주장 내부 치료 사망 환자 속출 게 대체 분석 북한 정부 국경 폐쇄 정도 비상 국가 피해 상대 선진국 제약 회사 정보 해킹 앞장 유럽연합 백신 승인 유럽 의약품 청 이날 성명 사이버 공격 공개 해킹 주도 국가 북한 중국 러시아 이란 곳 내부 통제 목적 사태 피해 자국 국민 미국 금주 말 화이자 백신 승인 선진국 경제 정상화 좌우 백신 일반인 대량 배포 악몽 사태 끝 날 캐나다 보건부 이날 화이자 백신 사용 영국 바레인 세계 승인 긍정 소식 입 니다 캐나다 정부 백신 어린이 접종 이상 배포 백신 의료진 장기 요양 시설 거주자 투여 세계 미국 주시 인구 세계 국내 총 생산 위조 정도 영향력 크기 환자 이날 기준 압도 미 식품의약국 내일 자문 위원회 회의 화이자 백신 긴급 사용 승인 여부 심사 이변 이번 주말 승인 관측 지배 정부 시간 결정 국가 승인 백신 이기 글로벌 제약 회사 화이자 개발 백신 미국 사용 승인 로이터 앨릭스 에 미 보건 복지부 장관 이날 화이자 백신 며칠 승인 연말 미국인 접종 말 습 니다 미국 일반인 화이자 백신 대량 접종 시기 내년 게 설명 경제 활동 그때 정상 수순 겁 니다 부작용 우려 접종 반대 여론 복병 복병 접종 반대 백신 개발 부작용 영국 백신 보건 당국 직원 알레르기 거부 반응 쇼크 증상 이후 영국 정부 평소 알레르기 증상 사람 백신 조치 요 영국 여론 조사 업체 피니 엄 실시 일반인 설문 조사 응답자 백신 답 답변 사람 대부분 안전 우려 습 니다 미국 퓨리 서치 센터 최근 성인 대상 조사 결과 백신 접종 답변 백신 자체 검증 겁 니다 종전 백신 개발 이번 백신 개발 이례 소요 배포 화이자 백신 경우 사용 사례 방식 장기 효과 부작용 검증 백신 개발 약사 각국 정부 상대로 부작용 면책 요청 심리 불안 요인 제약 회사 부작용 배제 방증 상황 제약 회사 요구 면책 수용 국가 뉴 욕조 길 특파원,1
67,강 서울 관광 재단 작년 올해 극 극 상황 경험 지난해 외래 관광객 역대 최고 기록 덕분 전국 관광 재단 위상 상황 돌변 신종 감염증 사태 외래 관광객 썰물 급감 전년 대비 외래 관광객 시장 급 경색 외래 관광객 국제 행사 유치 도시 마케팅 주력 서울 관광 재단 태세 전환 사태 직격탄 여행 호텔 관광업 지원 긴급 융자 지원 고용 유지 지원 정부 대책 사각지대 실리 행정 최근 포스트 시장 선점 래 마케팅 적극 서울 형 위기 극복 프로젝트 가동 서울 관광 재단 여행 마 이스 기업 회의 포상 관광 컨벤션 전시회 호텔 관광 업종 피해 지원 일명 서울 형 위기 극복 프로젝트 서울시 예산 투입 업체 최대 만원 지원 위기 극복 프로젝트 긴급 피해 지원 시장 재개 기업 회생 초점 관련 기사 학생 확진 등교 불발 학교 곳 육박 중저가 리 무선 이어폰 시장 분기 매출 박 의장 은폐 사실무근 공식 석상 발언 유감 부유국 백신 싹쓸이 북한 에선 내년 학생 신규 확진 등교 불발 학교 곳 육박 시노 백신 정식 승인 세계 최초 승인 사례 속보 학생 명교 직원 신규 확진 누구 안전 편안 다 유니버설 관광 서비스 확대 서울 관광 거점 서울 관광 플라자 내년 문 다 평택 오산 미군 기지 노 마스크 춤판 공식 사과 광고 여행 업계 신규 여행 상품 개발 콘텐츠 고도 플랫폼 개발 지원 월평균 이상 매출 급감 소기업 소상 공인 지원 대상 선정 이달 여행사 지원금 지급 인 미만 소상 공인 관광 사업체 예산 별도 책정 업체 최대 만원 무급 휴직 수당 달 보조 위기 극복 프로젝트 실효 지원 업종 기준 완화 지원 마 이스 분야 지원 대상 업종 국제회의 전시 기획 업 공연 운송 전시 디자인 서비스 유니크 베 뉴 확대 지원 대상 선정 기준 업계 경력 피해 사실 입증 업종 특성 감안 피해 사실 확인 절차 생략 사태 장기 경영난 호텔 업계 설비 강화 플랫폼 고도 추가 투입 이달 숙박 시설 곳 재단 긴급 피해 지원 한류 열풍 활용 래 여행 마케팅 재단 포스트 시장 선점 래 마케팅 적극 동영상 공유 틱톡 서울 나우 캠페인 진행 서울 풍경 과거 서울 여행 영상 공유 서울 나우 캠페인 주일 건의 영상 조회 기록 도 가상현실 최신 촬영 기법 제작 차은우 서울 래 여행 조회 섰다 재단 래 마케팅 서울 관광 명예 홍보 대사 활동 방탄소년단 홍보 영상 정점 멤버 등장 테마 서울 영상 열흘 조회 여행 재개 여행지 서울 의 메시지 영상 덕 서울 세계 한류 팬 인기 여행지 사전 제작 영상 래 마케팅 실시간 소통 방식 지난달 시작 서울 커넥트 유 캠페인 서울 관광 인스타그램 짓 서울 라이브 중계 한류 팬 서울 여행 속 여행지 소개 캠페인 그룹 데이 식스 그룹 오마이걸 여자 아이들 멤버 가이드 마케팅 콘텐츠 팝 영화 드라마 확대 지난달 공개 서울 무비 투어 봉준호 감독 작품 기생충 옥자 괴물 살인의 추억 촬영 지 영화 전문가 탐방 영상 캠페인 이다 경희궁 경복궁 청 덕 궁 창경궁 킹덤 투어 처음 넷플릭스 인기 드라마 킹덤 소재 제작 래 선 투어 프로그램 시대 안전 여행 인프라 구축 포스트 시대 대비 안전 여행 인프라 확충 속도 서울 관광 재단 최근 전국 지자체 최초 안전 관광 서비스 이지 트래블 도입 외국인 자유 여행객 전용 서비스 교통 관광지 숙소 예약 짐 보관 번역 각종 상해 질병 여권 지갑 분실 대비 의료 보험 서비스 무료 제공 다재 설립 목적 관광 복지 실현 지난달 재단 확산 운영 중단 서울 도보 해설 관광 코스 편의 영상 제작 래 도보 여행 서비스 시작 재단 관계자 사태 장기 서울 시민 국민 충전 기회 제공 취지 서울시 민이 관광 여유 풍요 삶 관광 서비스 인프라 확충 계획 말 선우,1
68,대한항공 인천 발 네덜란드 암스테르담 여객기 드라이아이스 포함 백신 원료 을 수송 대한항공 제공 대한항공 국내 최초 신종 감염증 백신 원료 콜드 체인 저온 유통 망 방식 수송 대한항공 인천 발 네덜란드 암스테르담 여객기 드라이아이스 포함 백신 원료 을 수송 항공 수송 백신 원료 물질 국내 업체 생산 영하 도 이하 냉동 상태 최종 목적지 유럽 백신 생산 공장 운송 관련 기사 하루 현실화 전날 확진 육박 종합 연수원 인화 생활 치료 센터 제공 단계 확진 연속 경기도 확진 급증 확진 병상 배정 산 중학교 학생 산 확진 대한항공 백신 원료 영하 운송 인천 유럽 대한항공 국내 최초 백신 원료 수송 앤디 포스 남미 진단 키트 공급 소식 강세 속보 삼성생명 서초 사옥 확진 발생 대전 종교 모임 추정 확진 째 코 로나 백신 제품 특성 영하 도 이하 극 온 영하 도 이하 냉동 도의 냉장 유지 온도 맞춤 송인 콜드 체인 필요 이번 수송 백신 원료 경우 극 온 운송 필요 의약품 수송 전용 특수 용기 탑재 대한항공 설명 특수 용기 의 드라이아이스 사용 별도 전원 장치 영하 도 이하 상태 여 시간 유지 대한항공 인천 발 네덜란드 암스테르담 여객기 드라이아이스 포함 백신 원료 을 수송 대한항공 제공 대한항공 백신 운송 대비 화물 영업 특수 화물 운송 전문가 구성 백신 수송 구성 필요 시설 점검 전용 공간 확대 진행 대한항공 지난해 국제항공운송협회 의약품 항공 운송 전문 우수 증명 국제 표준 인증 을 취득 바탕 국내 진단 키트 세계로 수송 화물 전용 여객기 여객기 좌석 제거 의료 물자 수송 공급 지속 추가 확보 이다 대한항공 관계자 향후 급증 예상 백신 수송 대비 필요 항공기 스케줄 공급 확보 계획 콜드 체인 물류 과정 최상 서비스 제공 준비 예정 말 다 오정민 기사 제보 보도자료,1
69,대구 중구 동인동 마늘 칼국수 집 식사 도중 손님 대화 때 마스크 손님 마스크 대화 여주인 손님 마스크 요청 손님 대구 여주인 단계 자영업 영업 말 유행 전국 확산 대구 이후 확진 하루 평균 정도 안정 상태 유지 민복기 대구 시의 사회 대책 본부장 시민 수준 마스크 착용 실천 비결 진단 대구 확진 발생 이후 만인 누적 확진 일간 확진 을 기록 사실 싸움 이후 이달 일간 하루 확진 자릿수 기록 엿새 관련 기사 사람 백신 도움 통일부 대북 백신 지원 정부 공감대 있다 백신 확보 막 전 막후 장고 끝 위험 분산 전략 채택 영국 정부 내년 정상 시작 메 르 겨울 다 부분 봉쇄 강화 시사 오후 전국 확진 내일 중후반 예상 대응 성장 기반 강화 조원 경제 대책 결정 아내 맛 여파 스페셜 방송 대체 서울 오후 오늘 신규 확진 중환자 병상 부족 개 사용 김영택 충남대 교수 예방의학 전국 확진 이상 대구 집중 누적 확진 상황 감안 대구경북 성과 경이 수준 대구경북 서울 다음 확진 상황 말 구시 권영진 시장 제안 마스크 운동 전개 마스크 경제 지역 사회 의미 운동 대구 상황 확진 기준 단계 생활 음식물 섭취 제한 단계 수준 강화 민 본부장 단계 방 단계 학원 스터디 카페 음식물 섭취 제한 대구 단계 상황 단계 음식물 섭취 제한 주효 일본 대구 마스크 사례 벤치마킹 설명 시장 전문가 의견 종합 음식물 섭취 때 전파 전국 확산 대구 지금 안정세 시민 참여 시민 마스크 운동 생활 말 다 대구 오경 묵,1
70,앤드루 쿠오모 뉴욕주 지사 오늘 화상 브리핑 신종 감염증 전개 추이 전달 주민 강화 요청 뉴욕 미국 재앙 전염병 처음 곳 오명 쿠 오 모 앞 뉴욕시 환자 입원 정상화 경우 식당 실내 영업 금지 추세 입원 안정 뉴욕시 에선 하루 여 입원 쿠 오 모 입원 환자 병원 수용 능력 초과 사람 병원 복도 들것 의미 라고 부연 다음 주 월요일 뉴욕시 식당 카페 주점 실내 영업 전면 금지 게 쿠 오 모 설명 관련 기사 아이즈 멤버 전원 음성 판정 향후 스케줄 예정 공식 이번 주 담판 결과 영국 주식 사라 위 은행 소시 테제 지점 인터넷 강화 생사 위기 멕시코 교민 고국 이식 성공 삶 대선 출마 여지 이인영 지원 길 서울시 선별 진료소 운영 시간 연장 사회 거리 두기 단계 문 학원 프리 휴양지 하 이난 중국인 정 총리 백신 내년 분기 도입 접종 시기 탄력 결정 성격 수익률 투자 올해 식당 문 뉴욕시 정상 단계 수용 인원 실내 영업 허용 식당 업주 종업원 최소 로 확대 역 실내 영업 전면 금지 수순 겁 니다 문제 겨울 추위 지금 뉴욕시 식당 절반 실외 영업 생계 날씨 경우 원천 미식가 천국 뉴욕시 식당 악몽 시간 의미 입 다쿠 오 모 평균 병상 가동 경우 셧다운 조치 경고 배달 테이크아웃 영업 때 식당 주점 일반 소매점 폐쇄 겁 니다 약국 식료품점 필수 사업장 영업 요 뉴욕 장기간 조치 집단 반발 움직임 스태튼아일랜드 주점 야간 영업 제한 조치 체포 처지 경찰 폭행 체포 주점 앞 뉴욕주 시 조치 항의 시위 요 미국 환자 급증 추세 존스 홉킨스 통계 일주일 하루 평균 신규 환자 집계 역대 최고 입원 환자 뉴욕주 인구 밀도 스테이트 뉴저지 위험 마찬가지 일 역대 신규 확진 발생 추세 내년 중순 정점 경고 앤서니 파 우치 미 국립 알레르기 전염병 연구소 소장 이날 쿠 오 모 브리핑 동반 출연 내년 중순 암울 시간 말 뉴욕시 유대인 최근 집회 모습 마스크 사람 뉴욕 포스트 캡처 지난달 말 추수감사절 때 가족 친지 방문 여파 가운데 유대교 축제 하누카 이후 크리스마스 연휴 고구마 줄기 연결 유대교 사람 마스크 밀집 장소 행사 파 우치 이번 사태 대응 전 행사 모임 걱정 사태 초기 충격 경험 뉴욕 엄습 악몽 뉴 욕조 길 특파원,1
71,권상우 류수영 이정재 유명 배우 매니저 확진 소식 연예 계가 가운데 실체 지라시 유포 관련자 시름 취재 결과 아티스트 컴퍼니 이엘라 이즈 컴퍼니 엔터테인먼트 소속 매니저 확진 판정 아티스트 컴퍼니 정우성 이정재 소속 이엘라 이즈 류수영 컴퍼니 권상우 엔터테인먼트 정해인 유명 배우 소속 충격 공식 소속사 입장 모바일 중심 배우 이름 매니저 검사 양성 음성 검사 내역 지라시 평소 친분 매니저 검사 관련 기사 기말고사 코앞 방 학원 멘붕 지침 생계 효율 자영업자 분통 나노 젠 베트남 백신 임상 상 시작 수도권 은행 시반 시반 다 가짜 뉴스 유포 검찰 송치 대학 전면 비대 시험 수리 모델 예측 해 보니 확진 하루 수도 내년 반도체 수출 환경 전지 바이오 헬스 약진 기대 포스트 시대 해외 시장 공략 키워드 연일 호주 중국 이제 진원지 호주 일 이름 언급 매니지먼트사 담당 매니저 당혹 매니저 전 재택근무 시행 직원 시기 잘못 소문 호소 관계자 내용 퍼트 검사 음성 검사 결과 자체 말 안 말 매니저 어제 지라시 난리 토로 한편 확진 매니저 소속 배우 접촉 배우 스케줄 동행 현장 매니저 선제 대응 차원 검사 사람 이정재 박소담 권상우 검사 음성 판정 확진 지침 격리 치료 밀접 접촉 확인 후 주간 격리 진행 연말 각종 방송사 시상식 예정 상황 로 달 강 펜트하우스 허쉬 철인왕후 도시남녀 사랑 법 확진 발생 촬영 중단 사례 관계자 김소연 기사 제보 보도자료,1
72,오후 서울 영등포구 여의도공원 인근 민주노총 주최 전국 노동자 대회 참석자 구호 문재인 대통령 더불어민주당 지지 동반 하락 집권 후 최저 기록 여론 조사 결과 리얼미터 의뢰 지난달 이달 전국 이상 대상 조사 주간 집계 문 대통령 국정 수행 지율 긍정 평가 전주 포인트 하락 내용 리얼미터 홈페이지 중앙선 여론 조사 심의 위원회 홈페이지 참조 하면 된다 과거 신종 바이러스 감염 증가 확산 때 여권 지지 반등 비교 이례 현상 관련 기사 대학 전면 비대 시험 영국 세계 최초 화이자 백신 일반 접종 시작 송년회 강원 제주 호텔 예약 동 가수 청하 확진 활동 중단 확산 서울 병상 가동 컨테이너 병동 도입 울산 양지 요양 병원 이틀 새 확진 고령 환자 비상 문재인 대통령 역학 조사 공무 원군 경찰 투입 지시 상보 기보 위기 광주시 문화콘텐츠 기업 맞춤 지원 속보 문 대통령 조금 의심 검사 양향자 정부 개혁 실패 불황 정부 조직 혁신 야권 그동안 확산 때 신천지 보수 집회 특정 진원지 반발 심리 정부 지지 반영 이번 특정 집단 책임 상황 여권 처음 시험대 반응 국민 힘 관계자 개인 감 문재인 대통령 지지 추미애 윤석열 문제 확산 작용 추측 일반 국민 추미애 라임 옵티머스 관심 의문 일반인 관심 문제 라고 지적 관계자 이번 신천지 탓 동성애 탓 태극기 집회 탓 사회 거리 두기 완화 강화 행정 백신 확보 모습 지적 자영업자 피로감 정부 불만 고조 이유 관계자 추미애 별개 슈라 기보 다도 정부 윤석열 청와대 정무 수석 축구 불만 증폭 역할 분석 직전 한국갤럽 여론 조사 문 대통령 긍정 평가 이유 질문 대처 답변 포인트 급락 보수 집회 원천 봉쇄 정부 민주노총 집회 사실 허용 비판 관련 서울시 지난달 온라인 브리핑 최근 확산 민주노총 집회 달 광복절 집회 탓 주장 논란 유미 서울시 제관 확진 자 분석 결과 러 윈 데이나 주말 도심 집회 민주노총 집회 연관 광복절 집회 당시 확진 발생 지역 사회 잔존 감염 판단 최근 발생 규모 다발 집단 감염 생각 말 명일,1
73,청하 가수 청하 신종 감염증 확진 판정 가요 비상 엔터테인먼트 청하 최근 확진 자와 접촉 사실 인지 자발 검사 오전 검사 결과 최종 확진 판정 활동 중단 자가 격리 당국 지침 필요 조치 소속사 동선 접촉 소속 아티스트 스태프 직원 검사 진행 진행 예정 확인 대로 후속 조처 강조 관련 기사 포토 원격 수업 서울 시내 중고등학교 청하 조심 데미안 확진 후 글 가수 청하 확진 활동 중단 청하 확진 활동 중단 자가 격리 공식 용산구 이태원 홀 덤 곳 확진 이용자 검사 웨스턴 라운지 이태원 술집 동시 다발 감염 검사 속보 서울 동작구 사우나 감염 일 집합 금지 속보 문 대통령 수도권 급속 확산 역학 조사 속도 비행기 여행가 정부 학계 탈출구 다 확진 이틀 방위 확산 종합 최근 다수 가수 확진 판정 가요 청하 소식 긴장 업텐션 비토 고결 에버 글로우 시현 미스터 트롯 이찬원 검사 양성 반응 활동 시기 불안감 청하 내년 정규 앨범 발매 선 공개 싱글 순차 공개 확진 향후 앨범 발매 일정 변동 다 청하 등장 예정 방송 관심 방송 사이 출연 해당 방송 청하 선미 출신 오마이걸 유아 이달 소녀 관련 관계자 일 촬영 방송 진행 예정 출연진 스태프 청하 확진 연관 입장 하루 전인 진행 대형 가요 시상식 마마 이목 집중 해당 행사 아이돌 팀 참석 무대 일각 연쇄 감염 우려 표 참석 확진 소식 해진 이후 팬 카페 글 조심 제가 부족 오늘 연락 건강 모습 활동 모습 별 하 조심 조심 걱정 사과 다 김수영 기사 제보 보도자료,1
74,청하 확진 후 팬 글 가수 청하 신종 감염증 확진 판정 가운데 팬 마음 공식 팬 카페 걱정 제목 글 게재 하 공식 팬덤 소식 걱정 글 조심 제가 부족 오늘 연락 건강 모습 활동 모습 팬 안심 관련 기사 가수 청하 확진 활동 중단 청하 확진 활동 중단 자가 격리 공식 용산구 이태원 홀 덤 곳 확진 이용자 검사 웨스턴 라운지 이태원 술집 동시 다발 감염 검사 속보 서울 동작구 사우나 감염 일 집합 금지 속보 문 대통령 수도권 급속 확산 역학 조사 속도 비행기 여행가 정부 학계 탈출구 다 확진 이틀 방위 확산 종합 홍 남 국민 위 소비 촉진 크리스마스 마켓 추진 속보 서울 경기 인천 울산 부산 확진 별 하 조심 조심 걱정 사과 이날 검사 결과 양성 판정 소속사 엔터테인먼트 청하 최근 확진 자와 접촉 사실 인지 자발 검사 오전 검사 결과 최종 확진 판정 활동 중단 자가 격리 당국 지침 필요 조치 다 김수영 기사 제보 보도자료,1
75,가수 청하 가수 청하 신종 감염증 확진 판정 소속사 엔터테인먼트 최근 확진 자와 접촉 사실 인지 자발 검사 이날 오전 검사 결과 최종 확진 판정 활동 중단 자가 격리 당국 지침 필요 조치 동선 접촉 소속 아티스트 스태프 직원 검사 진행 진행 예정 확인 대로 후속 조처 설명 관련 기사 용산구 이태원 홀 덤 곳 확진 이용자 검사 웨스턴 라운지 이태원 술집 동시 다발 감염 검사 속보 서울 동작구 사우나 감염 일 집합 금지 속보 문 대통령 수도권 급속 확산 역학 조사 속도 비행기 여행가 정부 학계 탈출구 다 확진 이틀 방위 확산 종합 홍 남 국민 위 소비 촉진 크리스마스 마켓 추진 속보 서울 경기 인천 울산 부산 확진 속보 사망자 속보 확진 이틀 지역 끝 당사 정부 방침 적극 협조 회사 전체 추가 감염 위험 전반 점검 실시 전체 아티스트 관리 만전 내년 정규 앨범 케렌 시아 발매 마지막 선 공개 싱글 길 꽃밭 공개 예정 확진 인해 추후 일정 변동 최근 가요 확진 다수 비상 업텐션 비토 최초 확진 판정 팀 멤버 고결 에버 글로우 시현 미스터 트롯 이찬원 양성 반응 청하 확진 판정 가수 감염 다음 청하 소속사 엔터테인먼트 공식 입장 전문 엔터테인먼트 당사 소속 아티스트 청하 양성 판정 소식 최근 확진 자와 접촉 사실 인지 자발 검사 오전 검사 결과 최종 확진 판정 활동 중단 자가 격리 당국 지침 필요 조치 동선 접촉 소속 아티스트 스태프 직원 검사 진행 진행 예정 확인 대로 후속 조처 당사 정부 방침 적극 협조 회사 전체 추가 감염 위험 전반 점검 실시 전체 아티스트 관리 만전 수영 기사 제보 보도자료,1
76,버버리 제공 영국 신종 감염증 이 확산 중순 명품 업체 버버리 런던 외곽 숲 봄여름 컬렉션 공개 런웨이 모델 관객 대신 온라인 중계 세계 패션쇼 고객 제품 마음 온라인 구매 그동안 명품 패션쇼 소수 부유 인식 버버리 명품 업계 처음 방구석 래 패션쇼 여파 각종 컬렉션 패션쇼 취소 때 관심 과거 명성 버버리 설립 전통 고집 버버리 전례 행보 주목 사태 위기 버버리 사업 정비 기회 구습 디지털 전환 구조조정 단행 부모 세대 브랜드 이미지 파격 시도 실적 개선 혁신 변화 주도 마르코 고베 티 최고경영자 위기 기회 절치 부심 버버리 분기 유로 매출 애 널 리스트 분기 매출 분기 예상 감소 선방 평가 중국 한국 미국 매출 자릿수 증가 기록 덕분 회사 설명 다 영국 캐슬 드 생산 공장 최근 가동 정상화 안전 작업 환경 자체 조치 재택근무 유연근무제 도입 고베 티 중국 한국 아시아 시장 선전 회복세 시작 밀레니얼 세대 신규 고객 유입 버버리 브랜드 반응 긍정 고무 명품 전문 매체 징 데일리 버버리 글로벌 명품 업체 선두 충격 탈출 버버리 최악 상황 분석 관련 기사 재택근무 증가 반려 동물 시장 호황 울산 양지 요양 병원 확진 추가 러시아 확진 최 대치 하루 확진 엿새 연속 의료 시스템 붕괴 우려 백신 공급 북한 확진 강 경화 정부 이번 주 백신 확보 계획 다 오바마 영국 여왕 백신 출시 일 수도권 단계 밤 이후 셧다운 수도권 단계 위중 환자 혈장 치료제 투여 후 완치 국내 사례 지난여름 고베 티 명품 업체 처음 구조조정 단행 세계 매장 이상 문 전체 매출 차지 중국 아시아 관광객 발길 분기 매출 전년 동기 대비 급감 세계 직원 해고 생산 유통 재고 대대적 정비 파운드 이상 비용 절감 기존 공식 한편 디지털 전환 작업 힘 손님 매장 과거 폐쇄 접근법 소비자 소 미 디어 전폭 활용 신제품 유튜브 공개 직원 동원 일상생활 컬렉션 화보 셀 피 비대 방식 콘텐츠 제작 마케팅 친구 버버리 백 느낌 밀레니얼 세대 반응 세계 기업 상황 버버리 투자 주저 선택 집중 전략 최대 시장 중국 주력 상반기 중국 매장 중국 대표 정보기술 대기업 텐센트 인기 게임 아너 오브 킹스 협업 하기 트레이드 마크 체크 무늬 트렌치 코트 고집 감각 접목 제품 에코 백 질감 디자인 포켓 백 인기 샤넬 루이비통 명품 업체 가격 인상 반대 버버리 대대적 할인 행사 진행 베 티 명품 업체 눈독 미다스 손 브랜드 이미지 변신 성공 전성기 트렌드 본능 감각 시도 신속 의사 결정 강점 다그 이탈리아 미국 워싱턴 아메리칸대 경영학 전공 뒤 선더버드 경영대학원 경영학 석사 학위 보 테 가 베 타 광고 감독 명품 업계 첫발 뒤 승승장구 발 렉스 임원 합류 모스 키노 이후 지방시 당시 디자이너 리카르도 티 시와 지방시 부활 셀린 느 로 전성기 버버리 합류 티 최고 크리에이티브 책임자 다 김정은,1
77,박소담 배우 박소담 감염증 확진 자와 접촉 검사 자가 격리 이다 연극 앙리 할아버지 제작사 파크 컴퍼니 박소담 확진 자와 접촉 검사 결과 파크 컴퍼니 연극 앙리 할아버지 출연 박소담 배우 접촉 소속사 직원 저녁 양성 판정 박소담 오전 검사 결과 관련 기사 영국 화이자 백신 긴급 승인 다음 주 접종 모 백신 본인 효과 타인 감염 삼 국내 항 바이러스 페인트 개발 삼화페인트 국내 최초 항 바이러스 페인트 출시 효능 화이자 백신 의문점 박소담 아티스트 컴퍼니 재계약 신뢰 전폭 지원 치료제 공급 계획서 로이터 미국 대선 날 확진 역대 호주 정유 시설 가동 중단 더 이상 경제 없어 미국 유럽 확진 연일 최다 글로벌 경제 패닉 우려 소속사 직원 확진 전인 오후 공연장 방문 박소담 미팅 배우 박소담 유리 채수빈 신구 이순재 출연 연극 앙리 할아버지 주간 공연 중단 다 파크 컴퍼니 공연장 수칙 관리 감염 예상 선제 예방 차원 공연 진행 모두 안전 필요 판단 주간 공연 마지막 변경 시책 예 공연 예 매 관객 연극 앙리 할아버지 팀 건강 모습 관객 날 고대 준비 다 김정호 객원,1
78,당국 사회 거리 두기 단계 격상 효과 진단 다 임숙영 중앙 대책 본부 상황 총괄 단장 온라인 정례 브리핑 신종 감염증 확산 최근 주간 일평균 국내 발생 확진 전주 대비 여 상태 지난주 감염 재생산 지수 수준 환자 정도 감염 의미 지수 이하 유행 크기 예상 분석 관련 기사 당국 거리 두기 효과 광범위 확산 역학 조사 무리 이낙연 치료제 연내 조건부 사용 승인 신청 중국 이달 백신 출시 승인 예정 속보 서울 중구 콜 센터 관련 누적 확진 속보 서울 영등포구 부동산 업체 관련 누적 확진 속보 종로구 음식점 관련 확진 탁구 장 집단 감염 요양 시설 곳 확진 종합 속보 환자 성북구 뮤지컬 연습장 관련 감염 서울 확진 명당 다 서울 누적 확진 인구 명당 그간 지역 사회 잠재 감염 누적 거리 두기 격상 효과 최근 수도권 감염 지속 증가 지역 이동 자제 필요 상황 지적 당국 역학 조사 상황 중앙 지방 자치 단체 역량 총동원 접촉 추적 감염 확산 규모 사례 사실 설명 감염 경로 조사 사례 사례 정도 전주 비교 증가 추세 이번 유행 감염 중심 집단 일상 곳곳 감염 확산 분석 임숙영 단장 대학 동아리 지인 모임 호프 집 학원 일상생활 구석구석 전국 감염 지금 유행 특정 집단 장소 집 주변 발생 감염자 가족 지인 일 의미 이번 유행 확산 때 모임 취소 이동 자제 당부 지금 경각심 부족 국민 결단 행동 상황 강조 다 대학수학능력시험 수능 이후 실시 대학 면접 논술 시험 관련 이달 주 주 수도권 대학 전국 수험 집중 감염 위험 분석 수능 뒤 친구 지인 모임 안전 수능 이후 일정 준비 요청 다 이미경,1
79,서장훈 이찬원 확진 판정 서장훈 형님 녹화 불참 소식 소속사 미스틱 스토리 이날 예정 형님 서장훈 불참 확진 판정 이찬원 스타일 리스트 서장훈 스타 일링 담당 미스틱 서장훈 선제 대응 차원 병원 검사 자가 격리 회사 당국 지침 준수 대처 예정 관련 기사 신규 확진 이틀 대위 중증 환자 급증 속보 수능 전날 서울 학생 추가 확진 교직원 정부 수험 외출 자제 해 야 상황 상태 수능 당일 확진 판정 긴급 이송 후 병원 시험 박명수 라디오 불참 확진 이찬원 동선 수능 부모 엄마 장진 이찬원 확진 신규 확진 이틀 대일 연속 자릿수 종합 확진 산모 출산 종합 이찬원 확진 임영웅 영 탁 장민호 격리 비상 이날 이찬원 매니지먼트 대행 뉴에라 프로젝트 이찬원 이날 새벽 확진 판정 사랑 콜 센타 이찬원 제공 조선 이찬원 조선 녹화 참여 붐 임영웅 장민호 영 탁 스태프 검사 자가 격리 조선 상암동 사옥도 폐쇄 조선 해당 녹화 참여 출연자 스태프 공지 밀접 접촉 상관 전원 검사 진행 후 보건 당국 조치 상황 설명 이후 임영웅 장민호 음성 소식 김소연 기사 제보 보도자료,1
80,학년 대학수학능력시험 당일 오전 서울 서초구 반포고등학교 마련 수능 고사장 수험 시험 시작 정부 학년 대학수학능력시험 수능 수험 시험 종료 후 신종 감염증 긴장 끈 당부 다 손영래 중앙 사고 수습 본부 전략 기획 반장 이날 상황 브리핑 친구 모임 밀폐 음식점 카페 장시간 얘기 활동 최대한 수도권 상황 상태 말 다 손영래 반장 수험 학업 열중 수고 말씀 학생 오늘 수능 종료 휴식기 시간 한편 수험 마음 이해도 오늘 날 외식 계획 밀폐 환경 위험 외출 자제 요청 관련 기사 수능 당일 확진 판정 긴급 이송 후 병원 시험 수능 부모 엄마 현장 포토 수험 수능 신규 확진 이틀 대일 연속 자릿수 종합 확진 산모 출산 대전 수능 감독관 확진 긴급 교 체리 컨벤션 역 풍속 대한민국 마 이스 대상 수상 확산 일본 관광 장려 내년 연장 추진 국제 유가 영국 백신 승인 반등 수능 전날 감독관 확진 동료 감독관 긴급 교체 윤태호 중수 본 총괄 반장 이날 수능 수험 대책 관련 교육부 중심 대학 고사 이달 학생 방문 시설 방안 수립 시행 설명 교육부 대학 평가 집중 관리 기간 지정 유관 기관 대학 합동 대학 주위 카페나 식당 대학 시험장 현장 점검 강화 발표 있다 김수현,1
81,대학수학능력시험 오전 서울 중랑 구청 선별 진료소 시민 검사 대기 중앙 대책 본부 이날 기준 신규 확진 누적 천명 서울 확진 역대 최다 기록 경신 서울 신종 감염증 확진 발생 역대 하루 신규 확진 최다 수치 다이 서울시 중앙 대책 본부 이날 기준 서울 지역 확진 이후 하루 동안 확진 다 서울 확진 발생 이후 증가 폭 이전 하루 확진 발생 지난달 기록 서울 유행 학년 대학수학능력시험 당일 오전 서울 서초구 반포고등학교 마련 수능 고사장 수험 시험 시작 서울 하루 확진 지난달 하루 수준 증가세 지난달 기록 유행 관련 기사 증권 여의도 본사 직원 확진 임시 폐쇄 용인 세브란스병원 간호사 확진 진단 검사 수능 부모 엄마 현장 북한 셀트리온 신풍 제약 관련 약사 해킹 시도 수능 감독관 확진 여파 확산 감독관 추가 교체 대전 수능 감독관 동료 가족 확진 맥 관련 서학 개미 모 주식 처분 도쿄 올림픽 손실 대회 기간 입 국제 완화 방침 매우 위험 상황 미 백악관 최고 수위 경보 화이자 백신 수령 내년 접종 이후 유행 가속 양상 주말 동안 하루 진단 검사 건수 급감 일시 착시 효과 해석 유행 당시 서울 확진 이후 진정 이번 확산 들불 당국 애 유행 때 규모 집단 감염 사례 중심 확진 추가 대응 곳 집중 효과 이번 유행 일상 공간 매개 감염 곳 동시 다발 불씨 진화 모습 이다 지난달 이상 확진 양산 집단 감염 발생 산발 사례 과거 집단 감염 잔존 바이러스 전파 경우 집단 지역 특정 산발 감염 속출 국내 신종 바이러스 감염증 신규 확진 기록 오전 서울 서초 보건소 선별 진료소 시민 검사 대기 지난달 일 확진 발생 서초구 아파트 사우나 사례 누적 감염자 아파트 입주민 전용 시설 매개 이용자 감염 뒤 가족 지인 연쇄 감염 달 있다 지난달 확진 강서구 댄스 에어로빅 학원 관련 학원 사례 누적 파생 병원 관련 확진 감염 지난달 발생 중랑구 실내 체육 시설 관련 집단 감염 확진 관련 확진 이용한 방 이용자 감염 누적 확진 학교 학원가 집단 감염 빈발 지난달 시작 강남구 대치동 영어 학원 관련 확진 나흘 강남구 논현동 영어 학원 집단 감염 발생 관련 확진 누적 이다 동대문구 소재 고등학교 누적 구로구 소재 고등학교 누적 고려대 밴드 동아리 누적 확진 직장 감염 강남구 콜 센터 지난달 사흘 확진 마포구 홈쇼핑 회사 관련 확진 집단 감염 단계 접촉 전파 감염 사례 규모 집단 감염 기타 확진 접촉 분류 사례 전날 하루 이상 감염 위험 시설 집단 감염 별도 분류 가족 친구 직장 동료 감염 사례 사례 현상 지역 사회 유행 풀이 대책 마련 속도 지적 국내 신종 바이러스 감염증 신규 확진 기록 오전 서울 송파구 보건소 선별 진료소 시민 검사 의료 현장 부하 지적 대학수학능력시험 수능 이후 대책 마련 속도 목소리 동시 전날 기준 수도권 감염병 전담 병원 병상 가동 이고 서울시 기록 서울시 중증 환자 전담 치료 병상 사용 병상 입원 가능 병상 다 송 은 철 서울시 관 이날 중증 환자 전담 치료 병상 병상 추가 확대 예정 수도권 공동 병상 확보 서울시 중증 치료 민간 병원 추가 병상 확보 총력 강조 최근 확진 증가 검 사량도 증가 대부분 감염 가정 친구 모임 직장 곳 확산 상황 설명 수능 수험 확진 대책 수능 감독관 선제 검사 지원 차질 시행 계획 수험 확진 새벽 확진 판정 포함 수험 확진 서울 의료원 남산 생활 치료 센터 시험 수능 직후 감염 확산 방지 권역 동형 선별 진료소 운영 계획 수능 시험 참여 감독관 희망자 무료 검사 실시 예정 이다 송 은 철 관 확진 자자 가격 리 대상 수험 유증 상자 수험 감독관 학교 소재지 거주지 보건소 검사 수험 생도 검사 서울시 시립 병원 신청 선제 검사 말 수능 이후 대학 고사 안전 진행 중점 관리 시설 집중 실시 격리 수험 이동 지원 관리 계획 마련 시행 강 경주,1
82,학년 대학수학능력시험 오전 경기도교육청 지구 시험장 신천고등학교 정문 학부모 자녀 뒷모습 김수현 시험 엄마 문 긴장 시험 바랄 아들 파이팅 신종 감염증 유행 속 학년 대학수학능력시험 수능 오전 전국 시험 지구 시험장 실시 사상 초유 수능 고사장 앞 풍경 예년 정부 지방 자치 단체 시험장 앞 집합 금지 명령 응원 자제 요청 수능 응원전 올해 자취 상황 속 수능 자녀 부모 마음 배로 날씨 고사장 앞 발길 학부모 부담 반복 수험 표정 고사장 학부모 자녀 철문 한동안 눈 모습 학부모 자녀 배로 걱정 최선 다 해주 길 오전 방문 경기도교육청 지구 시험장 신천고등학교 앞 분위기 수능 날 응원 문화 자취 학부모 수험 목소리 긴장감 우려 상황 수능 자녀 부담감 편안 부모 모습 관련 기사 속보 평가 국어 평가 목표 충실 속보 대입 교사 국어 영역 모의 고사 세브란스병원 간호사 확진 진단 검사 수능 수험 할인 혜택 쏜다 스토리 컷 유행 속 사상 수능 수험 응원 포토 수험 수능 아이폰 사은품 연예인 영통 까 지이 통사 수능 마케팅 북한 셀트리온 신풍 제약 관련 약사 해킹 시도 수능 감독관 확진 여파 확산 감독관 추가 교체 신규 확진 이틀 대일 연속 자릿수 종합 학부모 고사장 철문 앞 수험 뒤 머리 파이팅 옆 학부모 수험 입 실 철문 시험 엄마 철문 게라 경찰 학교 교문 앞 교통 정리 차량 창문 고개 부담 아들 학부모 모습 수험 모습 시야 뒤 발길 돌리지 망 부석 자리 학부모 학년 대학수학능력시험 오전 경기도교육청 지구 시험장 신천고등학교 정문 학부모 자녀 뒷모습 김수현 학부모 사태 속 수능 자녀 상황 마음 동안 철문 앞 학교 안 수험 학부모 김 모 불안 마음 아이 마스크 시험 준비 마스크 착용 숨쉬기 머리 심리 부분 예년 마음 아이 시험 바랄 고생 노력 실력 발휘 결과 말 교문 앞 자녀 머리 김 모 최선 결과 자녀 교문 걱정 시험 확진 때 대책 아들 영향 전반 아들 최선 토로 자녀 긴장감 학부모 자녀 배웅 배 모 긴장 아이 내색 걱정 시험 마음 아들 파이팅 이다 최선 수험 장 철문 순간 수험 손 조부모 이모 자식 시험 때 기대 자녀 때 실감 손주 마음 교회 기도 아이 부담 학생 시험 파이팅 학년 대학수학능력시험 오전 경기도교육청 지구 시험장 신천고등학교 정문 앞 곳곳 수험 배웅 친구 김수현 입시 시간 목소리 도시 고사장 수험 발길 시작 수험 마스크 손 도시락 가방 입 실 모습 수험 모습 전반 곳곳 수험 배웅 친구 수시 전형 남모 친구 배웅 기간 친구 핸드폰 공부 시간 말 고사장 주변 지방 자치 단체 경찰 교통 지원 원활 주변 소통 관리 추진 입시 임박 수험 경찰 민간 차량 지원 모습 목격 도시락 길 한복판 학생 부모 돌발 상황 차 경찰 지시 잠시 만요 학부모 호소 경찰 앞뒤 차량 서기 전달 의미 학부모 도시락 학생 손 수험 경찰 목례 정문 학년 대학수학능력시험 오전 경기도교육청 지구 시험장 신천고등학교 정문 수험 김수현 시가 택시 정문 도착 정각 택시 학생 친구 중간 버스 바람 택시 시험 토로 분이 경찰 목소리 학생 경찰 횡단보도 차 통행 일정 기간 조치 항의 움직임 입 실 완료 이후 한동안 부모 자리 발걸음 수차례 학교 마음 교사 외부 상황 구애 성적 사상 초유 수능 교사 긴장 모습 돌발 상황 우려 학생 외부 상황 신경 시험 목소리 바람 시간 반 교문 앞 고등학교 교사 이모 애 걱정 토로 안전 부분 컨디션 조절 걱정 아이 처음 마음 올해 교사 학생 처음 상황 정신 노력 최선 결과 웃음 고등학교 교사 올해 수능 준비 책임자 김 모 최근 확진 증가 수험 시험 압박감 신경 분산 경우 상황 본인 예상 이익 걱정 설명 학생 건강 상황 처음 상황 예상 돌발 상황 걱정 마스크 신경 부분 텐 편안 마음 최대한 실력 생각 시험 당부 학년 대학수학능력시험 오전 경기도교육청 지구 시험장 신천고등학교 정문 수험 응원 현수막 김수현 김 상황 수능 준비 선생님 최선 준비 불편 부분 선생 말 조치 주변 신경 준비 정리 편안 마음 수능 수험 수능 도입 학년 이후 역대 최소 전국 시험 지구 만개 시험 실 시험 이날 관리 감독관 인력 투입 응시자 마스크 착용 체온 측정 발열 호흡기 증상 경우 별도 시험 실 배치 확진 자와 가격 리자 별도 장소 시험 응시 이다 김수현,1
83,정세균 국무총리 서울 시청 감염병 관리 과 방문 서울시 신종 감염증 역학 조사 상황 점검 현장 관계자 격려 정세균 국무총리 서울 시청 감염병 관리 과 방문 서울시 신종 감염증 역학 조사 상황 점검 현장 관계자 격려 다 정세균 총리 자리 최근 확진 역학 조사관 조금 위로 직원 위로 다 정세균 총리 추적 조사 확진 확진 후보군 조사 치료 핵심 격무 상황 안정 최선 약속 관련 기사 사회 거리 두기 카페 홀 영업 금 부산 수험 확진 자가 격리 감독 여명 자발 지원 경기도 확진 급증 홈 시스템 가동 빛 다 영국 화이자 백신 세계 승인 내주 접종 영국 화이자 백신 긴급 승인 다음 주 접종 속보 영국 화이자 백신 긴급 사용 승인 당국 거리 두기 효과 시간 대중교통 감염 사례 사회 거리 두기 동참 국민 단계 후 수도권 이동 줄 어 고려대 기숙사 확진 추가 이번 주 당국 거리 두기 효과 시간 대중교통 감염 사례 국민 대신 진심 감사 힘 승리 날 최선 강조 다 이미경,1
84,중국 베이징 차오 양구 이케아 내부 식당 사람 마스크 식사 강현우 특파원 일요일 지난달 오후 중국 베이징 차오 양구 디 강 쇼핑몰 주차장 진입 차량 입장 주변 지역 교통 마비 디 강 나이키 레고 브랜드 입 점 쇼핑몰 이다 중산층 베이징 소비 온기 확인 평일 일 이케아 입장 때 마스크 착용 여부 체온 확인 신종 감염증 이전 디 강 장훙 작년 이맘때 사람 보복 소비 한동안 말 세계 도시 확산 몸살 가운데 중국 베이징 무풍지대 수개월 유지 비결 지속 통제 관련 기사 소외 계층 김장 김치 기부금 전 부산 달러 표시 채권 디폴트 구조조정 의지 구제 안 정부 아스트라 카 백신 승인 국내 보급 예정 영국 미국 서도 화이자 백신 용안면 신경 마비 나타 바이든 압박 지피지기 전략 수장 중국 계 중국 기업 블랙리스트 드 바이든 정부 동맹국 공조 압박 아스트라 카 백신 승인 내년 밀리 나가 애플 중국 블랙리스트 의료 체계 붕괴 현실 로 서울시 중환자 병상 종합 중국 정부 해외 베이징 직항 항공로 차단 베이징 도시 동안 지정 호텔 격리 다음 베이징 호텔 격리 추가 격리 중단 베이징 직항 항공편 대상국 상황 안정 곳 한국 포함 운항 노선 에어 차이나 비행 호텔 격리 동안 감시 폐쇄 회로 복도 시간 감시 방 밖 사람 경고 메시지 다 중국 확진 발생 주변 지역 봉쇄 접촉 전수 검사 대응 지난달 상하이 확진 공항 전체 폐쇄 비행 동안 전면 취소 강수 두기 나라 경제 냐 고민 중국 올인 베이징 중국 전역 에선 수개월 동안 통제 아파트 단지 주민 확인 엘리베이터 때 사람 건물 때 동안 건강 문제 증명 건강 코드 제시 식당 포장 주문 봉쇄 국내외 상당 비판 진원지 우 한 후 베이 전면 봉쇄 때 중국 전염병 차단 지방 희생 있다 블룸버그 통신 지적 의료진 물자 부족 사망자 후 베이 이상 집중 자유민주주의 국가 상상 조치 봉쇄 결과 경제 반등 지난달 발표 공식 제조업 구매 관리자 지수 을 기록 연속 경기 확장 이상 국면 이신 제조업 이후 최고 기록 대형 국유 기업 대상 공식 중소기업 수출 기업 이신 경기 상승 국면 소매 판매 증가 전년 동월 대비 로 다 상하이 선전 증시 우량주 종목 구성 은 마감 이후 반 을 돌파 이날 상승세 상당수 글로벌 투자자 중국 증시 강세 내년 지속 기업 실적 가운데 내년 세계 경제 반등 미국 관계 회복 기대 진단 골드만삭스 내년 중국 기업 이익 증가 전망 글로벌 기관 투자가 여 곳 대상 설문 조사 중국 주식 비중 예정 답 가운데 향후 동안 중국 주식 일각 중국 경제 반등 지속 시각 중국 경제 성장 속도 최근 눈 둔화 올해 반등 상대 분석 중국 경제 발전 전략 채택 내수 중심 쌍 순환 정책 의구심 지속 제기,1
85,당국 최근 신종 감염증 확산 고려 때 거리 두기 격상 효과 전망 당국 최근 신종 감염증 확산 고려 때 거리 두기 격상 효과 전망 박영준 중앙 대책 본부 방 대본 역학 조사 팀장 상황 브리핑 이전 유행 당시 이동 이번 이동 감소 폭 다 박영준 팀장 수도권 거리 두기 단계 단계 주가 이후 이동 감소 환자 발생 감소 폭 이동 수준 상황 발생 규모 비교 해보면 수도권 중심 유행 때 확진 수준 거리 두기 시행 부분 해석 말 관련 기사 사회 거리 두기 동참 국민 단계 후 수도권 이동 줄 어 고려대 기숙사 확진 추가 이번 주 당국 거리 두기 효과 시간 대중교통 감염 사례 학원 콜 센터 신규 집단 감염 확산 지속 종합 미국 의료 요양원 백신 접종 수능 코앞 학생 확진 개교 등교 불발 올 급등 비트코인 자산 시장 승자 한국관광공사 관광 혁신 어 워드 수상 확진 산모 제왕 절개 수술 아이 때 자영업자 최대 만원 지원금 광고 거리 두기 단계 시작 지난달 기준 신규 확진 유행 당시 거리 두기 강화 서울 경기 수도권 전체 수준 정부 신규 확진 시작 지난달 수도권 거리 두기 단계 이후 일주일 달 단계 거리 두기 단계 단계 유행 당시 거리 두기 격상 이후 환자 감소 시간 규모 비교 이번 시간 소요 게 박영준 팀장 설명 박영준 팀장 현재 대중교통 확진 사례 보고 바가 말 대중교통 버스 지하철 이용 때 전파 당국 인지 현아,1
86,조선대학교병원 신종 감염증 확진 임신부 제왕 절개 수술 성공 게 티 이미지 조선대학교병원 신종 감염증 확진 임신부 제왕 절개 수술 성공 조선대 병원 병원 지난달 확진 제왕 절개 수술 수술 수술 방 진행 감염 노출 최소한 인력 수술실 투입 의료진 방호 복 착용 수술 진행 의 건강 남자 아이 관련 기사 한국관광공사 관광 혁신 어 워드 수상 때 자영업자 최대 만원 지원금 은 부산시 내일 전체 어린이집 무기 휴 법원 솔 경영 분쟁 대표 손 다 유상증자 제동 중환자 병상 확보 비상 국내 남아 강남 콜 센터 집단 감염 마스크 착용 속보 인천 확진 모임 선술집 집단 감염 서울 신규 확진 근접 누적 확진 넘 어미 코바 이 오메 드 항원 진단 키트 수출 허가 획득 노인 환자 의사 전 세계 감동 아이 차례 검사 결과 최종 음성 판정 퇴원 예정 이다 병원 수술 후 수술 방 시간 동안 소독 수술 집도 유현주 산부인과 교수 수술 의료진 도움 성공 다 이미경,1
87,국내 신종 감염증 신규 확진 사흘 기록 당국 유행 공식 가운데 최근 확진 연일 기록 속도 있다 중앙 대책 본부 중대 본 기준 국내 신규 확진 누적 지난달 일 명명 사흘 연속 기록 이다 당국 유행 공식 사흘 신규 확진 유지 주말 휴일 검사 건수 감소 영향 반영 확산 분석 관련 기사 속보 서울 경기 충북 부산 광주 확진 속보 신규 확진 사흘 연속 대개 문 사내 헬스 장 시설 개선 서울시 정부 생활 속 연쇄 감염 유행 옷깃 야 녹십자 혈장 치료제 추가 생산 완료 전체 재난 상황 입원 환자 최대 검사 추가 감염 주 자릿수 김정은 중국산 백신 접종 다 대치동 학원가 비상 영어 보습 학원 집단 감염 기원 조사 필요 정치 안 감염병 전문가 당국 추세 뒤 하루 경고 상태 다이 우려 바이러스 생존 겨울철 가운데 최근 모임 학교 학원 사우나 체육 시설 일상 공간 고리 집단 감염 전국 동시 다발 이 다이 정부 이날 수도권 사회 거리 두기 현행 단계 유지 사우나 한증막 시설 에어로빅 줌 류 체육 시설 운영 중단 조치 시행 수도권 거리 두기 주간 최소 단계 이상 조정 신규 확진 감염 경로 지역 발생 해외 유입 지역 발생 확진 전날 증가 지역 서울 경기 인천 부산 충북 광주 충남 대구 경남 대전 경북 전북 강원 울산 전남 세종 수도권 지역 발생 확진 전날 전체 지역 발생 차지 수도권 지역 발생 확진 지난달 연속 명명 명명 명명 명명 감염 사례 경북 경산시 영남대 음대 누적 부산 연제구 소재 종교 설명 관련 집단 발병 확인 서울 강남구 대치동 규모 영어 보습 학원 집단 감염 발생 지금 확진 서울 강서구 댄스 에어로빅 학원 부산 울산 장구 강습 경기 용인시 키즈 카페 경남 진주시 단체 연수 충북 제천시 김장 모임 인천 연수구 유흥 주점 경남 창원시 마산회원구 주점 관련 집단 감염 규모 연일 있다 해외 확진 검역 단계 지역 사회 확인 내국인 외국인 유입 국가 미국 러시아 스위스 방글라데시 네팔 인도네시아 일본 폴란드 독일 스페인 캐나다 콜롬비아 콩고 민주공화국 이다 확진 가운데 완치 판정 격리 해제 환자 증가 완치 사망자 전일 확진 이후 상태 위중 악화 위 중증 환자 전날 이다 전날 검사 건수 대비 확진 계산 양성 직전 일 하락 이날 기준 누적 양성 천명 다 강도 태 중대 본 총괄 조정관 보건 복지부 차관 이날 정부세종청사 중대 본 회의 모두 발언 신규 확진 일 사회 거리 두기 적극 동참 호소 실내 활동 모임 연말연시 유행 폭발 증가세 정부 의료 국민 모두 옷깃 시기 오늘 일 전국 강화 사회 거리 두기 조치 시행 핵심 감염 발생 장소 방문 감염 위험 활동 배 성수,1
88,문재인 대통령 달 각국 성적표 대한민국 역사 기록 남은 달 유종 미 말 문 대통령 이날 청와대 수석 보좌관 회의 경제 동반 성공 총력 위기 기회 도전 힘 강조 확산 신종 감염증 확산 당부 문 대통령 이번 주가 시기 정부 거리 두기 단계 상향 조치 강화 확산 통제 역량 집중 말 전 정점 확진 추세 조성 다행 고삐 조기 상황 안정 총력 강조 관련 기사 서울 확진 명일 연속 자릿수 감염 여성 항체 아기 출산 확진 국정원 김정은 바닷물 오염 소금 생산 단비 상식 신규 확진 이틀 연속 매우 코스 피 확산 우려 약세 이틀 연속 확진 계속 다음 달 예상 모닝 브리핑 뉴욕 증시 추수감사절 휴 장일 블랙 프라이데이 조기 장 국제 유가 최고 올해 마지막 금통위 금리 동결 전망 가계 빚 부담 사흘 앞으로 수능 안전 문 대통령 정부 비상 대응 체계 가동 성공 수능 만전 확진 자와 격리 불편 시험 시험장 운영 관리 돌발 상황 대비 만반 준비 설명 국민 협조 요청 문 대통령 세계 수능 주목 선진국 대부분 불안 상황 전국 단위 국가시험 취소 연기 말 시기 격리 자와 확진 예외 무사 안전 수능 우수 강조 강 영 연,1
89,수도권 사회 두기 단계 격상 사흘 서울 시내 대형 쇼핑몰 입 점 카페 테이블 고객 테이프 설치 피자 집 커피 카페 커피 게 논리 냐 마스크 식당 카페 이해 정부 시 기점 수도권 사회 거리 두기 단계 시행 가운데 카페 식당 지침 형평 논란 있다 거리 두기 단계 지침 음식점 밤 내부 이후 포장 배달 허용 반면 카페 프랜차이즈 카페 영업시간 포장 배달 허용 자리 음료 행위 금지 자영업자 마스크 카페 실내 금지 규제 기준 강구 요구 정부 기준 한쪽 희생 만 자영업자 청원 속출 청 원인 카페 구분 기준 제목 청원 카페 집합 제한 음식점 카페 차이 관련 기사 재난 지원금 연휴 지급 자영업자 피해 지원 인천 내달 조치 강화 일 수도권 사우나 에어로빅 장 문 속보 국민 힘 달라 정부 국민 우선 일 속보 중대 본 지금 국민 기대 부응 속보 국내 백신 업체 공급 시기 속보 백신 명부 확보 질병 청 조달 방법 협의 속보 박 능 후 유행 이전 달라 개인 주체 경각심 속보 위험 수도권 지자체 거리 두기 단계 격상 속보 전파 최소 국민 피해 완화 부분 고려 광고 거리 두기 단계 지침 의문점 납득 비교 방문객 통제 영업 사회 거리 두기 생활 속 카페 집합 제한 현행법 카페 구분 법 근거 강조 식품 의약품 안전 처 관리 식당 카페 경우 별도 구분 일반 음식점 휴게 음식점 제과점 업종 분류 포함 기준 카페 업종 구분 현장 음식점 카페 매장 분류 혼선 지적 이다 청 원인 피자 집 피자 커피 카페 커피 빵 논리 생각 카페 일부 허용 브런치 카페 패스트푸드점 만석 기록 현상 토로 출처 청와대 국민 청원 홈페이지 누 군가 가족 생계 일터 누 군가 전부 삶 터전 사회 재난 시기 힘 모아 위기 극복 희생 필요 동참 생각 정부 기준 대책 영업 제한 의미 한쪽 희생 의미 분통 하청 원인 통일 기준 정도 제시 끝 사태 지난번 피시방 이번 카페 다음번 업종 소상 공인 혼란 반복 일률 정책 국민 협조 이해 국민 이해 기준 대책 강구 요청 해당 청원 오후 기준 동의 게시 단계 카페 홀 영업 금지 대책 요구 제목 청원 공감 사고 수도권 개인 카페 운영 청 원인 개인 카페 배달 포장 생각 배달 등록 배달 대행업체 계약 기본 관리비 부담 게 달 장사 인건비 세나 피력 정책 개편 보상책 요구 청원 오후 기준 동의 곳곳 형평 논란 조처 보완 필요 지적 단계 거리 두기 시행 이후 형평 논란 서울시 시설 핀셋 대책 시행 헬스 장 실내 체육 시설 샤워실 운영 금지 용도 성격 수영장 목욕탕 운영 논란 일자 박 유미 서울시 시민 건강 국장 수영장 목욕 장 업 샤워실 이용 금지 경우 사실 영업 중단 수영장 제외 실내 체육 시설 샤워 시설 이용 금지 설명 서울 종로구 패스트푸드점 시민 커피 수도권 사회 거리 두기 단계 격상 프랜차이즈 형 카페 동네 규모 매장 카페 영업시간 포장 배달 반면 맥도날드 버거킹 패스트푸드점 커피 영업 제한 기준 카페 운영 자영업자 사이 불만 뉴스 정부 대책 지적 계속 제기 정부 사회 거리 두기 단계 조처 계속 보완 나가야 목소리 납득 대책 피로감 신뢰도 개인 참여도 영향 있다 이 미 일각 식당 마트 사람 출입 시설 셧다운 종식 게 단계 시행 조치 철회 내용 청원 상태 다 김수현,1
90,서울 서초구 보건소 선별 진료소 시민 검사 있다 중앙 대책 본부 방 대본 신종 감염증 집단 발병 실내 체육 시설 사우나 요양 병원 전파 우려 수칙 준수 강조 방 대본 외부 감염 종사자 인해 사회 복지 시설 의료 기관 집단 감염 사례 종사자 퇴근 후 휴일 사적 대면 모임 참석 자제 유흥업소 위험 시설 출입 말 실내 활동 위험 실외 활동 마스크 착용 거리 두기 준수 관련 기사 수능 닷새 강 남목동 학원가 확진 비상 유행 현실화 당국 모임 취소 해달 호소 종합 발생 인도 방글라데시 일 지도 남 탓 중국 일상 곳곳 확진 유행 속보 무증상 경 증 소아 확진 재택 치료 방안 의료 협의 중 속보 중대 기로 연말 모임 약속 취소 속보 전북 익산시 원광대 병원 관련 추가 확진 누적 속보 충북 청주시 당구장 선후배 모임 관련 누적 확진 속보 충북 제천시 김장 모임 관련 누적 확진 속보 요양 병원 감염 시설 일제 검사 현재 확진 사우나 이용자 중심 감염 우려 확진 발생 서울 서초구 소재 사우나 경우 사우나 이용자 종사자 전파 시작 이후 이용자 방문 추가 전파 발생 이용자 근무 직장 감염 다방 대본 목욕탕 사우나 관련 집단 감염 목욕 공간 제외 탈의실 공용 공간 마스크 착용 대화 음식 섭취 자제 요청 서울 강서구 소재 에어로빅 학원 집단 감염 발생 확진 판정 뉴스 최근 집단 감염 발생 실내 스포츠 시설 사용 자제 조언 이다 지난 확진 발생 서울 강서구 댄스 에어로빅 교습 학원 경우 학원 전파 시작 뒤 가족 동료 의료 기관 급속도 확산 다방 대본 실내 스포츠 활동 운동 말 침 방울이 발생 거리 두기 실내 체육 시설 이용 자제 강조 선희,1
91,신종 감염증 효과 대응 시대 국가 위 우리나라 이름 신종 감염증 효과 대응 시대 국가 위 우리나라 이름 다 블룸버그 통신 일 현지 시간 당 달 확진 자수 최근 달 사망률 인구 명당 확진 자수 진단 테스트 양성 비율 고려 순위 발표 뉴질랜드 위 일본 위 대만 집계 위 안 이름 국가 핀란드 노르웨이 호주 중국 덴마크 베트남 미국 위 관련 기사 확산 우려 에도 민주노총 오늘 총파업 강행 일본 증자 최다 신규 확진 의심 격리 기간 일 단축 검토 집 사람 만원 내년 백신 허가 약 처 사전 심사 체계 구성 오늘 중후반 예상 하루 우려 박양우 디지털 전환 가속 화마 이스 역할 국회 방문자 확진 우원식 심상정 김진애 의원 자가 격리 모 백신 계약 승인 독일 통제 강화 모임 제한 새해 폭죽놀이 금지 뉴질랜드 신속 조치 효과 방어 평가 사망자 발생 뉴질랜드 국경 폐쇄 국가 경제 관광 산업 의존 조치 결과 뉴질랜드 청정 지역 다 일본 국경 폐쇄 효과 방어 평가 과거 결핵 환자 추적 시스템 이용 환자 효과 추적 겨울 감염 기록 증가 인구 중증 환자 블룸버그 분석 이다 대만 지난해 바이러스 처음 출현 중국 본토 관계 신속 국경 봉쇄 동안 확진 보고 나라 효율 진단 추적 성공 사례 한국 출현 직후 자체 개발 진단 키트 승인 드라이브 스루 검사소 마련 한편 신용 카드 기록 추적 환자 동선 파악 경 뉴스룸,1
92,수도권 사회 거리 두기 단계 격상 전국민주노동조합총연맹 민주노총 총파업 집회 강행 신종 감염증 확산 전국민주노동조합총연맹 민주노총 예정 총파업 강행 민주노총 이날 노동법 개악 저지 전태일 법 입법 파업 목표 확산 우려 상황 비판 정부 국회 제출 노조 법 개정안 실업 자와 해 고자 노조 가입 허용 결사의 자유 확대 내용 파업 사업장 점거 금지 경영 요구 일부 반영 노동 반발 사고 관련 기사 일본 증자 최다 신규 확진 의심 격리 기간 일 단축 검토 집 사람 만원 내년 백신 허가 약 처 사전 심사 체계 구성 오늘 중후반 예상 하루 우려 박양우 디지털 전환 가속 화마 이스 역할 국회 방문자 확진 우원식 심상정 김진애 의원 자가 격리 모 백신 계약 승인 독일 통제 강화 모임 제한 새해 폭죽놀이 금지 러시아 개발 백신 효과 가격 미만 민주노총 이번 총파업 금속 노조 현대중공업 지부 한국 지부 참가 예상 사태 여론 비판 의식 실제 참가 인원 전망 민주노총 이날 서울 전국 곳곳 동시 다발 집회 서울 지역 인 이상 집회 금지 수칙 자치구 더불어민주당 사무실 당 인 미만 규모 집회 산발 규제 꼼수 집회 비판 당초 민주노총 서울 여의도 국회 앞 집회 개최 예정 지역 수칙 서울 이외 지역 규모 집회 민주노총 이번 집회 확산 우려 유다 관련 민주노총 강화 지침 준수 투쟁 강조 경 뉴스룸,1
93,인도네시아 자카르타 대응 포괄 긴급 지원 사업 업무 협약 체결 정 회진 코 이카 인도네시아 사무소장 왼쪽 세번 레오나르도 탐 론 인도네시아 국가 개발 기획부 차관 왼쪽 참석 가운데 기념사진 촬영 모습 코 이카 제공 한국국제협력단 코 이 카이 인도네시아 신종 감염증 물품 생필품 지원 일평균 여명 확진 인도네시아 사각지대 소외 청소년 대상 이다 코 이카 인도네시아 자카르타 인도네시아 사회 복지부 대응 포괄 긴급 지원 사업 협의 의사록 체결 코 이카 자카르타 청소년 보호 센터 곳 신속 진단 키트 방호 복 마스크 여종 물품 생필품 지원 핵심 코 이카 이번 지원 사업 수혜자 해당 센터 생활 청소년 직원 여명 추산 있다 이번 지원 사업 프로그램 일환 프로그램 정부 안전 세상 개발 협력 구상 일환 국제 공조 협력 국의 회복 력 강화 지원 프로그램 코 이카 현재 건의 지원 사업 추진 관련 기사 속보 서울시 민주노총 집회 자체 촉구 모두 안전 위해 속보 마포 홍대 교회 확진 성가대 연습 예배 후 모임 속보 확진 해경 유흥업소 발 감염 추가 확진 속보 자산운용 직원 확진 여의도 오피스 일부 폐쇄 윤도현 사과 대구 콘서트 확진 발생 심려 전문 부산 장년 참여 국악 모임 관련 집단 확진 속보 삼성전자 수원 캠퍼스 확진 추가 사내 전파 우려 신규 확진 진단 키트 유럽 서 만 달러 수출 달 성제 노 포커스 항산 효소 기반 치료제 특허 출원 최근 인도네시아 확진 정도 확산 상황 안정 하루 평균 확진 자만 사망률 한국 배 코 이카 인도네시아 인해 보건 의료 위기 상황 개발도상국 포괄 긴급 지원 강화 인도네시아 우즈베키스탄 에티오피아 콜롬비아 캄보디아 라오스 베트남 미얀마 필리핀 개국 아프리카 질병 통제 예방 센터 대상 이다 정희진 코 이카 인도네시아 사무소장 전 세계 확산 야기 전례 인도 위기 상황 빈곤 청소년 계층 감염 노출 인도네시아 사회 복지부 협업 인도네시아 정부 대응 노력 적극 동참 말 다 송영,1
94,경기 의정부시 노래방 도우미 손님 의정부 신종 감염증 확진 판정 확진 의정부 접촉 자로 분류 진단 검사 양성 판정 보건 당국 노래방 도우미 일 역학 조사 때 내용 얘기 그동안 동선 접촉 파악 어려움 관련 기사 때 부자 돈 재난 정의당 바이러스 대응 나 수험 확진 속출 교육 당국 비상 정은 경 상속 감염 규모 확산 위험 일평균 여명 확진 앤디 포스 러시아 항원 신속 진단 키트 수출 교원 임용 시험 응시자 확진 시험장 접촉 조사 중거리 두기 단계 여행 쿠폰 중단 국민 노리개 냐 분통 속 보 주 한 미군 관련 추가 확진 누계 주한 미군 관련 확진 입국자 송년회 두기 격상 속 연말 모임 취소 연기 기침 증상 진단 검사 확진 감염 경로 확인 보건 당국 휴대폰 확인 노래방 도우미 일 사실 확인 노래방 업주 손님 해당 기간 접촉 여 검사 실시 이후 이날 확진 판정 상태 다 보건 당국 자택 주변 지역 역학 조사 한편 감염병 관리법 위반 혐의 경찰 고발 방침 이다 강 경주,1
95,강경 외교부 장관 여의도 콘래드 호텔 중남미 미래 협력 포럼 축사 포럼 신종 감염증 확산 이후 처음 외국 장 차관 급 고위 인사 방한 다자 행사 이틀 동안 외교부 보건 복지부 공동 개최 강경 외교부 장관 최근 백신 개발 관련 긍정 소식 팬데믹 세계 유행 종식 희망 나라 백신 공평 접근 실현 연대 협력 필요 말 강경 장관 이날 서울 여의도 콘래드 호텔 중남미 미래 협력 포럼 회사 팬데믹 지구 위기 한가운데 전 세계 연대 협력 대응 상황 연대 협력 정신 입각 한국 정부 중남미 마스크 산소 발생기 진단 키트 만개 규모 물자 지원 중남미 협력 웹 세미나 보건 당국 컨퍼런스 보건 관련 경험 공유 강조 관련 기사 미 백신 책임자 내년 집단 면역 기대 접종 외교부 왕이 외교 장관 방한 한다 시 노 개발 백신 접종 재무 장관 거론 황제 다이 경기 부양책 통과 시급 비트코인 취향 연일 예측 앞 섰다 모닝 브리핑 오늘 거리 두기 단계 전세 대책 발표 전 세나 까 바이오 엔 테크 중순 백신 승인 수도 백신 예방 효과 로 화이자 긴급 승인 신청 파월 앞 달 고비 극복 과거 돌 아가 화이자 백신 안전 기준 충족 긴급 사용 승인 신청 준비 강경 장관 협력 성과 토대 한국 정부 앞 이후 시대 대비 차원 미래 지향 협력 추진 보건 분야 양측 협력 확대 강화 희망 중남미 국가 보건 안보 대화 창설 보건 의료 분야 협력 소통 강화 보건 의료 사절단 파견 구체 모범 협력 사례 발굴 필요 설명 강경 장관 기후 변화 공동 대응 양측 적극 협력 희망 한국 정부 앞 중남미 재생 에너지 개발 친환경 인프라 건설 분야 협력 프레임 기대 능 후 복지부 장관 환영사 한국 중남미 효과 대응 보건 의료 체계 개선 차원 협력 방안 모색 의료 인력 공동 육성 기반 감염병 대응 시스템 구축 지원 백신 치료제 공정 공급 노력 제안 비대 혼합 방식 진행 포럼 루이스 예 고스 에콰도르 외교부 장관 베리 오 파나마 보건부 차관 아드리아 코스타리카 외교부 차관 루이스 알렉산데르 모스코 소 콜롬비아 보건부 차관 참석 확산 이후 외국 장 차관 급 고위 인사 방한 다자 행사 이번 처음 이다 강 경주,1
96,가수 윤도현 대구 콘서트 신종 바이러스 확진 방문 여 관객 검사 통보 보도 사실 윤도현 소속사 디컴퍼니 윤도현 공연 확진 방문 유감 생각 사실 내용 일부 기사 분별 확산 공식 대응 계획 일부 보도 대구 엑스코 진행 윤도현 콘서트 관람객 신종 바이러스 검사 통보 보도 윤도현 사실 내용 확인 관련 기사 철원 군인 확진 철원 누계 밤사이 전남 동부 확진 추가 확진 누계 학년 대입 전략 수능 일 환경 컨디션 조절 백악관 내달 미국인 백신 접종 시작 미국인 추수감사절 여행길 정상 선언문 채택 치료제 백신 공평 보급 전문 정상 극복 한마음 치료제 백신 공평 보급 직격탄 관광 업계 직원 백신 책임자 접종 내년 집단 면역 수능 전날 검사 당일 결과 윤도현 대구 공연 진행 정부 지침 사회 거리 두기 단계 시행 좌석 의무 시기 관객 거리 두기 진행 디컴퍼니 현장 역학 조사 팀 로비 공연장 내부 확인 결과 수칙 추가 감염 위험도 판단 하 확진 근처 좌석 관객 대상 자가 격리 검사 통보 연락 다 디컴퍼니 전체 관객 가운데 확진 당시 무증상 잠복기 공연 후 확진 판정 확인 설명 경호 진행 요원 확인 결과 공연 도중 자리 관객 화장실 이용 관객 제재 확인 반박 앞 디컴퍼니 담당 법무법인 상의 후 허위 사실 유포 법 책임 대응 준비 계획 아래 윤도현 소속사 디컴퍼니 공식 입장 전문 상 공연 도중 노래 관객 관련 내용 역학 조사 팀 확인 결과 개인정보 절대 역학 조사 제외 경로 유포 역학 조사 팀 확인 동안 관객 노래 모습 발견 합 니다 현장 당일 경호 진행 요원 확인 결과 공연 도중 자리 관객 화장실 이용 관객 제재 확인 관객 대상 검사 통보 관련 내용 전체 관객 가운데 확진 당시 무증상 잠복기 공연 후 확진 판정 확인 역학 조사 팀 최종 확인 내용 로비 공연장 내부 확인 결과 수칙 추가 감염 위험도 판단 하 확진 근처 좌석 관객 대상 자가 격리 검사 통보 연락 구시 재난 문자 방문 하 신분 유증 상자 보건소 검사 내용 관객 유증 상자 검사 내용 관객 대상 검사 통보 대구 시청 역학 조사 팀 확인 향후 대응 계획 지금 허위 사실 기반 분별 기사 보도 대중 혼란 확산 안내 디컴퍼니 분별 기사 확인 정정 법 조치 공식 대응 준비 이상 잘못 내용 오해 억측 잘못 기사 정정 예 기사 제보 보도자료,1
97,활동 모습 기사 특정 지역 부산 신종 감염증 확진 수도권 발 확산 부산 영향 있다 일 부산시 보건 당국 전날 검사 결과 양성 판정 확진 전날 확진 통보 환자 가족 서울 인천 거주 일가족 부산 가족 여행 환자 확진 이후 여행 가족 접촉 자로 분류 진단 검사 실시 결과 추가 양성 판정 음성 판정 자가 격리 관련 기사 속보 경기 파주 서도 노량진 학원 확진 발생 속보 각지 노량진 경기 화성 확진 속보 오후 기준 노량진 임용 고시 학원 확진 속보 경남 하동군 중학교 관련 추가 확진 누적 속보 인천 남동구 가족 지인 관련 누적 확진 속보 철원군 장애인 요양원 관련 추가 확진 누적 속보 철원군 아이돌 봄이 관련 추가 확진 누적 속보 서울 도봉구 청 관련 누적 확진 속보 연세대 동문 모임 관련 추가 확진 누적 속보 서울 동대문구 고등학교 관련 누적 확진 광고 이 부산 부산 렌터카 이용 관광지 식당 등지 파악 있다 이날 확진 판정 환자 부산 제사 성남시 자 접촉 뒤 양성 판정 환자 감염 경로 상황 이다 최근 부산 서울 수도권 방문자 감염 발생 이달 부산 발생 확진 가운데 수도권 확진 자와 관련 감염자 있다 안 병서 부산시 시민 추진 단장 관광객 해운대 기장 광안리 서면 지역 식당 이용 때 수칙 당부 김 기운,1
98,국내 신종 감염증 누적 확진 사망자 국내 확진 전문가 유행 시작 적극 사회 거리 두기 필요 입 전국 확산 거세 수도권 확진 대구 중앙 대책 본부 방 대본 이날 기준 신규 확진 누적 기록 누적 확진 이후 돌파 이후 사망자 전날 누적 확진 증가 수도권 수도권 전국 신규 확진 수도권 확산 세지면 서울 누적 확진 대구 추월 서울 누적 확진 전날 전체 누적 확진 서울 구명 르 누적 확진 광역자치단체 관련 기사 신규 확진 사흘 겨울철 우려 종합 포토 국민 담화 발표 정세균 국무총리 속보 전북 전주 익산시 사회 거리 두기 단계 상향 정세균 총리 위기 연말 모임 자제 전문 의정부 온라인 커뮤니티 모임 추가 확진 마스크 착용 일상 스킨케어 제품 판매량 속보 임용 준비 날벼락 노량진 학원 확진 속보 전북 지역 환자 하루 발생 속보 서울 경기 인천 강원 경남 등속 보 코 로나 사망자 가족 지인 모임 학교 직장 사우나 일상 공간 곳곳 집단 감염 영향 유행 중심지 대구 전체 확진 발생 지역 차지 서울 다음 다 서울 확산 경기 지역 현재 누적 확진 서울 대구 뒤 감염자 밖 확진 시도 경북 인천 뉴스 유행 시작 적극 사회 거리 전문가 사이에서 유행 시작 우려 목소리 다 최근 확진 증가세 대구경북 중심 유행 수도권 위주 유행 유행 시작 게 전문가 판단 이다 김우주 고려대 구로병원 감염 내과 교수 우려 가을 겨울 유행 시작 이번 월요일 티 핑 포인트 상승 곡선 모습 이번 겨울 각오 경고 적극 거리 두기 이번 겨울 개개인 밀 밀접 밀집 밀폐 환경 가야 일 취소 대면 습관화 당부 다 최원석 고려대 안산 병원 감염 내과 교수 유행 진행 규모 지금 부족 분석 올겨울 위기 그동안 수단 대응 유행 차단 핵심 국민 참여 생각 설명 경 뉴스룸,1
99,뉴욕시 확산 공립학교 대면 수업 중단 결정 신종 감염증 이 확산 미국 최대 도시 뉴욕시 공립학교 대면 수업 중단 다 빌 더블라지오 뉴욕 시장 일 현지 시간 긴급 기자회견 학교 봉쇄 결정 발표 더블 라 지오 시장 결정 이번 조치 뉴욕시 양성 판정 평균 학교 문 공약 뉴욕시 학생 온라인 수업 전환 이번 대면 수업 중단 확정 관련 기사 바이오 엔 테크 중순 백신 승인 수도 도쿄 신규 확진 이틀 신기록 외식 장려 정책 계속 노을 연말 콘서트 취소 거리 두기 격상 전액 환불 공식 내년 기차 시장 유럽 중국 선도 러시아 지역 바이러스 변종 발견 독일 베를린 통제 반대 규모 집회 물대포 대응 화이자 백신 임상 최종 결과 예방 효과 확산 이탈리아인 백신 다 일본 하루 신규 확진 돌파 유행 화 일본 하루 신규 확진 천명 돌파 차 유행 뉴욕시 학교 대면 수업 중단 학교 문 뉴욕시 학생 가을 대면 수업 원격 수업 병행 학사 일정 선택 전체 정도 오프라인 병행 수업 온라인 전용 수업 선택 뉴욕시 학생 개학 이후 뉴욕시 전체 공립학교 확진 판정 학생 교직원 여 집계 유행 진앙 뉴욕 에선 최근 환자 이달 뉴욕주 기준 신규 확진 다음 주 추수감사절 연휴 이후 감염자 급증 게 당국 우려 다 앤드루 쿠오모 뉴욕주 지사 이날 별도 기자회견 가족 집 식탁 안전 생각 오산 환상 경고 뉴욕 증시 지수 위기 부각 하락 마감 다우존스 산업 평균 지수 포인트 거래 스탠더드 앤드 푸어스 지수 포인트 나스닥 지수 포인트 하락 장 마감 뉴 욕조 길 특파원,1
