,Press,Title,Text
0,국민일보,국민의힘 “임대차3법 등 기본권 침해…헌법소원 낸다”,"국민의힘 부동산시장 정상화 특위 송석준 위원장(왼쪽 두번째)과 위원들이 24일 국회 소통관에서 문재인 정부의 부동산 정책과 관련한 브리핑을 하고 있다.  연합국민의힘이 정부와 더불어민주당이 주도한 부동산 관련 입법에 대해 헌법소원을 청구한다.송석준 국민의힘 부동산시장정상화특별위원회 위원장은 24일 “문재인정부의 부동산 정책 관련 입법이 국민의 기본권을 심각하게 침해하고 있다”며 “위헌성이 너무나 심각해 묵과할 수 없다”고 말했다.이어 최대 4년까지 임대차 계약을 보장하고 재계약 시 임대료 인상률을 5%로 제한하는 내용 등을 담은 ‘임대차 3법’(주택임대차보호법, 부동산거래신고법)이 모두 위헌이라고 주장했다. 부동산 세제를 강화하는 종합부동산세법과 법인세법, 소득세법 등 ‘부동산 3법’도 국민의 재산권을 침해한다고 지적했다.특위는 “(종부세법은) 최고 세율을 6%로 인상해 18년이 흐르면 보유주택이 세금으로 박탈될 정도로 국민의 재산권을 과도하게 제한하고 있다. (부동산감독기구도) 민간 사찰기구로 전락해 국민의 자유를 침해할 가능성이 높다”고 비판했다.그러면서 “정부가 국민의 사적인 생활 관계까지 간섭하는 것”이라며 “자유민주 국가에서는 있을 수 없는 일”이라고 강조했다.이들은 지난 8월부터 당 홈페이지의 ‘문재인정부 부동산정책 피해 제보센터’에 접수된 581건의 제보를 토대로 헌법소원 청구인단을 모집하겠다고 밝혔다.김이현 기자 2hyun@kmib.co.kr"
1,국민일보,"현금 5억은 있어야 ‘인 서울’, 점점 멀어지는 내집마련 꿈","서울 강북에 살고있는 이모(41)씨는 10년 째 전세를 살고 있다. 지난달 임대차 3법 발효 전 계약이 만료되면서 집주인은 5000만원을 올려주든지 집을 비워달라고 통보했다. 이씨는 전세보증금 3억원으로 내집 마련을 시도했지만 대출을 최대한 받아도 8억원 상당의 인근 주택을 사기에는 현금이 부족했다. 이씨는 결국 대출을 받아 전세금을 올려줄 수 밖에 없었다. 이씨는 “생애최초 내집마련이 아닌 이상 5억원 이상의 현금 없이는 ‘인 서울’ 내집마련은 불가능해보인다”면서 “현금부자만 집을 살 수 있는 정책때문에 내집마련의 꿈은 정말 꿈으로만 남을 것 같다”고 말했다.다주택자 투기세력을 타깃으로 한 정부의 부동산 정책이 실수요자의 1주택 마련마저 어렵게 하고 있다. 실제 정책에 영향을 받는 국민들이 크게 늘어나면서 전 국민을 부동산으로 불로소득을 얻으려는 투기꾼으로 몰고있다는 지적이다. 세금을 강화해 투기세력을 옥죄겠다는 정책도 1주택자 증세 논란이라는 부작용에 직면했다. 현 정부 들어 표방하는 ‘부동산시장 안정’이라는 목표도 모호하다는 비판도 일고 있다.정부는 올들어 서울 강남과 세종을 중심으로 한 집값 폭등의 원인을 ‘일부 투기세력’ 때문으로 보고 있다. 정부 고위관계자는 30일 “부동산 시장을 왜곡하는 것은 투기세력과 이를 조장하는 일부 언론들”이라면서 “임대차3법 등 강력한 정책효과로 연내 부동산 가격은 잡힐 것”이라고 말했다. 최근 김현미 국토교통부 장관도 국회에서 “30대 영끌(영혼까지 끌어모아 주택구입)이 안타깝다”며 주택 가격 하락을 예상했다.그러나 시장 가격은 정부를 비웃듯 고공행진을 이어가고 있다. 한국감정원에 따르면 서울 아파트 매매가는 지난주까지 12주 연속 상승했다. 서울 아파트 전세가는 고공행진을 이어가면서 이번달 평균 가격이 사상 최초로 5억원을 넘어섰다. 시장과 정책간 괴리가 커지고 있는 셈이다.이렇게 된 원인중 하나는 정부가 부동산 정책의 목표를 모호하게 설정했기 때문이다. 정부는 23번의 각종 부동산 정책을 발표하면서 ‘부동산 시장 안정’을 앞에 내세웠다. 그러나 이것이 어떤 의미인지 한 번도 명확하게 설명하지 않았다.  시장 안정이라는 게 부동산 가격 상승 자체를 억제하는 것인지, 아니면 어느 정도의 완만한 상승세를 유도하는 것인지 명확하지 않은 것이다.그나마 최근 홍남기 경제부총리 겸 기획재정부 장관이 “지나치게 오른 지역의 경우 일정 부분 조정이 필요하다”고 밝힌 것이 시장 안정 의미를 유추할 수 있는 유일한 단서다. 정부가 과도한 상승세가 발생한 지역이 어디로 보고 있는지, 조정이라는 게 어떤 수준까지 하향시키는 것인지 여전히 모호하다.전문가들은 지금이라도 정부가 강남 집값 하락에만 몰두할 게 아니라 구체적이고 장기적인 정책 목표를 제시해야 한다고 지적한다. 부동산 가격이 물가상승률과 비슷한 수준으로 올라가야 한다거나, 경제상황에 맞게 탄력적인 상승률로 통제하는 식의 정책 유연성을 키워야한다는 것이다. 송인호 한국개발연구원(KDI) 경제전략연구부장은 “특정 지역의 집값하락을 부동산정책의 목표로 삼기보다는 정책을 추진하면서 나타나는 하나의 부수적 효과로 봐야한다”면서 “그러지 못하니 정책이 늘 땜질식으로 나오는 것”이라고 지적했다.▶“서울 아파트 사려면… 가족월급 통째로 11.4년 모아야”세종=이성규 전성필 기자 zhibago@kmib.co.kr"
2,국민일보,[인터뷰] 박주민 “부동산정책 효과 가시화되면 당 지지·신뢰 계속될 것”,"사진=권현구 기자더불어민주당 8·29 전당대회에 ‘40대 기수론’을 앞세워 출마한 박주민(46·사진) 의원은 23일 정부의 부동산 정책과 관련해 “일관성 있는 정책과 결단력 있는 모습을 보이고 효과가 가시화되면 민주당에 대한 지지와 신뢰는 계속될 것”이라고 말했다.박 의원은 23일 국민일보와의 서면 인터뷰에서 “문재인 대통령이 말씀하셨듯 한국감정원 발표 자료에 의하면 서울 아파트 매매가격 상승률이 떨어지고 있다는 점을 실증적인 증거로 봐 달라”며 이같이 밝혔다.박 의원은 “정부의 집값 안정화 정책은 옳은 방향이고 수단에서도 일관성을 유지해 왔다”면서 “다만 주택 공급에 시간이 걸려 다른 정책에 비해 정책 효과가 늦게 나타나는 것”이라고 진단했다. 박 의원은 최근 민주당이 부동산 관련 입법 추진 과정에서 국민과의 소통 능력이 약화됐다는 문제의식을 표출한 바 있다.박 의원은 20대 총선에서 문 대통령이 직접 영입한 ‘세월호 변호사’다. 지난 전당대회에서 초선임에도 1위 득표율을 기록하며 최고위원 자리에 오른 뒤 친문 지지층의 폭넓은 응원을 받아 왔다.그는 당이 열성 친문 지지층 여론에 쏠려 있다는 지적에 “지지층 의사만 반영해 움직였다는 평가에 동의하기 어렵다”면서도 “국민과의 넓은 소통 필요성을 부정하는 것은 아니다”고 말했다. 그는 “국민과 대화하는 정당을 만들 것”이라며 “사회적 의제 연석회의를 만들어 의제별로 국회의원과 지방의원, 국민, 전문가가 끝장토론을 열어 협의점을 만들어나가겠다”고 밝혔다.그는 세대 교체와 시대 교체를 주장하며 캠페인을 벌이고 있다. 그는 세대 갈등을 해결하기 위해 “어떤 세대가 이기면 어떤 세대가 지는 ‘제로섬 게임’의 장이 아니라 서로가 조금씩 양보하면 모두에게 큰 혜택이 돌아가는 ‘협력 게임’의 장으로 프레임을 전환하겠다”고 말했다.당대표 후보로 출마한 그는 “지도부가 강한 정당이 아니라 당원이 사랑하고 국민과 대화하는 강한 정당을 만들겠다”고 강조했다. 이어 “지도부 구성, 공직 후보자 선출, 지역위원장 선임 등과 관련된 당원들의 의사결정권을 강화할 것”이라며 “1만 당원이 청원하면 최고위원회 의제로 다뤄지도록 하고, 연 1회 정책 전당대회를 해서 당원의 목소리가 당 지도부에 직접 전달될 수 있도록 하겠다”고 말했다.박 의원은 지명직 최고위원을 전원 여성으로 지명하는 것에 대한 질문에 “좋은 제안”이라며 “이미 공약으로 차기 지방선거 기초의원선거 여성 비율을 50%로 하는 방안을 제안했다. 젠더 대표성은 지금보다 더 높여야 할 과제”라고 답했다.이가현 기자 hyun@kmib.co.kr"
3,국민일보,"안철수와 진중권 “문 대통령, 행방불명…결단 순간마다 안보여”","유튜브를 통해 23일 공개된 진중권(왼쪽) 전 동양대 교수와 안철수 국민의당 대표의 대담 모습. 연합뉴스안철수 국민의당 대표와 진중권 전 동양대 교수가 문재인 대통령이 “행방불명”이라며 맹비판하고 나섰다. 문재인정부의 부동산정책을 지적하면서 국토교통부 장관이 아닌 국무총리, 경제부총리가 부동산을 맡아야 한다고 강조했다. 이들은 또 특히 부동산 정책 관련 목소리를 내고 있는 추미애 법무부 장관도 비판했다.안 대표는 23일 유튜브를 통해 공개된 ‘안철수 진중권 철권토크 2편’에서 “23타수 무안타. 타율 영할 영푼 영리”라며 “이 정부는 제대로 경제를 운영할 능력이 없다”고 문재인정부의 부동산정책에 직격탄을 날렸다. 정부·여당은 집값을 잡겠다며 23번의 부동산 대책을 쏟아낸 바 있다.그는 그러면서 “말로만 부동산을 잡겠다 잡겠다 하고 정책의 모든 책임을 진 사람은 그대로 둔다. 심지어 김현미 국토부 장관은 기획재정부 장관이라든지 대통령 비서실장 영전설만 끊임없이 나돌았다”며 “공직자 인사 기준이 1주택 내지는 무주택자라는 것도 사실 코미디”라고 지적했다.안 대표는 또 “이젠 더 이상 부동산 정책을 국토부 장관이 주무로 해서는 안 된다”며 “경제부총리나 국무총리 수준에서 종합적 으로 다른 부처와 조율해서 부동산 정책을 내는게 보다 더 실효가 있다”고 주장했다. 이어 “부동산에 교육 정책이 큰 영향을 미치는 것처럼 다른 많은 부처가 영향을 미칠 수 있다”고 강조했다.유튜브를 통해 23일 공개된 진중권(왼쪽) 전 동양대 교수와 안철수 국민의당 대표의 대담 모습. 연합뉴스진 전 교수는 “유관부서 중에서 법무부는 빠졌으면 좋겠다”며 “법무부 장관이 부동산까지 하려고 한다”고 추 장관을 비판했다. 추 장관은 최근 페이스북에 부동산 정책 실패의 책임을 정부에만 돌릴 수 없다며 부동산과 관련해 목소리를 크게 내고 있다.진 전 교수는 문 대통령을 향해서도 맹공을 퍼부었다. 그는 “부동산 3법처럼 반발이 있는 경우에 대통령이 국민들에게 도움을 요구하거나 설득을 해야될 때가 있다”며 “질문 다 받고 반박해야 되는데 이런 게 없다. 박근혜정부 시절과 달라는 게 뭔지 모르겠다”고 문 대통령을 직격했다.그는 또 “듣자 하니 대통령을 못 만나게 한다는데 노무현 대통령은 토론하고 논쟁하는 것 좋아했다”며 “중요한 시기마다 대통령의 기능이 있는데 그걸 거의 못하는 거 같다”고 말했다. 그러면서 “당이 잘못 됐을땐 올바른 윤리적 결정을 내려줘야 하는데 아주 중요한 결단 결단 순간마다 대통령이 없었다. 행방불명이다”라고 덧붙였다.진 전 교수는 “대통령 연설이 겉도는 건데 협치 말하고 바로 통과시킨 게 부동산 3법”이라며 “그래서 민심이 악화 됐고 힘으로 밀어붙이니까 민심 이반 일어났다”고 비판했다. 이어 “애드립 수준으로 행정수도 나오지 않냐. 마구 질러대는데 국가 대사 결정하는 일들이 지지율 눈치 보며 그때 그때 즉흥적으로 나와도 되느냐”라고 반문했다.이상헌 기자 kmpaper@kmib.co.kr"
4,국민일보,진성준 “8말9초에 집값 떨어진다…부동산정책 안 바꿔”,"더불어민주당 진성준 전략기획위원장. 연합뉴스진성준 더불어민주당 전략기획위원장은 14일 부동산 시장이 안정될 시기로 “이달 말에서 다음달 초가 되면 체감하게 될 것이다. (집값이) 떨어졌다는 보도도 나오게 될 것으로 기대한다”고 예언했다.진 위원장은 이날 이날 오전 서울 여의도 국회에서 열린 민주당 전당대회준비위원회 기자간담회에서 “집값이 안정화되면, 그래서 1채만 갖고 있는 사람이 ‘문제가 없다’고 알게 되면 안심하게 될 것이고, 그럼 정부가 부동산 정책을 잘했다는 평가가 나오지 않겠느냐”며 이같이 말했다.진 위원장은 최근 민주당의 지지율 하락과 관련해선 “부동산 정책 전체가 잘못돼서 지지율이 떨어진 것처럼 얘기하는 건 잘못된 것”이라고 지적했다.그는 “집값 상승률이 하락하고 있고, 시간이 지나면 떨어질 수 있는 상황이라고 전문가들은 내다보고 있다. 전세값도 마찬가지”라며 “시간이 지나 부동산 시장 상황이 국민께 전달이 되고, 우리가 추진하고자 하는 정책이 ‘1가구 1주택’을 소유한 보통의 시민들에게 과세 부담을 발생하는 게 아닌, 다주택자와 투기세력에 (세금이) 부담된다는 것을 체감하고 인식하게 되면 상황은 개선된다고 본다”고 강조했다.그러면서 “부동산 정책이 잘못돼서 그에 대한 반발로 민주당 지지율이 폭락하고, 당이 부동산 정책을 수정하거나 속도를 조절해야 (지지율이) 반등될 것처럼 생각하는 것은 오산”이라며 “그럴 생각이 전혀 없고 그렇게 평가하지도 않는다”고 했다.박세환 기자 foryou@kmib.co.kr"
5,국민일보,이재명 “토지거래허가제 도민 의견 구합니다”,"사진=연합뉴스이재명(사진) 경기도지사가 자신이 내세운 토지거래허가제에 대해 “집단지성의 힘으로 부동산정책을 완성하겠다”며 주민 의견을 요청하고 나섰다. 경기도의회에서 이 제도와 관련한 찬반 견해가 팽팽하게 맞서자 경기도민 의견을 물어 정면돌파하겠다는 의지를 표명한 것이다.이 지사는 12일 자신의 페이스북에 “경기도가 부동산 투기를 차단하고 실거주 목적의 주택 매입만 허용하기 위해 검토중인 토지거래허가제에 대해 찬반 의견이 극명하게 갈리고 있다”는 글을 올렸다. 이어 찬성 과 반대 입장을 상세히 설명하기도 했다.찬성쪽은 토지거래허가제가 부동산시장 안정화를 위한 가장 강력하고 필요한 조치라는 견해다. 공공의 이익을 최우선에 두고, 토지소유 편중 및 무절제한 사용 시정, 투기로 인한 비합리적 지가형성 방지, 부당한 불로소득 통제를 위해 토지거래의 공적 규제를 강화해야 한다는 것이다.이 지사는 “토지는 유한성 부동성 연속성 등 그 특수성으로 공공재 성격이 강해 다른 재산권에 비해 광범위하게 제한받을 수 밖에 없다”는 자신의 생각도 덧붙였다. 이어 “전문가들은 토지거래허가제가 1970·80년대 만연한 부동산투기 억제에 큰 효과가 있었다고 평가한다”고 했다.반면 반대쪽은 이 제도가 과도한 기본권 침해라고 비판하고 있다. 이 지사는 “토지거래허가제를 ‘주택거래허가제’로 보고, 유한한 자원인 토지와 달리 주택은 건축물이기에 정부 통제의 당위성과 근거가 없다고 말한다”며 “거주·이전의 자유를 제한하고 사유재산 처분권을 침해해 헌법에 위배될 뿐 아니라, 공산주의나 사회주의와 다름 없다는 주장도 한다”고 소개했다.또 “토지거래허가제 시행이 오히려 아파트 구매심리와 공포 수요를 더욱 부추길 것이라고도 주장하고, 나아가 경기도만 토지거래허가제를 시행하면 풍선효과로 서울의 투기수요가 증가할 것이란 우려도 있다”고 덧붙였다.그러면서 “주권자인 도민 여러분의 고견을 구한다”며 “토지거래허가제에 대한 찬반 의견부터 창의적 발상 및 아이디어까지 다양한 생각들을 보내달라”고 당부했다.수원=강희청 기자 kanghc@kmib.co.kr"
6,국민일보,상가·빌딩 굴리면서  부동산정책 좌지우지 [이슈&탐사],"국회의원은 직무 외 다른 영리 업무에 종사할 수 없다. 하나 예외가 있는데 부동산 등 임대업이다. 2013년 국회 정치쇄신특위는 ‘의원 특권 내려놓기’ 일환으로 겸직 금지와 영리 활동 제한을 권고했는데, 이때 국회법을 개정하면서 넣은 면죄 조항이 ‘본인 소유 토지·건물 등의 재산을 활용한 임대업 등 영리업무를 하는 경우로 직무수행에 지장이 없는 경우에는 그러하지 아니하다’는 내용이다.국민일보 취재결과 21대 국회의원 부부 중 70여명이 이 면죄부 혜택을 본 것으로 나타났다. 이들 가운데 주택이 아닌 상가 등 수익형 부동산을 보유한 의원이 51명, 소유 건물만 92채였다. 수익형 부동산 범위를 오피스텔까지 늘리면 최대 68명, 116채나 된다. 사무실, 빌딩 등 상가용 건물을 임대할 땐 부가가치세법상 반드시 집주인이 임대사업자 등록을 해야 한다. 이런 건물을 보유해 세를 주고 있다면 등록 임대사업자 국회의원이라는 의미다. 이들이 보유한 수익형 건물 가액은 1048억원, 토지를 포함한 이들 총 부동산 자산은 2500억원 수준이었다.국토위·기재위 의원이 임대사업국토교통위원회 소속인 문진석 더불어민주당 의원은 본인과 배우자 명의로 상가 4채 11억2269만원 상당을 보유하고 있다. 같은 상임위 소속인 김은혜 미래통합당 의원은 남편이 서울 강남구에 빌딩을 소유하고 있다. 이들을 포함해 상가나 오피스텔, 사무실, 빌딩 등을 보유한 국토위 소속 의원은 박상혁, 정정순, 허영, 김윤덕(이상 민주당), 송언석(통합당) 의원 등 7명이다. 기재위에도 우원식, 이광재, 김주영, 정성호(이상 민주당), 류성걸, 박형수, 서병수(이상 통합당) 의원 등 7명이 수익형 건물을 소유하고 있었다. 지분 일부만 투자한 의원도 있었지만 대부분은 직접 소유하고 있었다. 실제 세를 줘 수익을 올리고 있는지는 확인되지 않았다.국회의원들의 임대사업은 괜찮은 걸까. 2013년 국회법 개정 때 이미 이를 우려하는 목소리가 나왔었다. 당시 속기록을 보면 정진후 전 정의당 의원은 국회운영위 소위회의에서 “(예외조항에) 궁색하게 ‘본인 소유 토지·건물 등 재산을 활용한 임대업 등 영리업무’ 이랬는데 국민은 전부 다 연관이 있다고 생각하지 특정 업무는 연관이 없다(고) 보지 않는다”며 “‘일체의 영리 행위’로 제한하는 것이 법 개정 취지에 훨씬 더 부합된다”고 주장했다. 진정구 당시 수석전문위원은 12일 국민일보와의 통화에서 “의원이 되기 전 본인이 주택을 가지고 있으면서 이미 세를 주고 있는 사람들도 있을 텐데 이런 부분까지 금지하는 건 재산권 침해라는 취지에서 넣은 것”이라고 말했다. 본격적으로 임대사업을 하라는 의미는 아니었다는 것이다.본인이나 배우자가 임대사업자인 의원이 관련 상임위 활동을 할 경우 이해충돌 문제가 발생한다. 정세은 충남대 경제학과 교수는 “국토 자산에서 우위를 점한 사람들이 관련 정책을 결정하는 중요한 자리에 간 건 국민에게 부동산 정책에 대한 신뢰를 줄 수 없는 구조”라고 말했다.김은혜 미래통합당 의원(왼쪽), 문진석 더불어민주당 의원. 뉴시스2018년 9월 개정된 조세특례제한법 표결 상황을 보면 일부 국회의원의 이해충돌 문제가 제기된다. 당시 국회는 부동산임대업 수입이 연 7500만원 이하인 임대사업자가 임차인에게 5년 이상 상가건물을 빌려주고 임대료 인상을 연 3% 이내로 할 때 소득세 및 법인세의 5%를 감면해주는 내용으로 법을 개정했다. 상가임대차보호법을 개정해 임차 상공인을 보호하는 대신 임대사업자에게도 세제 혜택을 주기로 한 것이다.그런데 당시 찬성표를 던진 의원 127명 중에서 현재 21대 국회의원으로 건물을 들고 있는 이들은 유동수, 박범계, 서영교, 이만희 의원 등 10명이다. 유 의원은 공동명의로 전북에 상가 3건을, 박 의원은 배우자 명의로 대구에 4억원대의 상가주택을, 서 의원은 본인 명의로 서울 중랑구에 2억원대 상가주택을 보유하고 있다. 이 의원은 2018년 서울 중구에 배우자와 공동명의로 6억7000만원대 상가를 사들였다. 법의 취지는 임대료 상승 폭을 낮추기 위한 것이었지만 결과적으로는 임대사업 의원들 스스로 세금 감면 혜택을 주게 됐다.서원석 중앙대 도시계획부동산학과 교수는 “부동산 자산이 많은 의원은 관련 상임위에서 이익과 결부된 정책을 펼칠 수 있다”며 “의원 스스로 배제하는 것도 중요하나 상임위 활동 제한을 제도화하는 것도 필요하다”고 말했다. 전성인 홍익대 경제학과 교수도 “제약회사 주식을 보유하고 있으면 보건복지위에 가지 못하듯 임대사업자 의원들 역시 관련 상임위에서 배제되는 건 당연하다”고 말했다.커지는 과세 불균형권은희 국민의당 의원 부부는 21대 총선 당시 상가 10채로만 21억6046만원의 부동산 자산을 신고했고, 지난해 보유세로 482만8000원을 냈다. 서울 아파트 2채를 23억2490만원에 신고한 이달곤 미래통합당 의원은 지난해 838만9000원을 보유세로 납부했다. 두 의원의 내년 보유세는 어떻게 달라질까.국민일보는 21대 총선에서 비슷한 가액으로 다른 종류의 부동산 자산을 신고한 국회의원들의 내년 예상 보유세를 천정 세무회계사무소 김병한 세무사에게 의뢰해 계산해봤다.올해 세법개정안을 적용해도 권 의원 보유세는 거의 늘지 않는 것으로 나타났다. 상가의 경우 토지와 건물분에 대한 재산세를 따로 계산한다. 충북 청주시, 경기 화성시, 제주 서귀포시에 위치한 상가 10건에 대한 토지분 재산세(올해 공시지가 적용)는 총 96만7000원으로 추정된다. 건물분에 대한 세금도 271만원에 그친다. 토지와 건물분 총재산세는 368만원으로 지방교육세, 도시지역분 등을 더해도 지난해 세금 수준이다.반면 이 의원의 세금은 많이 늘어난다. 이 의원이 아내와 공동명의로 보유 중인 서울 중구의 아파트(전용 158.97㎡) 공시지가는 2019년 9억8400만원에서 2020년 10억2200만원으로 올랐다. 아내 단독 명의인 서초구 아파트(전용 130.53㎡)도 2019년 10억원에서 올해 12억3800만원으로 공시지가가 뛰었다. 내년도 공시지가가 올해와 같다는 가정 하에 7·10 대책을 적용한 이 의원 부부의 보유세는 2021년에 2099만원 수준까지 오를 것으로 추정된다. 다주택자에 대한 세금이 강화되면서 2019년 491만원이었던 종부세가 1682만원으로 3배 넘게 뛰기 때문이다. 결과적으로 두 의원의 보유세는 5배 이상으로 격차가 벌어지게 된다.이는 수십년 동안 주택만을 겨냥한 세법 개정이 반복되면서 발생한 문제다. 주택에 대한 종부세율과 과표 금액은 몇 차례 조정됐지만 상가·빌딩 등 수익형 부동산에 대한 세율은 2008년과 크게 달라지지 않았다. 다주택 규제로 빌딩이나 상가에 눈을 돌린 투자자가 상당수지만 토지 공시지가가 80억원이 넘어야만 종부세를 부과하는 이명박정부 정책은 13년째 유지되고 있다. 별도합산토지에 대한 세율을 인상할 경우 임대료 전가 등으로 경제에 부담을 줄 수 있다는 이유에서다.박정 민주당 의원은 서울 마포구 상암동에 383억원짜리 빌딩을 갖고 있다. 고양시에는 10억8800만원짜리 아파트, 파주시에 3억8700만원짜리 단독주택과 1200만원짜리 토지도 있다. 박 의원이 지난해 낸 종부세는 2351만원, 재산세는 8062만원이다. 빌딩에 대한 종부세 공제금액이 커서 재산에 비해 부과된 보유세가 적었다.김기현 통합당 의원은 본인 명의로 울산에 각 33억4000만원, 10억7900만원, 9억4800만원짜리 상가 3개를 보유하고 있다. 울산에 4억7000만원대 아파트와 토지 1억7700만원도 갖고 있다. 배우자 명의로는 울산에 1억6400만원짜리 상가 1채가 더 있다. 총 건물 5채로 가액은 60억원 수준이다. 김 의원이 지난해 낸 세금은 재산세 1783만4000원, 종부세는 0원이다. 울산에 들고 있는 아파트가 액이 4억7000만원으로 종부세 과세 대상이 아니고 상가 역시 토지 공시가액 80억원이 넘지 않아 과세대상에서 빠진 것이다.신종칠 건국대 부동산학과 교수는 “이런 식으로 세금을 왜곡시켜 놓으면 돈이 생긴 사람들은 세금부담이 낮은 곳으로 옮겨가고 그럼 또다시 그걸 규제하는 형태가 반복된다”며 “(세제와 부동산시장) 전체를 생각하고 제도를 정비하지 않아 현재의 상태가 된 것”이라고 말했다.[의원님들의 부동산 포트폴리오: 세금은 얼마나 내셨나요]▶①103억 vs 19억… ‘자산가 국회의원’ 종부세 252만원으로 같았다 [이슈&탐사]▶②아들에 증여·지분 쪼개 공동명의… ‘증세폭탄’ 막아내는 의원님 [이슈&탐사]▶④282억 vs 1300만원… 의원들도 부동산 따라 ‘부익부 빈익빈’ [이슈&탐사]전웅빈 김판 임주언 박세원 기자 imung@kmib.co.kr"
7,국민일보,文 “집값 안정됐다”는데… 김종인 “국민이 판단해야”,"(서울=연합뉴스) 이진욱 기자 = 문재인 대통령이 10일 오후 청와대에서 수석·보좌관 회의를 주재하고 있다.김종인 미래통합당 비상대책위원장이 11일 주택시장이 안정화됐다는 문재인 대통령의 발언에 대해 “그건 대통령 혼자의 생각”이라고 비판했다. 김 위원장은 이날 국회에서 기자들과 만나 “부동산 정책이 실효를 거두고 있는지 없는지는 일반 국민이 판단할 문제”라며 “대통령 혼자서 안정됐다고 이야기할 수 없다”고 말했다. 문 대통령이 전날 청와대 수석·보좌관 회의에서 “주택 시장이 안정화되고 집값 상승세가 진정되는 양상을 보이기 시작했다”고 발언한 데 따른 것이다.(서울=연합뉴스) 진성철 기자 = 미래통합당 김종인 비상대책위원장이 11일 국회 의원회관에서 부동산ㆍ수해 등 현안 관련 질문에 답변하고 있다.  안철수 국민의당 대표도 이날 페이스북에 글을 올리고 “어제 집값이 안정되고 있다는 대통령의 발언은 이 정권의 부동산정책 실패로 크게 상처받은 국민 가슴에 염장 지르는 것”이라고 지적했다. 안 대표는 “집값이 잡혔다니요”라고 반문 뒤 “이미 오를 대로 올랐는데, 만약 여기서 집값이 더 올라간다면 그것은 국민 보고 죽으라는 이야기”라고 했다.이어 안 대표는 “23번의 대책은 정책실패의 반증”이라며 “성난 민심을 수습하려면 무엇보다도 먼저 대통령이 진심으로 정책실패에 대해 사과하고 관련 장관과 참모들을 경질하는 것에서부터 시작해야 한다”고 주장했다.안 대표는 “상황 인식과 판단에 중대한 오류가 있다. 청와대는 신문도 안 보고, 여론 청취도 안 하나”라며 “대통령 주변이 온통 눈과 귀를 가리는 간신배들로 둘러싸여 있는 것인가. 예로부터 현군 밑에 간신 없다고 했는데, 걱정”이라고 했다.김동우 기자 love@kmib.co.kr"
8,국민일보,물음표 달린 안철수의 미래…서울시장 아니면 대선?,"국민의당 안철수 대표가 지난 10일 국회에서 열린 최고위원회의에서 발언하고 있는 모습. 왼쪽은 같은 당 이태규 의원. 연합뉴스안철수 국민의당 대표가 11일 “집값이 안정되고 있다는 대통령의 발언은 이 정권의 부동산정책 실패로 크게 상처받은 국민 가슴에 염장을 지르는 것”이라고 말했다. 그러면서 “(대통령의) 상황 인식과 판단에 중대한 오류가 있다. 청와대는 신문도 안 보고 여론청취도 안 하냐”고 지적했다.안 대표는 페이스북을 통해 부동산 정책 실패에 대한 문재인 대통령의 사과와 장관, 참모들의 경질을 요구하며 이같이 강조했다. 문 대통령이 전날 청와대 수석·보좌관회의에서 부동산 문제에 관해 “종합대책의 효과가 서서히 나타나고 있다”며 “과열 현상을 빚던 주택 시장이 안정화되고, 집값 상승세가 진정되는 양상을 보이기 시작했다”고 말한 대목을 문제 삼은 것이다.안 대표는 “대통령 주변이 온통 눈귀를 가리는 간신배들로 둘러싸여 있는 것이냐. 예부터 현군 밑에 간신 없다고 했는데 걱정”이라며 “현 정부의 부동산정책은 실패할 대로 실패했다”고 주장했다. 이어 “집값이 잡혔다니요? 이미 오를 대로 올랐는데 만약 여기서 집값이 더 올라간다면 그것은 국민 보고 죽으라는 이야기”라고도 했다.연일 안 대표는 정부·여당을 향한 공격 수위를 높이고 있다. 그의 주장은 미래통합당 기조와 크게 다르지 않은 상황에 이르렀다. 야권에서 폭우 피해의 한 원인으로 지목한 태양광 사업에 대한 국회 국정조사, 수해 대응을 위한 추경 추진 등은 통합당과 국민의당 양쪽에서 모두 주장하고 있는 것들이다. 국민의당과 통합당 간 정책 공조도 물밑에서 활발하게 이뤄지고 있다. 국민의당은 통합당이 김종인 비대위원장 체제에서 중도실용 노선을 추진하고 있는 데 긍정적이다.2017년 대선 당시 국민의당 안철수 후보가 선거일을 2일 앞두고 서울 지하철 2호선 강남역 앞에서 두 팔을 들고 유권자들에게 지지를 호소하고 있다. 최종학 선임기자 다만 통합당과 국민의당 간 정책 공조가 선거 연대로까지 이어질지는 미지수다. 통합당은 내부적으로 내년 4월 서울시장 보궐선거나 2022년 3월 대선에서 안 대표가 통합당 경선에 참여하기를 바라는 분위기다. 안 대표 합류로 시너지 효과가 커질 수 있다는 판단 때문이다.하지만 안 대표의 행보에는 물음표가 달려 있다. 서울시장 선거에서 한 번 낙선했던 그가 대선 준비로 직행할 가능성도 배제할 수 없다. 통합당의 한 의원은 “당내에선 안 대표의 역할을 기대하는 목소리가 꽤 있다”면서도 “정치적 명분을 중요하게 따지는 안 대표가 통합당 레이스에 참여할지 여부는 아직 불투명하다”고 말했다.김경택 기자 ptyx@kmib.co.kr"
9,국민일보,비서실장 후보→내로남불 대명사…김조원 미스터리,"문재인 대통령이 결국 김조원 청와대 민정수석을 경질했다. 후임으로는 현 정부 청와대에서 공직기강비서관을 지냈던 김종호 감사원 사무총장을 임명했다. 이로써 부동산 대란 속 다주택자의 상징으로 떠올랐던 김 수석은 1년 만에 청와대를 떠나게 됐다.그런데 김 수석은 온 나라가 부동산으로 떠들썩한 상황에서도 왜 집을 팔지 않았을까. 정말 그는 직 대신 집을 택했을까. 이같은 ‘김조원 미스터리’는 그를 희생양 삼았던 청와대의 기조, 그리고 평소 성격에 따른 청와대 내 불화가 복합적으로 작용한 것으로 보인다.김 수석은 2005년 노무현정부 당시 공직기강비서관으로 발탁됐다. 문 대통령이 민정수석으로 근무할 때다. 이후 15개월 간 같이 근무하며 상당한 신뢰 관계가 쌓였다. 문재인정부 출범 이후 김 수석이 비서실장 후보군으로 오르내렸던 이유다. 문 대통령은 조국 전 민정수석 후임 인선과정에서 김 수석에게 ‘도와달라’는 뜻을 여러차례 전했던 것으로 알려졌다. 김 수석은 한국항공우주산업(KAI) 사장 직을 1년 6개월여만에 그만두고 청와대에 합류했다.조 전 수석과 달리 김 수석은 외부 행보를 거의 보이지 않았다. 김 수석의 존재감이 떨어진다는 지적이 안팎에서 제기됐다. 여권 관계자는 10일 “우병우, 조국 전 수석이 특수했을 뿐 원래 민정수석은 그림자처럼 지내던 자리”라며 “감사원에서 오래 근무했던 김 수석은 그 역할에만 충실하려 했다”고 전했다.하지만 김 수석의 청와대 생활은 순탄하지 않았다. 무엇보다 그의 서울 강남집 두 채를 두고 내로남불의 상징으로 떠오른 데 대해 상당한 불만을 가졌던 것으로 알려졌다. 그는 도곡동 한신아파트를 1991년, 잠실 갤러리아팰리스는 2001년 구입했다. 다른 관계자는 “문재인정부 들어 투기를 한 것도 아니고, 해당 아파트들 구입 시기도 20년이 다돼가는 상황에서 김 수석은 본인이 부도덕한 인사로 꼽히는 데 원한이 맺혔던 것 같다”고 평가했다.그는 공직기강비서관 근무 당시 청와대 인사검증 매뉴얼을 처음 만든 것으로 알려져있다. 노무현정부 때만 해도 서울지역 두 채 아파트는 투기로 보지 않았다. 부모 부양이나 근무지 문제 등이 원인일 수 있어서다. 당시에는 고위공직자 검증 시 수도권에 세 채 이상 보유했을 경우에만 투기 검증으로 올렸다. 김 수석 입장에서는 청와대 입성 1년도 안된 본인이 무리하게 부동산정책 실기의 희생양이 된다고 생각했던 것으로 보인다.김 수석의 ‘꼬장꼬장한’ 성격도 청와대 내 불협화음을 일으켰다고 한다. 감사통으로만 20년 이상 근무했던 그는 내부적으로는 상당히 ‘그립’을 세게 잡는 편이다. 청와대 근무 중에서도 자기 생각을 직설적으로 말하면서 노영민 비서실장 등 일부 참모들과 관계가 틀어졌던 것으로 알려졌다. 그러다 부동산 문제가 터지자 자의 반 타의 반으로 사표를 냈다는 게 여권 관계자들의 공통된 분석이다.여권 관계자는 “레임덕은 막을 수 있는 게 아니라 노화처럼 자연스럽게 오는 것”이라며 “이를 연착륙 시켜야하는데, 부동산 문제로 청와대 참모들이 몽땅 교체되는 사고로 레임덕이 언급되는 건 좋은 징조가 아니다”고 말했다.강준구 기자 eyes@kmib.co.kr"
10,국민일보,이재명 “정부 부동산정책 1% 부족”,"이재명 경기도지사가 9일 페이스북을 통해 ‘부동산정책에 부족한 1%’라는 제목의 글을 올렸다.이 지사는 이 글에서 “얼마전 저의 sbs 8시뉴스 인터뷰중 ‘8. 4. 자 부동산정책은 1% 부족…1% 부족에도 압력 생긴다는 발언을 두고 다주택 청와대 비서진 사퇴를 겨냥했다는 등 여러 해석이 있었다”면서 “그러나 이 발언은 ‘대통령을 보좌하는 관료들은 대통령의 “부동산으로 돈 벌지 못하게 하겠다”는 방침에 맞는 정책을 내야하고, 부동산으로 돈 못 벌게 하려면 조세 등으로 불로소득을 철저히 환수하면 되는데 관료들이 대체로 잘하고 있지만 1% 부족하다”는 취지라고 설명했다.이 지사는 같은 글에서 “그런데 1%라는 극히 작은 구멍에도 큰 투기압력이 생긴다’는 것이었는데 일부 발언이 편집되면서 발언의미와 의도가 와전됐다”고 강조했다.이와 관련, 이 지사는 상당분량을 할애해 부동산정책에 대한 자신의 입장을 밝혔다.다음은 이 지사가 페이스북에 올린 글이다.“주택보급률 100% 시대에 가장 핵심적인 부동산문제는 불로소득을 노리는 투기수요와 부동산가격 불안정에 기한 공포수요 때문에 발생합니다. 누군가의 불로소득은 누군가의 손실이므로 비정상적 부동산 가격은 반드시 해결해야할 국가적 과제입니다.시장경제에서 가격은 수요와 공급으로 결정되는데 수요공급 왜곡을 방치한 채 가격을 직접 누르면 풍선효과로 문제를 오히려 키우게 되고, 토지와 주택은 공산품과 달리 수요가 는다고 공급을 따라 늘릴 수 없으므로 실수요 아닌 투기수요와 공포수요가 증가하면 가격통제를 위한 노력은 효과가 거의 없고 부작용만 늘어납니다.투기를 불가능하게 하는 투기이익환수 강화는 가장 근본적이고 효과적인 대책인 동시에 당연히 저항이 가장 큰 방법입니다. 반대로 융자통제 등의 간접통제는 저항이 적은 대신 효과가 제한적이며 오히려 현금부자들에게 독점적 투기기회를 부여하는 부작용도 있습니다.누구나 집을 사지 않고도 장기간 적정한 주택에서 집세 걱정 없이 편히 살 수 있도록 ‘기본주택’(무주택 중산층까지 얼마든지 장기거주하는 적정한 장기공공임대주택)을 대량공급하면 공포수요도 억제할 수 있습니다. 수요가 안정되면 실수요를 감당할 수준의 신규공급만으로도 집값은 안정되고 통상적인 정책으로 통제조정이 가능합니다.공급확대, 임대냐 분양이냐의 공급방식 결정, 불로소득 환수체제 정비, 무주택 중산층용 장기공공임대주택 공급으로 불안해소 등 각종 정책을 수립 시행함에 있어서, 주택시장 교란으로 실수요 아닌 투기•투자•공포 수요가 지배하는 혼란상황에서는 투기압력 때문에 1) 단 1%의 투기가능성까지 배제하는 철저하고 세밀한 정책이 필요하고 2) 기득권 저항을 돌파하는 강한 추진력이 병행되어야 합니다.그 점에서 이번 부동산 정책은 안타깝게도 ‘부동산으로 돈 벌 수 없게 한다’는 대통령의 의지와 철학에 1% 못 미치며, 작은 틈새지만 투기압력으로 투기억제목적 달성이 어렵기 때문에  1%의 부족함조차 틀어막는 적확(的確)하고 강력한 조치가 필요합니다.사람이 만든 문제는 신의 손 없이도 해결할 수 있습니다. 정치행정은 만인이 공감하는 선행을 하는 것이 아니라 충돌하는 이해를 조정하는 것이므로 더 좋은 결과를 얻으려면 더 많은 기득권의 저항을 이겨내야 하고 이기기 위해서는 강력한 의지외에 저항요인을 최소화하는 노력도 병행해야 합니다.세수증대 아닌 시장정상화 목적의 증세라면 비정상(다주택, 비거주주택)에 대한 강력한 증세만큼 정상(실거주용 1주택)에 대한 충분한 배려가 있어야 저항집단을 최소화되고 증세명분은 강화되어 정책집행가능성이 커집니다.생활필수품과 투자용품에 대한 처우는 달라야 하고, 투기 아닌 주거목적 주택이라면 가격자체를 누를 것이 아니라 상응하는 세금부과로 충분하며, 저항이 있다고 쉽게 입장을 바꾸면 더 큰 저항을 불러들이게 됩니다.지난 4일의 집값안정과 공급확대정책과 관련한 의견과 경기도의 방침입니다.첫째, 국립외교원, 서울지방조달청, 과천 청사용지 등 핵심요지의 국가보유 토지에 짓는 신규주택은 청년과 취약계층은 물론 무주택 중산층을 대상으로 한 미분양조건부 장기공공임대주택이어야지 분양하거나 분양전환조건부 임대주택이 되면 안됩니다.시세의 절반에 불과한 로또분양으로 투기광풍을 불러올 뿐 아니라, 청년과 신혼부부 대상으로 제한하면 현금조달이 가능한 금수저 자녀들에게 국민의 재산으로 잔치상을 펴주는 꼴이 되고, 결국에 가서는 주택투기시장에 유력한 또 하나의 투기자산을 공급하게 될 것입니다.대책의 극히 작은 허점을 찾아 정책목표를 무너뜨리고 투기목적을 달성하는 것이 바로 투기세력입니다. 소중한 국민의 자산인 토지가 투기세력의 배불리기에 이용되어선 안됩니다.불로소득 환수를 위한 부동산세 강화로 투기수요를 억제함과 동시에 무주택자들이 평생 집값 걱정 없이 적정한 임대료로 편안한 주거를 영위하도록 질 높은 장기공공임대주택을 공급한다면 공포수요 억제에 효과가 클 것입니다.둘째, 향후 경기도는 기본주택(무주택 중산층과 서민용 미분양 장기공공임대주택) 공급용 외에 일반분양을 위한 녹지훼손이나 택지개발은 원칙적으로 더 이상 허용하지 않을 것입니다.경기도는 지금까지 주택분양을 위한 녹지훼손이나 택지개발에 대해 정부와 발을 맞춰 왔습니다. 그런데 녹지훼손과 신규택지 개발은 여러 장점에도 불구하고 본도심 퇴락을 가속화시키고, 주거환경을 악화시키는 부작용이 있습니다. 특히 ‘개발이익 공공환수 없는 분양가상한제’에 따른 로또분양으로 공공택지는 투기장이 되었습니다.공공택지에는 원칙적으로 공익적인 ‘기본주택’을 공급해야 하며, 택지개발로 소외되고 퇴락해 가는 원도심을 배려해야 합니다. 앞으로 경기도는 공익목적의 기본주택 공급 외에 일반분양목적의 택지개발은 원칙적으로 불허하고 도심 재정비를 포함한 원도심 주거환경개선에 힘쓸 것입니다.”수원=정창교 기자 jcgyo@kmib.co.kr"
11,국민일보,"[사설] 총체적 난맥 청와대, 대대적 쇄신 필요하다","최근의 국정 혼란은 심각한 수준이다. 특히 모든 논쟁거리를 빨아들이고 있는 핫이슈인 부동산 정책의 경우 정부의 문제 해결 능력에 대한 국민의 불신이 이만저만이 아니다. 국민의 불만은 조세저항 등 정부에 반대하는 집단행동으로까지 번지고 있다. 이 과정에서 여당과 관련 행정부처를 연결하면서 정책의 컨트롤타워 역할을 해야 할 청와대가 보이지 않는다.사태 해결을 주도하기는커녕 민심 이반에 기름을 붓고 있다. 노영민 대통령 비서실장이 지시한 청와대 고위 참모들의 다주택 처분은 8개월이 지나도록 이행되지 않고 있다. 노 실장 자신이 청주와 서울 강남의 주택 중 어느 것을 처분할 것인가를 놓고 오락가락해 청와대의 위신을 추락시켰다. 한술 더 뜬 사람은 김조원 민정수석이다.공직자들의 기강을 다잡는 책임을 진 민정수석이 시세보다 2억원 이상 높은 가격으로 서울 잠실 아파트를 내놓았다는 것이다. 매각한다는 시늉만 낸 징후가 역력하다. 국민이 탄식하고 청와대가 웃음거리가 됐다. 최고 행정기관의 권위가 이렇게 떨어졌는데 국정에 대한 신뢰가 있을 리 없다.결국 노 실장을 비롯한 대통령비서실 소속 수석비서관 전원이 7일 문재인 대통령에게 일괄 사의를 표명했다. 사의를 표한 수석들은 강기정 정무수석, 윤도한 국민소통수석, 김 민정수석, 김거성 시민사회수석, 김외숙 인사수석 등 5명이다. 한마디로 만시지탄이다.문제는 최근 부동산정책 등 국정 혼란에는 청와대 정책실의 책임도 가볍지 않다는 점이다. 이번 정부 들어 23번째 부동산 대책인 8·4 대책이 발표됐지만, 수도권 집값과 전셋값은 더욱 오르고 있다. 개정된 부동산세법도 실효성과 함께 위헌, 위법 논란이 커지고 있다. 다주택자는 물론 1주택자의 보유세 부담이 적지 않게 늘어난다고 알려지면서 정부 부동산 정책의 목적이 무엇이냐는 비난이 터져 나오고 있다. 주택 공급을 늘리는 쪽으로 정책을 선회했으나 공공 재건축에 대한 회의적 반응, 신규택지 후보지 주민과 지자체 반발 등으로 크게 기대할 게 없다는 분석이 벌써 나온다.거대 의석을 무기로 질주하려는 여당을 다잡고 관련 행정부처 간 이견을 조율하는 것도 청와대 참모들의 주요한 책무다. 그런데 여당의 폭주만 보일 뿐 청와대는 보이지 않는다. 청와대의 무기력을 깨기 위해선 문 대통령이 비서실 뿐 아니라 정책실도 쇄신해야 한다."
12,국민일보,"잇따른 실언 논란…민주당 의원님들, SNS 좀 그만하세요","최강욱 열린민주당 대표 페이스북 캡처.최근 더불어민주당 의원들의 페이스북 글이 잇따라 논란이 되고 있다. 의원들이 SNS를 통해 현안에 대한 소신을 밝히며 지지자들과 소통하고 있지만 일부 발언이 상식에 맞지 않거나 본인이 스스로 실언한 책임을 언론 등에 떠넘기고 있다는 비판이 나온다. 민주당 차원에서 소속 의원들의 SNS를 금지시켜야 한다는 웃지 못할 지적까지 제기되고 있다.2일 더불어민주당 박범계·윤준병 의원은 윤희숙 미래통합당 의원과 부동산정책 설전을 벌이려다가 구설수에 올랐다.앞서 윤희숙 의원은 지난달 30일 국회 본회의 5분 자유발언 때 176석 거대여권이 밀어붙인 주택임대차보호법 개정안에 대한 문제점을 지적해 눈길을 끌었다. 윤 의원은 “저는 임차인”이라며 “표결된 법안을 보면서 든 생각은 ‘4년 후 꼼짝없이 월세로 들어가나, 이제 더 이상 전세는 없구나’ 그게 제 고민”이라고 지적했다.박범계 더불어민주당 의원이 29일 서울 여의도 국회에서 열린 법제사법위원회 전체회의에서 최재형 감사원장에게 질의하고 있다. 뉴시스이에 박범계 의원은 지난 1일 자신의 SNS에 “눈을 부라리지 않고 이상한 억양 없이 조리 있게 말하는 건 그쪽(통합당)에서 귀한 사례”라고 밝혔다. 하지만 박 의원 발언은 다수로부터 ‘특정지역 폄훼’라는 역공을 받았다. 결국 박 의원은 “특정지역 사투리를 빗댄 표현이 아니다”라고 해명했다.더불어민주당 환경노동위원회 소속 윤준병 의원이 14일 오전 서울 여의도 한국노총에서 열린 간담회에서 송옥주 환노위원장의 인사말을 듣고 있다. 연합뉴스서울시 행정부시장을 지낸 윤준병 의원 역시 자신의 SNS에 “국민 누구나 월세 사는 세상이 다가온다”며 “(월세의 전환은) 나쁜 현상이 아니다”라고 임대차보호법 개정안의 정당성을 주장했다. 그러나 인터넷 등에서 “윤 의원이 전세나 월세 한 번 살지 않았으면서 월세가 좋다는 궤변을 하고 있다”는 비판이 쏟아졌다. 윤 의원은 서울 마포·은평에 각각 1채를 소유한 2주택자다.지역구인 대전에서 호우 피해로 1명이 심정지 상태에 있다는 뉴스 화면이 나오는 도중에 다른 국회의원들과 모임에서 ‘파안대소’하는 사진이 공개돼 논란이 일었던 황운하 의원도 남을 탓하는 듯한 페이스북 해명으로 다시 한번 구설수에 올랐다.황 의원은 해당 사진이 논란이 되자 “(언론의) 악마의 편집”이라고 했다가 비판이 쏟아지자 해명글을 삭제했다. 이후 “전후 사정이 어찌 됐든 악의적인 보도의 빌미를 제공한 점은 사려깊지 못했다”고 사과했다.고민정 의원의 SNS도 논란을 빚었다. 고 의원은 자신이 주관하는 유료 강연에 남편 조기영 시인을 강사로 섭외했다. 관련 사실이 언론에 보도되자 고 의원은 페이스북에 “지금까지 200개 이상의 댓글 중 99% 정도의 분들께서 계속 진행해 줄 것을 요청했다”며 “여러분의 뜻을 따르겠다”고 썼다. 주로 민주당 지지자들이 고 의원의 페이스북 글에 댓글을 남겼는데, 강연을 강행하는 기준치고는 너무 편파적인 것 아니냐는 지적이 나왔다.박세환 기자 foryou@kmib.co.kr"
13,국민일보,이재명 “경기도서 부동산투기로 돈벌 수 없게 하겠다”,"앞으로 경기도에서 4급 이상 공무원과 산하 공공기관에서 임원으로 승진하기 위해서는 실거주용 1주택을 제외한 나머지 소유 주택을 연말까지 처분해야 한다.내년부터는 경기도 고위공직자와 산하기관 임원의 주택보유현황이 인사고과에 반영돼 인사상 불이익을 받기 때문이다.이처럼 지방자치단체 차원의 다주택 고위공직자에 대한 조치는 경기도가 처음이며, 2급 이상 공직자에게 권고한 정부안보다 강력한 수준이다.또 3기 신도시 지역 역세권내 주택공급 물량의 50% 이상을 무주택자에게 30년 이상 거주할 수 있는 경기도 기본주택으로 공급하고, 기본소득토지세 도입을 통해 부동산 불로소득을 환수하는 방안도 추진한다.이재명 경기도지사는 28일 경기도청 브리핑룸에서 온라인 브리핑을 통해 “경기도에서는 부동산 투기로 돈 버는 일이 없도록 하겠다”면서 이런 내용을 담은 ‘경기도 부동산 주요 대책’을 발표했다.먼저 이 지사는 “부동산에 이해관계를 가진 사람이 부동산정책 결정에 관여하게 되면 좋은 정책이 만들어지기 어렵다”면서 “고위공직자는 주거나 업무용 필수부동산 이외 일체 부동산을 보유하지 못하게 하는 부동산백지신탁제 도입을 위해 국회와 중앙정부에 협조를 구하고 입법실현에 힘쓰겠다”고 밝혔다.이어 “그러나 입법만을 기다릴 수 없어 임시방편으로 투기투자 목적의 다주택 보유 고위공직자에 대한 대처방안을 마련했다”고 덧붙였다.이에 따라 도는 경기도청 소속 4급 이상 공무원과 시·군 부단체장, 도 공공기관 등의 상근 임원과 본부장급 이상 간부(경기주택도시공사는 주택정책기관이라는 업무 특성을 고려해 처장급 간부까지 포함)를 대상으로 1주택 초과 주택을 연말까지 처분하도록 강력 권고했다. 다만 부득이한 사유로 다주택을 보유할 경우에는 사유 발생일로부터 6개월 내 해소하도록 했다.권고위반 시 내년 인사부터 주택보유 현황을 승진, 전보, 성과평가에 반영하고 다주택자는 관련 업무에서 배제하며 공공기관 임직원에 대해서는 재임용(임기연장), 승진, 공공기관 경영평가에 이를 반영한다.이 지사는 브리핑 중 “이미 올해 인사에서 고위공무원이 다주택자여서 승진에서 배제된 일이 있다”고 말하기도 했다. 도는 이달 1일 기준 공직자윤리법상 재산등록 대상자(4급 이상 공무원, 시·군 부단체장, 공공기관 임원 이상) 332명의 주택 보유현황을 조사했다. 이에 따르면 2주택 이상 소유자가 28.3%(94명)로 파악됐다. 세부적으로는 2주택이 69명으로 가장 많았고, 3주택과 4주택 소유자도 각각 16명, 9명이었다.소속기관별 다주택자 비율은 도청 4급 이상 23.4%(201명 중 47명), 시·군 부단체장 25.8%(31명 중 8명), 소방재난본부 4급 이상 37.5%(56명 중 21명), 공공기관 임원 40.9%(44명 중 18명)이다.이와 함께 이 지사는 “주택정책은 가격 억제보다는 다주택 규제에, 다주택 규제보다는 비거주 억제에 중점을 둬야 한다”며 “투기·투자 자산인 비거주용은 취득·보유·양도 과정에서 강력한 징벌 과세를 가하는 대신 실거주 1주택에는 세제 금융 우선순위 등 혜택을 줘야 한다”고 강조하며 비주거용 주택 보유 억제를 통한 주택시장 안정화 방안을 정부에 거듭 요청했다. 신축 공급은 제한적일 수밖에 없기 때문에 비거주용 다주택자가 실거주용 이외의 주택을 모두 시장에 내놓게 해야 한다는 것이 이 지사의 지론이다.이 지사는 3기 신도시 내 무주택자용 장기공공임대 기본주택과 토지 임대 조건부 분양주택, 사회적 협동조합이 운영하는 사회주택 등 경기도형 공공주택 공급계획도 설명했다.이에 따르면 장기공공임대형은 역세권 등 가장 좋은 입지에 무주택자라면 누구나 입주할 수 있는 초장기 공공임대주택으로 거주 조건이 좋지 않은 지역에 건설돼 저소득층을 대상으로 입주자를 모집한 기존 임대주택과 차별화된다.임대조건부 분양형은 토지소유권은 건설사업시행자가 건축물과 복리시설에 대한 소유권은 주택을 분양받는 사람이 갖는 주택형태로 토지와 주택 소유권을 모두 분양자가 갖는 현행 아파트 분양형식과 차이가 있다.토지소유권을 사업시행자가 보유하기 때문에 투기 우려가 없고 일반 분양아파트 대비 가격이 저렴하다는 장점이 있다.도는 경기주택도시공사를 통해 3기 신도시에 시범사업으로 도입하고, 사업성과를 분석한 후 확대 시행할 계획이다.아울러 공공임대주택과는 별개로 토지는 공공이 소유한 채 30년 이상 장기간 임대하고 건축물은 사회적 협동조합이 소유하며 운영하는 ‘경기도 사회주택’ 시범사업도 시작한다.경기도 사회주택은 공공 소유의 토지를 사회적 협동조합에 30년 이상 장기 임대해 토지매입에 따른 부담을 줄여주고, 이 효과로 협동조합이 주변 시세 대비 80% 수준의 임대료로 주택을 공급하는 제도다.60%는 일반 공모, 40%는 저소득층, 장애인, 1인가구, 고령자 등을 대상으로 하는 특별공급 형태로 제공된다.이밖에도 이 지사는 기본소득형 토지세 도입을 또 건의했다.그는 “증세분을 일반 재원으로 소모하지 말고 기본소득으로 전 국민에게 전액 환급하는 조건으로 과감한 부동산세 증세와 기본소득형 토지세를 도입해야 한다”며 “전국적인 도입이 어렵다면 광역 시도가 독자적으로 기본소득토지세(지역화폐형 토지기본소득)를 도입할 수 있게 해달라”며 정부와 국회의 협조를 거듭 요청했다.이번 대책과 관련해 이 지사는 “‘부동산으로 돈 벌 수 없게 하겠다’는 문재인 대통령의 정확한 진단과 신념을 실현하고 부동산 광풍을 잠재우려면 치밀하면서도 국민 수용성이 높은 정책을 만들고 실행해야 한다”면서 “지방정부 역할의 한계로 근본적 대책을 만들기는 어렵지만, 망국적 부동산 투기를 막기 위해 무엇이든 해야 한다는 의지로 경기도 차원의 부동산 대책 몇 가지를 마련했다”고 말했다.한편 이 지사는 다주택을 보유한 고위공직자의 인사상 불이익은 헌법에서 보장한 재산권을 침해하는 것 아니냐는 질문에 “인사는 인사권자의 고유권한”이라고 못박으며 “고위공직자는 공직자로서 국민에 대해 막중한 책임이 있기 때문에 감수 할 부분은 감수해야 한다”고 말했다.▶“경기도 간부 1주택 빼고 팔아라” 또 치고 나간 이재명수원=강희청 기자 kanghc@kmib.co.kr"
14,국민일보,이재명 “누군가의 불로소득은 누군가의 피눈물”,"“누군가의 부동산 투기로 인한 불로소득은 누군가의 피눈물입니다.”앞으로 경기도에서 4급 이상 공무원과 산하 공공기관에서 임원이 되기 위해서는 다주택자이면 제한을 받는다.내년부터는 경기도 고위공직자와 산하기관 임원의 주택보유현황이 인사고과에 반영되기 때문이다.또 3기 신도시 지역 역세권내 주택공급 물량의 50% 이상을 무주택자에게 30년 이상 거주할 수 있는 경기도 기본주택으로 공급하고, 기본소득토지세 도입을 통해 부동산 불로소득을 환수하는 방안도 추진한다.이재명 지사는 28일 경기도청 브리핑룸에서 온라인 브리핑을 통해 이런 내용을 담은 ‘경기도 부동산 주요 대책’을 발표했다.먼저 이 지사는 “부동산에 이해관계를 가진 사람이 부동산정책 결정에 관여하게 되면 좋은 정책이 만들어지기 어렵다”면서 “고위공직자는 주거나 업무용 필수부동산 이외 일체 부동산을 보유하지 못하게 하는 부동산백지신탁제 도입을 위해 국회와 중앙정부에 협조를 구하고 입법실현에 힘쓰겠다”고 밝혔다.이어 “그러나 입법만을 기다릴 수 없어 임시방편으로 투기투자 목적의 다주택 보유 고위공직자에 대한 대처방안을 마련했다”고 덧붙였다.이에 따라 도는 경기도청 소속 4급 이상 공무원과 시·군 부단체장, 도 공공기관 등의 상근 임원과 본부장급 이상 간부(경기주택도시공사는 주택정책기관이라는 업무 특성을 고려해 처장급 간부까지 포함)를 대상으로 1주택 초과 주택을 연말까지 처분하도록 강력 권고했다. 다만 부득이한 사유로 다주택을 보유할 경우에는 사유 발생일로부터 6개월 내 해소하도록 했다.권고위반 시 내년 인사부터 주택보유 현황을 승진, 전보, 성과평가에 반영하고 다주택자는 관련 업무에서 배제하며 공공기관 임직원에 대해서는 재임용(임기연장), 승진, 공공기관 경영평가에 이를 반영한다.이 지사는 브리핑 중 “이미 올해 인사에서 고위공무원이 다주택자여서 승진에서 배제된 일이 있다”고 말하기도 했다.고위공직자에 대한 다주택 처분 조치는 지자체 가운데는 처음이며, 2급 이상 공직자에게만 권고한 정부안보다도 강력하다.이와 함께 이 지사는 “주택의 신규공급만큼 중요한 것이 주택매입수요를 줄이는 것이므로 안정적이고 필요한 수준의 장기공공임대주택을 충분히 공급해 매입 대신 임차를 선택할 수 있게 해야 한다”면서 “영세서민 대상의 열악한 기존 공공임대주택에서 나아가 공공택 지위에 보편적 공공재로서 ‘경기도 기본주택’을 3기 신도시에서부터 주택공급 물량의 50% 이상을 기본주택으로 공급할 계획”이라고 밝혔다.경기도 기본주택은 장기공공임대형과 임대조건부 분양주택으로 나누어 진다.장기공공임대형은 역세권 등 가장 좋은 입지에 무주택자라면 누구나 입주할 수 있는 초장기 공공임대주택으로 거주 조건이 좋지 않은 지역에 건설돼 저소득층을 대상으로 입주자를 모집한 기존 임대주택과 차별화된다. 임대조건부 분양형은 토지소유권은 건설사업시행자가 건축물과 복리시설에 대한 소유권은 주택을 분양받는 사람이 갖는 주택형태로 토지와 주택 소유권을 모두 분양자가 갖는 현행 아파트 분양형식과 차이가 있다.토지소유권을 사업시행자가 보유하기 때문에 투기 우려가 없고 일반 분양아파트 대비 가격이 저렴하다는 장점이 있다.도는 경기주택도시공사를 통해 3기 신도시에 시범사업으로 도입하고, 사업성과를 분석한 후 확대 시행할 계획이다.아울러 공공임대주택과는 별개로 토지는 공공이 소유한 채 30년 이상 장기간 임대하고 건축물은 사회적 협동조합이 소유하며 운영하는 ‘경기도 사회주택’ 시범사업도 시작한다.경기도 사회주택은 공공 소유의 토지를 사회적 협동조합에 30년 이상 장기 임대해 토지매입에 따른 부담을 줄여주고, 이 효과로 협동조합이 주변 시세 대비 80% 수준의 임대료로 주택을 공급하는 제도다.60%는 일반 공모, 40%는 저소득층, 장애인, 1인가구, 고령자 등을 대상으로 하는 특별공급 형태로 제공된다.이밖에도 이 지사는 “우리나라 부동산 불로소득은 GDP의 22%인 346조원에 이른다. 공동의 자산인 토지로부터 생겨난 불로소득의 일부나마 조세로 환수해 구성원 모두가 고루 누리게 해야 한다”면서 “징수세금을 일반재원으로 소모하지 말고 전 국민에게 공평하게 환급하는 기본소득토지세를 도입할 필요가 있다”고 주장했다.이 지사는 이날 경기도의 부동산 주요대책 마련에 대해 한계점도 분명히 했다.그는 “‘부동산으로 돈 벌 수 없게 하겠다’는 문재인 대통령의 정확한 진단과 신념을 실현하고 부동산 광풍을 잠재우려면 치밀하면서도 국민 수용성이 높은 정책을 만들고 실행해야 한다”면서 “지방정부 역할의 한계로 근본적 대책을 만들기는 어렵지만 망국적 부동산투기를 막기 위해 할 수 있는 일은 무엇이든 해야 한다는 의지로 마련했다”고 했다.수원=강희청 기자 kanghc@kmib.co.kr"
15,국민일보,총선 100일맞은 슈퍼여당…“일한다” 약속에도 “송구함”만 가득했다,"이해찬 더불어민주당 대표가 15일 서울 여의도 국회에서 열린 더불어민주당 최고위원회의에 참석해 사과 발언을 하고 있다. 뉴시스더불어민주당이 23일로 지난 4·15 총선에서 유례없는 압승을 거둔 지 100일을 맞았다. 이른바 ‘슈퍼여당’이 된 민주당은 원내 과반 의석수를 훌쩍 넘어서는 176석을 기반으로 ‘일하는 국회’를 만들겠다며 지금까지의 무기력한 국회와는 다를 것이라는 자신감을 보였다.하지만 총선 직후부터 지금까지 오거돈 전 부산시장의 성추행 의혹, 정의기억연대 이사장을 지낸 윤미향 의원 의혹, 고위공직자 다주택자 논란, 부동산정책, 박원순 전 서울시장 사태까지 계속되면서 집권여당에서는 “송구스럽다”는 말만 이어지고 있다. ‘오만한 집권여당’ 프레임을 피하겠다고 했지만, 악재가 겹치면서 핵심 지지층의 이탈도 발생했다.특히 민주당으로선 소속 광역지자체장의 연이은 성추문 사건이 뼈아팠다는 평가가 나온다. 오거돈 전 시장이 총선 직후인 지난 4월 성추행 의혹으로 사퇴한 데 이어 차기 대권주자로 꼽히던 박원순 전 시장이 성추행 혐의로 고소된 직후 극단적인 선택을 했다. 여당은 박 전 시장을 고소한 전 비서 A씨를 ‘피해자’가 아닌 ‘피해 호소인’으로 지칭하며 대응에서도 국민 눈높이에 못미쳤다는 지적을 받았다. 이해찬 민주당 대표는 닷새가 지난 후에야 “너무 참담하고 국민께 드릴 말씀이 없다”며 사과했지만 여론은 싸늘해질 대로 싸늘해진 뒤였다.윤미향 의원은 위안부 피해자 할머니들을 위한 후원금을 불투명하게 사용했다는 여러 의혹을 받았으나 윤 의원 본인과 민주당의 대처도 미온적이라는 지적이 많았다. 이스타항공 창업주 이상직 의원 일가를 둘러싼 주식매입 자금 의혹도 불거졌다. 개별 의원들에게 제기된 여러 의혹에도 당은 침묵으로 일관하면서 회피하는 모습을 보인다는 비판도 끊이지 않았다.부동산 가격 폭등에 따라 당정이 내놓았던 부동산 대책은 시장에서 실효성이 떨어지고, 젊은 층의 ‘내집 마련’ 꿈을 앗아갔다는 지적이 많다. 이 과정에서 청와대와 정부, 민주당의 다주택자들은 집없는 서민들을 허탈하게 만들었다. 또 당정이 설익은 공급대책으로 언급했던 그린벨트 해제 여부를 둘러싸고 정부와 당에서 백가쟁명식으로 나왔던 말들도 결과적으로는 국민들에게 혼선만 불러왔다. 또 검찰개혁을 앞세웠지만 그 과정에서 벌어진 추미애 법무부 장관과 윤석열 검찰총장의 연이은 충돌은 개혁 피로감을 오히려 자극했다. 황태순 정치평론가는 23일 “부동산 대응 실패, 박 전 시장 사건 등으로 여당의 전통적 지지층이 흔들리고 있다”며 “여당은 그동안 수를 믿고 권력에 취해 오만해 있었다”고 지적했다.민주당의 ‘일하는 국회’ 약속 실천을 두고도 아쉬움의 목소리가 나온다. 여야는 법제사법위원장 자리를 놓고 정쟁을 거듭하다 21대 국회 임기 시작 48일 만인 지난 16일에야 개원식을 열며 역대 ‘최장 지각’ 국회라는 불명예 기록을 세웠다. 민주당이 18개 상임위원장직을 싹쓸이하며 야당과의 협치가 실종됐다는 비판도 나왔다. 김형준 명지대 교수는 “여당이 원 구성 협상에서 관행을 모두 없애는 등 교만하게 권력을 운용했다. (여당을 둘러싼 논란은) 예측됐던 결과”라고 말했다. 강훈식 민주당 수석대변인은 “송구스러웠던 일이 더 많았던 100일이었다. 당은 국민의 큰 꾸짖음을 달게 받아들인다”며 “앞으로 7월 임시국회, 9월 정기국회에서 일하는 모습을 보여드리겠다”고 말했다. 이현우 이가현 기자 base@kmib.co.kr"
16,국민일보,정책 잘 작동한다던 김현미 “부동산 상승 막기 한계”,김현미 국토교통부 장관이 23일 국회 본회의에서 진행된 경제에 관한 대정부 질문에서 미래통합당 서병수 의원의 질의에 답한 뒤 웃으며 자리로 돌아가고 있다. 연합뉴스김현미 국토교통부 장관이 23일 집값 불안을 두고 “전 세계적으로 유동성이 과잉 공급되고 최저금리 상황이 지속하면서 상승 국면을 막아내는 데 한계가 있는 상황”이라고 밝혔다.김 장관은 이날 국회 대정부 질문에서 역대 정권과 현 정부의 부동산정책 비교를 묻는 서병수 미래통합당 의원의 질문에 “규제 완화에 따른 (부동산 가격) 상승을 제어하기 위해 여러 가지 규제 정상화 조치를 취했다”며 이렇게 말했다.그는 ‘좌파 정부만 들어서면 부동산 가격이 오른다’는 비판을 받자 “부동산 정책은 정책의 결과가 나타나는 데 시차가 있기 마련”이라고 답했다.앞서 김 장관은 지난달 30일 국회 예산결산특위 전체회의에 출석해 정부의 각종 부동산 정책이 실패한 게 아니냐는 무소속 이용호 의원의 지적에 “정책은 다 잘 작동하고 있다”고 반박한 바 있다.박장군 기자 general@kmib.co.kr
17,국민일보,여당발 ‘행정수도 완성론’에 정국 들썩…정총리는 “위헌 치유돼야”,"정세균 국무총리가 22일 오후 서울 여의도 국회 본회의장에서 열린 제380회국회(임시회) 제4차 본회의 정치·외교·통일·안보에 관한 대정부 질문에서 의원 질의에 답변하고 있다. 뉴시스여당이 갑자기 꺼내든 ‘세종시 행정수도 완성’ 카드에 정국이 들썩이고 있다. 지난 2004년 헌법재판소의 위헌 결정은 부담이지만, 여당 카드에 정부 및 일부 야권 인사들도 논의해볼 만한 사안이라는 점을 밝히면서 이런 논의는 계속될 전망이다. 더불어민주당은 행정수도 이전을 위한 특별법을 준비하고 있다. 당내 태스크포스(TF) 출범을 구상중이다. 다만 잇따른 부동산정책 실패로 위기의식을 느낀 여당이 국면 전환을 위한 수습책이라는 지적은 여전하다.정세균 국무총리는 22일 국회 대정부 질의에서 행정수도 이전 관련 질문을 받고 “세종시 행정수도가 오래전 헌법재판소로부터 위헌결정을 받았는데, 그런 부분이 치유돼야 완전한 수도 이전을 검토할 수 있다”고 했다. 그러면서도 “원래 저는 세종시가 제 기능을 해야 한다는 생각을 갖고 있었다”며 “현재로서는 하루빨리 국회 분원을 세종시에 여는 것이 능률이나 국민의 세금을 절약하는 측면에서 바람직하다”고 말했다.민주당은 내부 여론조사를 통해 행정수도 이전에 대한 국민 공감대가 형성됐다는 결론을 내렸다. 민주당은 추가 논의에 박차를 가할 전망이다. 민주당 원내관계자는 “당 내부 조사에서는 행정수도 이전에 대한 찬성 의견이 61.8%가 나와 30%가 나온 반대 의견보다 배 이상 높았다. 서울에서도 찬성 의견이 우세했다”며 “위헌 결정이 났던 2004년과 지금은 국민 의식에 많은 변화가 온 것”이라고 강조했다.민주당은 단독 추진보다는 야당과의 합의를 우선하고 있다. ‘민심 바로미터’로 불리는 충청 민심 및 국가 균형발전에 대한 필요성을 고려하면 야당도 행정수도 이전을 끝까지 반대하기는 어렵다는 판단이다. 김태년 민주당 원내대표는 “미래통합당과 합의를 거쳐 국회 차원의 특별법을 만들고 싶다”고 말한 것으로 알려졌다.민주당은 국회에 행정수도완성특별위원회 구성을 제안한 데 이어 당 차원의 TF를 구상 중이다. 민주당 원내 관계자는 “행정수도완성특위를 떠받치기 위한 TF 출범을 추진하고 있다”며 “여당이 행정수도 이전에 있어 ‘단독드리블’을 하겠다는 게 아니라 원활한 특위 운영을 위한 사전작업”이라고 설명했다. 앞서 행정수도건설특별법을 준비 중이던 김두관 의원은 “특별법안을 국회 의안과가 아닌, 곧 만들어질 당 TF에 제출할 것”이라며 “특별법이 당내에서 더 좋은 법이 돼 만장일치로 국회에서 통과되기를 희망한다”고 밝혔다.통합당 일각에서도 논의해볼만한 사안이라는 얘기가 나온다. 충청권 5선의 정진석 의원은 “행정수도 완성에 동의한다. 이를 위해서는 헌법 개정이 필요하고 여야의 초당적 숙의가 선행돼야 한다”고 말했다. 오세훈 전 서울시장도 “부동산 광풍 와중에 이슈가 제기돼 오해 소지가 생겼지만 당이 긍정 검토했으면 한다”고 했다.하지만 통합당은 행정수도 이전에 대한 긍정적인 일부의 목소리에 대해 당의 공식 입장이 아니라고 밝혔다. 당 내에선 여당의 국면 전환용 이슈 몰이에 휘둘려선 안 된다는 기류도 강하다.김종인 통합당 비상대책위원장은 긍정적 반응에 대해 “당의 공식적인 견해가 아니다”고 일축했다. 배준영 대변인은 논평에서 “청와대의 광화문 이전 약속도 못 지키면서 웬 수도 이전이냐”며 “문 정권 특기인 ‘아니면 말고’식 여론몰이”라고 비판했다.이현우 심희정 기자 base@kmib.co.kr"
18,국민일보,주호영 “일당독재·전체주의·폭정” 정부·여당 맹공,"주호영 미래통합당 원내대표가 21일 국회에서 교섭단체 대표연설을 하고 있다. 주 원내대표는 “문재인 정권의 실상은 위선과 몰염치”라고 비난했다. 최종학 선임기자21대 국회 첫 교섭단체 대표연설에 나선 주호영 미래통합당 원내대표가 여당의 ‘의회 독재’를 맹공격했다. 그는 180석 여당이 상임위원장을 독점하고 고위공직자범죄수사처(공수처)를 밀어붙이는 것을 두고 ‘일당 독재’ ‘전체주의 정권’ ‘폭정’ 등 표현을 써가며 비난했다. 정부의 부동산 정책에 대해서는 “김현미 국토교통부 장관을 경질하고 대통령이 직접 국민께 사과하라”고 요구했다.주 원내대표는 21일 국회 본회의에서 문재인정부를 ‘도덕적으로 파탄 난 전체주의 정권’이라고 규정했다. 그는 “대통령 권력과 지방 권력, 사법 권력과 언론 권력, 심지어 시민사회 권력까지 완벽히 장악한 상황에서 마지막으로 남아 있던 의회 권력마저 완전 장악하고 돌격 태세를 구축함으로써 일당 독재, 전체주의 국가가 돼 가고 있다”고 비판했다.그러면서 문재인 대통령의 레임덕을 경고했다. 그는 “문 대통령의 임기는 2년이 채 남지 않았고 지지율은 계속 하락하고 있으며 언론은 대통령의 레임덕을 언급하기 시작했다”면서 ‘조국 사태’를 시작으로 윤미향 더불어민주당 의원의 기부금 횡령 의혹, 인천국제공항공사 비정규직 전환, 추미애 법무부 장관의 지휘권 남용, 박원순 전 서울시장의 성추행 의혹까지 현 정부 들어 논란이 됐던 사건들을 전부 열거했다. 박 전 시장의 성추행 의혹에 대해서는 국회 차원의 특위 구성을 제안했다.통합당은 부동산 정책 실패가 정부 지지율 하락세를 가파르게 할 것이라고 예상한다. 주 원내대표는 문재인정부 들어 아파트 가격이 급등했다며 대통령의 사과를 요구했다. 그는 “이명박·박근혜정권 9년 동안 서울 아파트 중위값이 26% 오른 데 비해 문재인 정권은 3년 만에 52%나 급등했다. 같은 기간 무려 6배에 해당하는 수치”라며 “그럼에도 김현미 장관은 ‘정책이 잘 작동하고 있다’고 하고 있고 여당 의원은 ‘그렇게 해도 집값 안 내려간다’고 하니 국민은 분통이 터진다”고 지적했다.그러면서 “정작 고위직 인사들은 노른자위 땅 아파트로 막대한 시세 차익을 올려 국민에게 분노와 박탈감을 안겨줬다. 규제 완화와 공급 확대 정책이 해결책”이라고 덧붙였다.민주당은 주 원내대표의 연설에 대해 “비판과 비난만 난무하고 대안과 비전 제시는 없었다”고 평가했다. 박성준 민주당 원내대변인은 논평에서 “통합당은 협치를 말했지만 또다시 추 장관에 대한 탄핵소추안을 제출하며 정쟁을 시작했다. 부디 국민의 입장을 헤아려 달라. 발목잡기 정쟁보다는 생산적인 비전을 제시하길 요청한다”고 했다.심희정 기자 simcity@kmib.co.kr"
19,국민일보,‘그냥 던진 게 아니다’…행정수도 이전 박차가하는 여당,"더불어민주당 김태년 원내대표가 21일 국회에서 열린 원내대책회의에서 발언하고 있다. 최종학 선임기자더불어민주당이 국가 균형발전과 수도권 부동산 문제 해소를 명분으로 이른바 ‘행정수도 완성’ 논의에 박차를 가하고 있다. 행정수도 이전은 헌법재판소가 지난 2004년 위헌 결정을 내린 사안이지만 여당은 시대가 달라졌으니 여야가 합의만 이루면 추진이 가능하다며 논의에 불을 지피고 있다. 하지만 청와대, 국회 이전 등은 현실적으로 무리가 있는 상황이고, 이를 위한 국민 설득 역시 선행돼야 한다는 지적이 나온다. 야당은 이를 부동산정책 실패에 대한 ‘국면전환용 카드’라고 주장했다. 김태년 민주당 원내대표는 21일 국회 원내대책회의에서 “국가 균형발전과 수도권 집중 문제를 해소하기 위해 행정수도 완성 문제를 공론화해야 한다”며 “여야가 합의해 행정중심복합도시법을 개정하는 입법 차원 결단을 통해 행정수도 완성이 가능하다”고 말했다. 그러면서 “국회에 행정수도완성특별위원회를 구성할 것을 정치권과 시민사회에 정식으로 제안한다”고 했다.박병석 국회의장도 국회에서 김경수 경남지사 예방을 받고 “세종 국회가 성사되면 국가 균형발전을 선도할 수 있을 것”이라고 거들었다. 김 지사는 기자들과 만나 “이미 노무현정부 시절 국회와 청와대까지 이전하기로 했다가 헌재에서 위헌 결정이 났다”며 “행정수도 이전 문제는 국회가 합법적으로 해결해나갈 필요가 있다”고 말했다.민주당은 특별법 입법 필요성을 거론하는 등 행정수도 이전 띄우기에 나섰다. 노무현정부 행정자치부 장관을 지낸 김두관 의원은 민주당 대전·세종·충북·충남 예산정책협의회에서 “지난번 세종시법 개정안이 자동폐기됐다. 개정안이 발의될 수 있도록 노력하겠다”고 말했다. 김 의원측 관계자는 “2004년 행정수도특별법을 기반으로 법안을 준비하고 있다”며 “이번 주 내로 발의할 것”고 전했다.민주당의 명분은 행정수도 이전이 국가 균형발전을 위한 일이고, 국민적 공감대도 형성돼있는 만큼 여야 합의도 무리없이 이끌 수 있다는 것이다. 박성준 원내대변인은 “과거 헌재에서 관습헌법에 의해 위헌 결정이 났지만, 2004년 행정수도를 바라보는 시각과 2020년 시각은 다를 수 있다”며 “현재 판단이 다를 수도 있다.민의를 모으는 게 중요하다”고 말했다. 그는 다만 행정수도 관련 개헌 가능성에 대해서는 “아직 논의되고 있지 않다”고 선을 그었다. 이낙연 의원도 “여야가 합의하거나 헌재에 다시 의견을 묻는 방법이 있을 수 있다”고 했다.그러나 미래통합당은 이를 실패한 부동산정책에 대한 비판여론을 돌리는 차원이라고 보고 있다. 주호영 원내대표는 “위헌 문제가 먼저 해결되고 논의할 사항”이라며 “수도권 집값이 상승하니 행정수도 문제로 관심을 돌리려고 꺼낸 주제라고 판단한다”고 말했다. 다만 “행정수도 이전이 아니라 세종시를 발전시키기 위한 방안이라면 논의할 생각이 있다”고 했다. 김종인 비상대책위원장은 “이 사람들(문재인정부) 머리 갖고는 도저히 (부동산 대책을) 할 수가 없고, 투기 방지가 어렵다”고 비판했다.이현우 기자 base@kmib.co.kr"
20,국민일보,"김부겸 “시중 풀린 돈이 정권 조롱, 부동산정책 성공 못했다”","더불어민주당 대표 경선에 출마한 김부겸 전 의원이 지난 20일 오전 강원 춘천시 강원도소방본부를 방문해 인사말을 하고 있다. 연합뉴스더불어민주당 대표 경선에 출마한 김부겸 전 의원이 2주택자인 고위공직자, 정치인, 국회의원들부터 나서 다주택을 빠르게 정리하라고 조언했다. 김 전 의원은 21일 YTN 라디오 ‘출발 새아침’에 출연해 “(부동산 정책이) 성공적이지 않았으니 20차례 가까이 대책을 발표했다. 그런데도 시중에 풀린 돈이 정권을 조롱하듯 하고 있다”며 이같이 지적했다. 지난 9일 당대표 출마 기자회견에서 “(정치권 인사 및 고위 공직자 다주택자들에게) 3개월의 여유를 주고, 그다음에도 못 했을 때 책임을 물어야 한다”는 의견을 재차 강조한 것이다.김 전 의원은 그러면서 “생애 첫 주택 마련을 원하는 실수요자에게 지원책 없이 무조건 투기 열풍 막기에 집중해 안타깝다“며  “관련된 정부의 대책이 조만간 나와야 한다”고 말했다.그는 이어 전날 김태년 원내대표가 제안한 행정수도 이전안에 대해서 “적극적으로 찬성한다”며 “헌법재판소의 판결이 있었지만 판결의 핵심 내용은 국민의 뜻을 물어서 다시 결정하라는 것”이라고 말했다.김 전 의원은 내년 4월 치러질 재보궐 선거에서는 당헌·당규를 손봐서라도 민주당 후보를 내야 한다고 거듭 강조했다. 그는 “공당의 약속이기 때문에 당헌의 무게감은 있어야 하지만, 너무 명분론에만 매달리기에는 워낙 큰 문제다. 필요하다면 당 대표자가 회초리를 맞아줘야 후보들이 늠름하게 시민 앞에 나설 수 있다”고 했다.그는 경쟁자인 이낙연 의원에 대해서는 “당 입장에서는 대선후보로 바로 가시는 게 맞는 거 아닌가 그런 입장”이라며 “(이 의원이 대표가 돼) 내년 3월에 사임하면 4월에 치러질 서울시장 선거는 누가 책임지나”라고 에둘러 비판했다.김 전 의원은 마지막으로 “당 대표가 되면 선거만큼은 확실히 자신 있다. 우리 당의 취약지구인 이른바 ‘동부 벨트’에서도 확실하게 국민 지지 40%까지 모으는 그런 대표가 되겠다”는 포부를 드러냈다.박장군 기자 general@kmib.co.kr"
21,국민일보,‘부동산 훈수’ 반박한 추미애 “장관도 의견 표명할 수 있다”,"추미애 법무부 장관(좌)이 25일 서울 여의도 국회의원회관 간담회실에서 열린 '21대 국회 더불어민주당 초선의원 혁신포럼'에 참석해 초선 의원들을 상대로 강연 전 '주먹 인사'에 대해 이야기 하고 있다. 진중권 전 동양대 교수(우)가 지난달 15일 오전 서울 여의도 국회 의원회관에서 열린 제21대 총선을 말하다! 길 잃은 보수정치, 해법은 무엇인가? 토론회에 참석해 주제 발표를 하고 있다. 뉴시스추미애 법무부 장관이 자신에게 쏟아진 ‘부동산 훈수’ 논란에 “법무부 장관도 국가 주요 정책에 의견을 표명할 수 있다”고 반박하고 나섰다. 진중권 전 동양대 교수는 “법무부 장관 역할은 최강욱한테 맡겨 놓고, 국토교통부 일에 페북질로 훈수를 두고 있으니 문제”라고 재차 비판했다.추 장관은 지난 18일 페이스북에 “법무부 장관도 국무위원으로 국가 주요 정책에 대해 의견을 표명할 수 있다”는 짧은 글을 올렸다. 자신이 전날 페이스북에 올린 부동산정책 해결방안 글에 “훈수 두지 말라”는 비판이 쏟아지자 반박한 것이다.진 전 교수는 추 장관의 글을 다시 비판했다. 그는 지난 18일 페이스북에 글을 올리면서 추 장관의 글을 인용해 “그 귀한 의견을 국무회의에서 표명했다면 박수를 쳐 줬을 것이다. 법무부 장관 역할을 최강욱한테 맡겨 놓고, 페북질로 국토부 일에 훈수를 두고 있으니 문제”라고 꼬집었다.또 진 전 교수는 “역할을 빼앗긴 김현미 장관은 페북에 남북관계에 대해 한 말씀 하시려나. 외교부 장관은 연금개혁에 대해 한 말씀 하시고”라며 “단추 구멍을 하나 잘못 끼우면 밑으로 줄줄이 잘못 끼우게 된다”고 지적했다.사진은 8일 오후 서울 용산과 여의도 일대 아파트 단지 모습. 연합뉴스추 장관은 18일 오전 페이스북에 올린 글에서 부동산 정책의 문제점을 진단했다. 그는 “근본 원인은 금융과 부동산이 한 몸인 것에 있다. 불로소득에 올인하면서 땀 대신 땅이 돈을 버는 불공정 경제가 됐다”며 “부동산이 폭락하면 금융부실을 초래하고 기업과 가계부채가 현실화하면 경제가 무너지게 된다. 그래서 이러지도 저러지도 못하는 부동산 족쇄 경제가 돼 실효적인 부동산 정책을 펼 수 없게 된 것이다”고 적었다.추 장관은 해결방안으로 금산분리 원리를 반영한 ‘금부분리 정책’을 제안했다. 추 장관은 “이제부터라도 금융의 부동산 지배를 막아야 한다. 그러기 위해서 금융과 부동산을 분리하는 21세기 ‘금부분리 정책’을 제안한다”고 했다. 그린벨트 해제에 대해서는 “서울과 수도권에 전국의 돈이 몰리는 투기판으로 가게 해서는 안 된다”고 했다.그러나 추 장관의 글에 “법무부 장관이 국토부 일에 나선다”는 비판이 쏟아졌다. 권영세 미래통합당 의원은 페이스북에 올린 글에서 “정부의 부동산 정책이 잘 안되니 법무부 장관이란 사람이 나서서 운동권(그것도 옛날 운동권) 1, 2학년생 정도의 논리로 현 정부 책임을 회피하고 남 탓하려는 모습이 안타까울 정도”라고 지적했다. 진 전 교수도 “법무부 장관 최강욱, 국토부 장관 추미애. 서울시장 나올 모양이네. 아니면 대권”이라고 비판했었다.▶통합당 “추미애, 부동산 한눈팔지 말고 법무부나 챙겨”▶추미애 페이스북 발언 잇단 구설수… “정치행보냐” 비판도박준규 객원기자"
22,국민일보,"홍남기 “다주택 종부세 상향, 임대사업자 제도 개편”","홍남기 부총리 겸 기획재정부 장관이 10일 “다주택자 종부세 중과세율을 상향조정하겠다”고 밝혔다.홍 부총리는 이날 제10차 비상경제 중앙대책본부 회의를 열고 “정부는 최근 부동산시장 동향을 엄중하게 받아들여 오늘 주택시장 안정 보완대책을 상정하여 논의한다”며 “다주택자에 대한 종부세 중과세율 상향조정하고, 단기 보유자 및 규제지역 다주택자에 대해 출구 마련과 함께 양도세 중과세율을 인상하겠다”고 말했다.또 “임대사업자 제도에 대한 근본적 개편과 함께 등록 임대사업자의 의무이행 실태 점검 강화 등도 대책에 포함하겠다”고 덧붙였다.홍 부총리는 실수요자는 보호하겠다고 전했다. 그는 “기발표된 수도권 주택공급 계획에 더해 근본적인 주택공급 확대 방안을 신속하게 마련해 나갈 것”이라며 “생애최초 주택구입 지원 강화, 서민·실수요자 소득요건 완화, 청년층 포함 전월세 대출지원 강화 등을 포함하겠다”고 설명했다.그는 “최근 6.17대책 발표에도 불구 부동산시장 불안 우려가 가시지 않은 점에 대해 먼저 송구스럽다는 말씀을 드린다”며 “가장 확실한 것 중 하나는 정부가 부동산정책을 추진함에 있어 ‘실수요자 보호, 투기수요 근절, 맞춤형 대책’이라는 3대 기조는 초지일관 견지해왔고 앞으로도 계속 견지해 갈 것이다”고 강조했다.정부는 비상경제 중앙대책본부 회의 종료 직후 구체적인 22번째 부동산 대책을 발표할 예정이다.세종=전슬기 기자 sgjun@kmib.co.kr"
23,국민일보,"“김현미 경질, 정부도 여러 생각 할 것… 부동산정책 잘못 인정해야”","이낙연(얼굴) 더불어민주당 의원이 9일 김현미 국토교통부 장관 경질론에 대해 “인사는 대통령의 일이고 직전 총리로서 함부로 말하는 것이 적절하지 않다”면서도 “정부도 여러 가지 생각을 하고 있을 것”이라고 말했다. 문재인정부 부동산 정책에 대해서도 “잘못이 있었다. 그 점은 인정해야 한다”고 했다.이 의원은 KBS 라디오에 출연해 ‘김 장관 경질이 필요한 시점이냐’는 진행자의 질문에 이처럼 답했다. 또 ‘결과적으로 볼 때는 정부의 부동산 대책이 실패한 정책이라고 인정하는 것이냐’는 물음에도 수긍했다. 이 의원은 전날 인터뷰에서도 “정부 내부에서 국회 일정을 봐가며 (인적 쇄신을) 생각하고 있지 않을까 짐작한다”고 했다. 이 의원은 최근 여러 인터뷰에서 부동산 문제와 관련해 “전직 총리로서 저도 책임에서 자유로울 수 없다. 몹시 송구스럽게 생각한다”며 사과한 바 있다.이런 언급을 놓고 당 일각에선 당대표 출마를 선언한 이 의원이 본격적으로 자신의 목소리를 내기 시작한 것 아니냐는 분석이 나왔다. 하지만 이 의원은 오전 국회에서 열린 토론회 이후 ‘김 장관 교체 가능성을 말한 것이냐’는 기자들의 질문엔 “모든 인사는 정부에서 늘 생각을 한다. 일반론적인 이야기였다”며 “지금은 (교체할 시기가) 아닌 것 같다는 뜻이 깔려 있다”고 선을 그었다.당 내에선 부동산 민심이 최악으로 치닫는 민감한 시점에 나온 이 의원의 언급에 불편함을 느끼는 기류도 감지된다. 당과 정부가 부동산 가격 급상승으로 악화한 민심을 수습하기 위해 집중하고 있는 상황에서 이 의원이 장관 교체 논의에 불을 지피는 것은 적절한 타이밍이 아니라는 것이다.친문재인계 의원들은 특히 인사 문제를 매우 조심스러워하는 분위기다. 청와대 출신 한 의원은 “사람 하나 뺀다고 지금 상황이 달라지는 건 아니다”며 “김 장관이 지금 물러나는 것이 최선은 아니다. 누구든 수습은 해야 한다”고 말했다. 그러면서 “김 장관이 결단해야 하는 것이지 당에서 이야기하는 건 적절하지 않다”고 말했다.그럼에도 여당 내에선 김 장관 거취와 관련한 얘기들이 계속 나오고 있다. 홍익표 민주당 의원은 라디오에서 “여당 의원으로서 참 난감하긴 한데, 정책 변화나 국면 전환이 필요할 수도 있다”며 “그런(장관 교체) 부분도 고려해야 할 타이밍이 아닌가 생각한다”고 말했다.▶‘집값 잡아야 대선 잡는다’… 與도 野도 부동산 민심에 사활▶부동산대책 안갯속… 시장선 ‘영끌’ 사고보자 인식 강해▶인천·청주·대구 빼고 다 올라… 세금 올려 폭등 집값 잡을까?▶종부세 최대 6%… 다주택·투기세력에 징벌적 과세이가현 기자 hyun@kmib.co.kr"
24,국민일보,‘부동산’ 대선승부처로 부상하나…여야 모두 부동산민심에 사활,"성난 부동산 민심에 정치권이 저마다 대책을 내놓으며 민심 잡기에 사활을 걸고 있다. 더불어민주당과 정부는 부동산 문제로 싸늘해진 민심을 잡기 위해 ‘투기 근절’ 강경책을 예고했고, 미래통합당은 정부의 부동산대책 실패를 공략하며 대안세력으로서의 기회를 엿보고 있다. 부동산 문제가 앞으로 계속 영향을 미칠 수 있는 만큼 여야의 대권주자들도 연일 부동산 대책을 강조하고 있다. 일각에선 부동산 문제에 대한 대처가 대선에서의 승부처로도 부각될 수 있다는 전망이 나온다.여권에선 “부동산만큼은 확실히 잡겠다”던 문재인 대통령의 공언이 무색해지자 부동산 정책이 사실상 실패했다는 자성론이 나왔다. 민주당의 한 의원은 9일 “지금껏 많은 대책을 내놓았는데 실질적으로 효과를 거둔게 없었다”며 “부동산 이슈가 너무 커져 버렸다”고 말했다. 한 중진의원은 “다양한 방법으로 공급량을 진작 늘렸어야 했다. 세금으로는 부동산 문제를 절대 해결하지 못한다”고 말했다.21대 총선에서 압승한 민주당은 코로나19 극복과 함께 부동산 문제 해결이라는 큰 숙제를 안게 됐다. 문재인정부가 남은 임기동안 부동산 문제에 뚜렷한 성과를 내지 못할 경우 아킬레스건이 될 수밖에 없다. 청와대 출신의 한 의원은 “부동산 문제를 어떻게 해결하느냐가 향후 정국의 변수로 작용할 것”이라고 했다. 노무현정부 임기 내내 집값 급등으로 어려움을 겪었던 상황을 되풀이해선 안 된다는 위기의식도 반영됐다.미래통합당은 김현미 국토교통부 장관 책임론을 집중 부각하면서 경제논리에 맞지 않는 반시장적 해법으론 결코 부동산 문제를 해결할 수 있다는 점도 강조하고 있다. 주호영 통합당 원내대표는 비상대책위원회 회의에서 “문 대통령은 김 장관을 조속히 해임해야 한다”며 “해임하지 않는다면 국회에서 해임건의권을 행사할 것”이라고 말했다. 그러면서 “김 장관을 교체하고 전문가들의 의견을 들어서 시장 원리에 맞는 정책을 펼쳐야 한다”고 강조했다.주 원내대표는 또 “부동산 정책 실패에 성난 민심을 공직자 주택 처분으로 해결하려는 게 22번째 대책이 아닌지 의심이 든다”며 “반헌법적 조치를 강요해서 성난 민심을 다스리지 말라”라고 경고했다.통합당은 보유세와 취득세를 높이는 문재인정부 부동산 정책에 대항하는 대안을 고심 중이다. 송석준 통합당 정책위 부동산특위위원장은 국민일보 통화에서 “문재인정부의 부동산 대책은 징벌적 징세로서 부작용이 많고 역효과를 낼 수밖에 없다”며 “규제를 풀고 공급을 늘릴 대안을 적극 검토해 내놓을 것”이라고 말했다.야권 잠룡으로 꼽히는 오세훈 전 서울시장은 최근 재건축·재개발 규제를 풀고 서울 강남을 중심으로 공기업 ‘반값 아파트’를 대량으로 공급하면 집값을 잡을 수 있다고 주장했다. 심상정 정의당 대표는 경제정의실천시민연합과 부동산정책 간담회를 열고 “문재인정부의 뒷북 땜질 부동산 정책은 실패했다”며 “서민들이 다가갈 수 있는 공급 정책이 돼야 한다”고 지적했다.박재현 이상헌 기자 jhyun@kmib.co.kr"
25,국민일보,"내집, 사? 말어?…강력규제 쏟아져도 시장은 안갯속","정부가 쏟아낸 부동산 대책의 여파를 예상하기 어려워지면서 내 집 마련을 꿈꾸는 시민들도 극도로 혼란한 시간을 보내고 있다. 매매가격과 전셋값이 덩달아 치솟는 상황에서 정부 대책의 반작용이 오히려 시장을 불안하게 만든다는 분석이 줄을 잇기 때문이다. 정부가 그 어느 때보다 규제 의지를 강하게 드러내고 있지만, 임대사업자 등 시장의 반발도 이어지면서 앞으로의 전망도 안갯속이다.9일 리얼투데이에 따르면 상반기 동대문구, 강북구, 성북구 등의 매매가 상승률과 거래량이 모두 서울 상위권을 차지했다. KB국민은행 통계를 분석한 결과 1~6월 서울의 ㎡당 매매가는 1030만원에서 1078만원으로 4.62% 올랐다. 특히 동대문구는 782만원에서 863만원으로 10.27%, 성북구는 757만원에서 830만원으로 9.65%, 강북구는 618만원에서 677만원으로 9.53% 올랐다.서울 강북 지역 집값이 상승한 것은 우선 12·16부동산대책의 영향으로 풀이된다. 정부가 강남3구에 즐비한 고가 아파트 거래를 규제하면서 상대적으로 가격이 낮은 지역으로 투기 자본이 몰리기 시작했다. 투기 열풍은 강남3구의 대체재로 마포구와 용산구, 성동구 등의 가격을 띄웠다. 투기 자본은 이 지역 아파트 가격이 충분히 오르자 다음으로는 노원구와 도봉구, 강북구로 몰렸다.서울 강북 지역 두 번째 가격상승은 인천과 경기 지역을 거쳐서 돌아왔다. 정부의 규제 강화 속에 비규제지역 아파트에 투기가 몰리자 정부는 6·17부동산대책에서 수도권 전역에 대한 규제를 단행했다. 서울을 비롯한 수도권 전역이 거의 같은 수준의 규제를 받자 입지가 좋고 가격이 상대적으로 낮은 서울 강북 지역으로 다시 투기가 몰렸다.짧은 사이 두 번에 거쳐 집값이 오른 서울 강북은 서민이 집을 사들이기 어려운 곳이 됐다. 인천과 경기 지역도 집값이 급격히 오른데다 규제까지 강화돼 현금없이 집을 살 수 잇는 상황이 아니다. 하지만 시장에는 영혼까지 끌어모아 집부터 사과봐야 한다는 인식이 강하다. 한 30대 직장인은 “2017년 몇 번을 고민하다 집을 사지 않았는데, 이후 오랫동안 후회했다”며 “전세 계약이 끝나 또 다른 전셋집으로 이사가는데 이번에도 후회할까봐 걱정된다”고 말했다. 정부가 6·17부동산대책을 발표하자 ‘패닉 바잉’이라고 할만큼 아파트 매매 거래량이 몰린 것도 이같은 인식과 관련있다.하지만 내 집 마련을 미루고 세입자로 남는 것도 위험 부담이 크다. 전월세 가격은 지난 7월부터 벌써 53주 연속으로 오르고 있다. 여당은 전월세 가격을 낮추기 위해 임대차 3법 입법을 준비 중이지만 세입자 권리가 안정될 거란 보장은 없다. 오히려 임대사업자들이 법안 시행 전에 추후 상승분을 미리 계산해 전·월세 가격만 더 높여놓을 거라는 비관적인 전망도 나온다. 여당이 이를 막기 위해 규제법안을 사실상 소급 적용키로 했다는 소식이 전해지자 임대사업자들도 협회를 만들어 헌법 소원을 준비하는 등 총력 투쟁에 나서기로 했다. 결국, 현재로선 무리해서라도 집을 사야 하는지 정부 부동산정책이 매매·전월세 가격을 안정시킬 거라고 믿고 임대차 계약 연장을 할지 결정하기 쉽지 않은 상황이다.이택현 기자 alley@kmib.co.kr"
26,국민일보,경실련 “다주택자 민주당 의원은 주택 처분하라”,"경제정의실천시민연합 회원들이 7일 서울 영등포구 더불어민주당사 앞에서 기자회견을 열고 다주택 국회의원들에 대한 부동산 처분을 촉구하고 있다. 뉴시스시민단체가 더불어민주당 소속 다주택자 국회의원들에게 주택을 처분하라고 목소리를 높였다. 청와대 및 여당 관계자가 집값을 잡겠다고 해놓고 정작 자신들의 주택처분에는 미진하다는 지적이다.경제정의실천시민연합(경실련)은 7일 서울 영등포구 민주당사 앞에서 기자회견을 열고 더불어민주당의 주택처분 서약 불이행에 대한 규탄 기자회견을 개최했다. 경실련은 “여당이 ‘실제 거주목적 외 주택처분 서약서’를 공개도 이행도 안하고 있다”며 비판했다.민주당은 지난 21대 총선에서 유권자들에게 ‘실제 거주목적 외 주택처분 서약’을 약속했다. 지난해 12월 이인영 원내대표가 21대 총선에 당 지도부에 민주당 소속으로 출마를 준비하는 후보자들의 주택처분 서약을 제안하기도 했다.경실련이 21대 국회의원 당선자들의 총선 당시 신고재산을 분석한 결과 민주당 의원 1인당 부동산재산 평균은 9억8000만원이고 다주택자 비중이 23%에 이르는 등 부동산 부자와 다주택 보유자가 적지 않았다.경실련에 따르면 21대 더불어민주당·더불어시민당 소속으로 출마한 국회의원 후보자 중 1주택 외 주택 보유자가 180명 중 42명이다. 민주당 총선기획단의 주택처분 서약 권고대상에 속하는 투기지구·투기과열지구·조정대상지역에 2채 이상을 보유한 국회의원은 12명이었다. 6·17 부동산정책 기준을 적용할 경우 9명이 늘어 총 21명이다.민주당 총선기획단의 주택처분 권고대상자 21명 중 시세 조사가 가능한 9명의 아파트·오피스텔 등 재산 내역 조사결과 2016년 6월에서 지난달 기준 평균 10억원에서 15억원으로 1인당 평균 5억원이 증가했다. 특히 박병석 국회의장의 보유 아파트 시세가 4년 만에 23억원 가량 상승했다고 경실련은 밝혔다.경실련은 “공직자들이 부동산가격 상승의 불로소득과 특혜를 누리는 현실에서는 국민을 위한 주택정책을 제대로 추진할 수 없다”고 지적했다. 이어 “민주당은 보여주기식 주택처분 권고에 대해 국민에게 사과하고 지금이라도 다주택 국회의원들의 실거주 외 주택보유 실태를 조사해 처분을 즉각 이행하라”고 했다.정부의 부동산정책에 대한 국민들의 불만과 비판은 점점 높아지고 있다. 문재인 대통령은 지난 2일 김현미 국토교통부 장관을 긴급 호출해 주택 공급 물량, 다주택자 등 투기성 주택 보유자에 대한 세 부담 강화 등 고강도 부동산 대책을 직접 지시했다.강보현 기자 bobo@kmib.co.kr"
27,국민일보,김남국 “노영민 부동산 매우 부적절”…원희룡 “손이 깨끗해야”,"제21대 국회의원 선거 경기 안산단원을에 출마한 더불어민주당 김남국 후보가 16일 오전 당선이 유력시되자 자신의 선거사무실에서 꽃다발을 들고 기뻐하고 있다. 연합뉴스김남국 더불어민주당 의원은 7일 곽상도 미래통합당 의원의 부동산 수익을 지적하며 “(노영민 대통령비서실장도) 같은 잣대에서 본다면 매우 부적절한 행동이라고 보인다”고 평가했다.김 의원은 이날 MBC라디오 ‘김종배의 시선집중’에 출연해 “(노 실장은) 지역구 주민들에게도 미안한 마음을 갖는 게 맞지 않나 싶다”며 이같이 말했다. 앞서 청와대는 노 비서실장이 보유하고 있는 주택 2채 가운데 서울 반포가 아닌 청주 아파트를 매각하겠다고 발표했다. 당초 노 실장은 반포 아파트를 팔겠다고 했다가 1시간여만에 말을 바꿨다. 이를 두고 노 실장과 청와대가 ‘부동산 강남불패’ 신화를 공고히하고 있다는 비판이 나왔다.노영민 대통령 비서실장이 10일 오후 청와대 춘추관 브리핑실에서 열린 기자간담회에 참석해 모두발언을 하고 있다. 뉴시스김 의원은 곽 의원에 대해서도 “재건축 아파트를 계속해서 보유하고 있었고 최근 5년 사이에 거의 10억원 이상 실거래가로 수익을 보고 있는 것 같다. 이것은 국회의원, 공직자로서 적절하지 않다고 본다”고 지적했다.아울러 김 의원은 “정부의 고위공직자나 국회의원들이 다주택자여서 말은 부동산정책, 집값 잡는다고 이야기해놓고 실제 그런 의지가 있느냐라는 비판을 많이 한다”며 “그래서 이번에 확실하게 보여줄 필요가 있다. 거기에는 여야가 따로 없다”고 강조했다.원희룡 제주지사가 9일 국회 의원회관에서 열린 '대한민국 미래혁신포럼' 21대 국회 개원 기념 특별강연에서 강연하고 있다. 연합뉴스한편 원희룡 제주지사도 미래통합당 의원들에게도 집을 팔 것을 요구했다. 국회의원들과 공직자들이 집을 판다고 국민들에게 집이 생기는 것은 아니지만 적어도 자격시비에 휘말려선 안된다는 것이다.원 지사는 이날 MBC라디오 ‘김종배의 시선집중’과 인터뷰에서 “이건 당의 문제가 아니라 (국회의원이라는) 공적인 권력을 가지고 국민들의 사적 영역에 대해서 규제하고 개입하는 일이다”면서 “권력을 행사하려면 손이 깨끗해야 된다”고 강조했다. 그러면서 원 지사는 2007년 자신이 내놓았던 ‘국회의원 부동산 백지신탁’을 당론으로 채택할 것을 공식 요구할 예정이라고 했다.박세환 기자 foryou@kmib.co.kr"
28,국민일보,"[인터뷰 사이] “부동산정책, 간지러운 곳 두고 엉뚱한 데 긁는 격”","심교언 건국대 부동산학과 교수는 “정부가 열심히 노력하고 애는 쓰는데, 지금까지의 부동산 정책은 간지러운 곳을 두고 엉뚱한 데를 피나도록 긁는 격”이라며 아쉬움을 표했다. 최종학 선임기자‘6 17 부동산 대책’의 후폭풍이 거세다. 대책 발표 후에도 서울과 수도권의 집값 상승세가 이어지고, 전세 품귀현상에 경기도 김포·파주 등에서는 풍선효과가 발생했다. 서민들은 내 집 마련이 더 어려워졌다며 반발하고 있다. 결국 문재인 대통령의 보완 지시로 올해 들어 네 번째, 현 정부 들어 22번째 후속 대책이 예고된 상황이다.심교언 건국대 부동산학과 교수를 만났다. 6 17 대책에 대한 비판은 이미 여러 전문가들의 입을 통해 들었지만 해외 부동산 시장 상황은 어떤지, 그들 정부의 대책은 무엇인지 궁금했다. 심 교수는 350년간 세계 대도시의 집값을 조사한 해외 연구 등을 예로 들며 “우리보다 더 많이 오른 나라에서도 우리 같은 규제를 하는 나라는 없고, 정부 정책은 각종 연구 논문과 대부분 반대 방향으로 가고 있다”며 “당장은 통할지 몰라도 중장기적으로는 큰 역풍, 강한 상승을 불러올 정책을 펴고 있다”며 답답함을 토로했다.-유동성이 집값을 끌어올리고 있다고 하지만 막대한 부동자금과 초저금리는 우리나라만의 이야기가 아니다. 다른 나라 부동산 시장은 어떤가.“선진국들은 3~4년 전부터 조정을 받아서 -5% 정도까지 떨어졌다. 2008년 금융위기와 2012년 유럽 재정위기 이후 각국 정부들이 돈을 어마어마하게 풀었고, 그 돈이 대도시로 쏠리면서 상승했다. 경제가 좋을 때는 집값이 다 같이 오르지만 경제가 안 좋은데 유동성만 있으면 꺾이게 마련이다. 그런데 우리만 계속 올랐고, 희귀하게 풍선효과로 지방까지 확산됐다. 우리나라도 코로나19 이전에 조정받았어야 했는데, 정책 때문에 집값 폭등이 좀 더 길어진 측면도 있다.”-6·17 대책이 비판받는 가장 큰 이유가 무엇이라 보는가.“정책을 펼 때는 누가 수혜 대상이고 누가 피해를 입는지, 장단기 효과는 무엇인지, 지역별 풍선효과가 나타나는지, 아파트-오피스텔-단독주택 각 상품별로 어떤 반응이 나타날지 검토한다. 그 과정이 제대로 없었던 것 같다. 6·17 대책의 수혜계층은 현금 부자들이고, 피해계층은 집 살 길이 막힌 3040 무주택자들이다. 지금까지는 다주택자들이, 강남 사람들이, 고가주택 부자들이 투기를 해서 문제라고, 이 사람들만 규제하면 집값이 잡힐 거라고 했다. 이제 3억원짜리 아파트까지 묶으니까 ‘나도 투기꾼이냐’ 서민들의 불만이 커지는 거다. 법학의 금언 중 ‘도둑 100명을 놓치더라도 무고한 한 명을 만들지 않는다’는 게 있다. 우리 부동산 정책은 실수요자 100명을 희생하더라도 투기꾼 한 명을 잡겠다는 것으로 보인다.”-역대 어느 정부의 부동산 정책이 가장 나았다고 평가하나.“부동산 대책이 없는 정부가 제일 낫다. 이상한 소리 한다고 하겠지만, 집값을 안정시킨 대통령이 한 명 있다. 주택 200만호 건설한 노태우. 그때 변기 생산업자가 공장을 24시간 돌려도 변기 수요를 못 맞췄다고 한다. 변기를 수입하면 호화사치재 수입이라고 큰일 나던 시절이라…. 그 정도로 공급을 크게 했다는 거다. 당시 우리나라 집이 680만채쯤 됐는데 200만채를 5년 만에 지은 거다. 그래서 1989년과 90년 집값 그래프를 보면 30%씩 올라가다가 91년 200만호 입주하면서부터  5%로 떨어졌다. 그런 의미로는 그때가 제일 나았을 수도 있겠다.”-대책이 없는 정부가 낫다는 건 시장에 개입하지 말고 그냥 두라는 뜻인가.“그냥 두라는 게 아니라 큰 틀에서 시스템만 만들어놓고 관리하라는 거다. 선진국 정부는 물가 상승률 정도의 집값 상승을 제일 좋게 여긴다. 가격이 올랐을 때 내리기 위한 정책을 펴는 게 아니라 상승률을 줄이기 위해 공급을 늘린다. 집값을 안정시키는 수단이 수요와 공급인데, 대출과 세금은 수요를 억누르거나 늘리는 정책이다. 중요한 것은 공급이다. 서울 집값이 비싸도 전국에서 일자리를 찾아 올라온다. 세계 모든 대도시들이 그런 똑같은 문제를 안고 있는데 우리만 수요를 억눌러 잡을 수 있다, 그건 아니지 않나.”-결국 공급 얘기인가.“선진국의 부동산 정책은 두 가지다. 하나는 서민들을 위한 주거복지, 이건 무조건 해야 하는 거고, 두 번째는 시장 시스템을 만드는 거다. 가격이 오르면 공급이 늘어나게, 가격이 떨어지면 공급이 줄도록. 이 시스템을 복원해야 되는데, 이 시스템을 복원하면 재건축 허용으로 단기적으로 집값이 오를 가능성이 높다. 그러나 입주할 때는 가격 안정화 효과가 분명히 있다. 1만~2만 가구가 입주하면 주변을 초토화시킨다. 2018년 헬리오시티 때 그랬고, 2008년 잠실 1~3단지 입주 때 6개월 동안 강남이 초토화됐다. 그런데 이런 정책을 하면 임기 중에 아파트값이 오르고, 임기 후에 안정화될 거라 정치인들은 꺼릴 수 있다.”사진=최종학 선임기자-문 대통령이 올해 초 ‘부동산 가격 원상회복’을 말했다. 2017년 5월 취임 전 수준을 언급한 것이라는 해석이 많았는데, 어떻게 보나.“내가 5억원에 산 아파트가 10억원이 됐다가 다시 5억원이 되면, 나한테는 아무 문제 없을 수 있다. 하지만 대출 받아서 9억원에 산 사람은 집값이 5억원이 되면 파산한다. 정책하는 분들 중에 30%는 빠져야 된다고 하는데, 집값이 30% 빠지는 건 사회적으로 보통 일이 아니다. 우리나라 집값이 제일 많이 빠졌던 게 IMF 때였다. 그때 12~13% 빠졌는데 노숙자가 수십만명 나왔다. 30%가 빠지면 어떤 일이 벌어질까.”-사회적 약자를 위해 영구임대주택을 더 많이 공급하라는 요구도 있다.“서민들에게 집을 지어 주는 건 북유럽 국가들이 주로 하고 있다. OECD 국가의 평균 공공임대주택 비율이 11%쯤 되는데, 북유럽 국가들과 기타 국가 두 가지로 나뉜다. 북유럽의 공공주택 비율이 20%가 넘는데 미국은 1%, 영국과 일본·독일은 5%, 우리는 6%다. 그럼 우리는 OECD 평균을 목표로 삼는 게 좋을까, 아니면 북유럽처럼 20%로 가야 할까? 논문들의 95% 이상이 현금 복지, 바우처가 좋다고 한다. 우리도 서울시에서 저소득 가구에 월 5만~7만5000원씩 임대료 보조를 하고 있다.”-너무 소액 아닌가.“대부분의 국가는 자기소득의 3분의 1을 넘는 월세에 대해 보조를 하고 있다. 월급이 300만원인데 월세로 110만원을 내면 10만원을 대주는 식이다. 공공임대주택은 낙인효과가 있다. 분양 아파트와 공공임대 아파트를 같은 동에 섞어놓아도 초등학생들이 ‘쟤는 임대주택 산다’고 다 안다. 임대주택을 특정 지역에 대규모로 공급하면 슬럼화될 수도 있다. 그래서 미국은 임대주택 비율을 낮췄고, 영국도 임대주택 200만호를 기존 세입자에게 불하하는 정책을 폈다.”사진=최종학 선임기자-다주택자 세금 부담 강화를 중심으로 하는 추가 부동산 대책이 임박했다.“보유세를 높여서 세금을 더 걷는 건 괜찮다. 그런데 보유세와 집값 안정만 놓고 보면 관계가 별로 없다. 보유세 제일 높은 나라가 영국과 미국인데, 도시별로 차이가 있지만 집값이 폭등했다. 보유세가 제일 낮은 나라는 독일인데, 거기도 폭등했다. 보유세를 올리면 집값이 한 번은 떨어지지만 수요와 공급에 따라 다시 움직인다. 정부가 양도세는 낮추고 보유세는 올리자고 했는데, 둘 다 올리고 있다. 양도세와 보유세를 합치면 우리가 OECD에서 1~2등이다.”-코로나19가 길어지면 집값에도 영향을 미치지 않겠나. 전염병과 부동산의 상관관계는 어떤가.“1200년부터 1500년까지의 땅값을 조사한 미국 학자가 있는데, 14세기 흑사병으로 유럽 인구의 절반이 사망했지만 지가의 급격한 하락은 없었다는 결과를 내놓았다. 1918년 스페인 독감 때는 집값이 단기적 충격 이후 조금 올랐다. 당시에는 자동차 개발 같은 신기술이라든가 철도 개설 같은 호재가 있었기 때문에 오히려 집값이 올랐다는 거다. 2002년 사스 때 홍콩은 70%까지 거래가 줄어들었다. 집값은 2% 정도 빠졌다가 제자리로 돌아갔다.”-코로나19 때문에 집값이 크게 빠지지는 않을 거라는 말씀인가. 앞으로의 부동산 시장을 어떻게 전망하나.“단기적으로 빠질 거다. 집값에 미치는 변수가 수백 가지지만 가장 중요한 건 경제다. GDP가 좋으면 집값도 올라가고, GDP가 꺾이면 집값도 빠진다. 이제 집값도 조정을 받아야 될 것이라고 본다. 장기적으로는 초양극화 현상이 올 것이다. 경제성장률은 낮은데 돈이 많이 풀려있으면 서울, 지방 대도시, 관광지처럼 될 곳에만 쏠린다.”권혜숙 인터뷰전문기자 hskwon@kmib.co.kr"
29,국민일보,"[단독] 김현미 “4번째 대책” 주장, 정부 홈피선 “10번째”","김상조 靑정책실장은 ‘7차례’ 주장전문가 “정책 실패 책임 피하려 횟수 축소” 서울 집값 상승 폭도 축소 의혹김현미 국토교통부 장관이 지난달 30일 국회 예산결산특별위원회에 출석해 답변하는 모습. (사진=YTN 뉴스 캡처)김현미 국토교통부 장관은 문재인정부 출범 이후 정부가 부동산 정책을 내놓은 횟수에 대해 “(6·17 대책이) 4번째”라고 주장했다. 하지만 정부의 공식 홈페이지에서도 현 정부 출범 후 발표한 부동산 정책이 10번 있었다고 소개하는 것으로 나타났다. 부동산 정책 주무 부처 수장인 김 장관이 숱한 부동산 정책 발표에도 집값 급등을 막지 못한 책임을 피하고자 대책 수를 축소하고, 그 과정에서 정부 내부에서조차 부동산 대책 수를 두고 혼선이 계속되고 있다는 비판이 제기된다.김 장관은 앞서 지난달 30일 국회 예산결산특별위원회 전체회의에 출석해 6·17 대책과 관련해 무소속 이용호 의원이 “(부동산 관련) 22번째 대책을 낸 것 아니냐”고 묻자 “네 번째다. 22번째라는 것은 언론이 온갖 것들을 다 붙인 것”이라고 반박했다. 다만 6·17 대책을 제외하고 자신이 언급한 대책이 무엇인지는 설명하지 않았다.그러나 정부 정책을 안내하는 ‘대한민국 정책브리핑’ 홈페이지에는 문재인정부 출범 이후 부동산 정책이 최소 10번 있었다고 소개한 것으로 5일 확인됐다. 문화체육관광부 국민소통실이 운영하는 이 홈페이지에는 부동산정책과 관련해 문재인정부의 주요 부동산 정책으로 2017년 8·2 대책을 포함해 최근 발표한 6·17 대책까지 총 10건의 정책을 소개하고 있다. 정부 홈페이지조차 최소 10건 이상의 부동산 정책이 있었음을 인정하고 있는 셈이다.문화체육관광부 국민소통실이 운영하는 ‘대한민국 정책브리핑’ 홈페이지에서 부동산 정책을 소개하는 페이지. 문재인정부 출범 이후 주요 부동산 정책으로 10번의 정책 발표를 소개하고 있다. (사진=정책브리핑 홈페이지 캡처) 김 장관은 6·17 대책이 22번째 부동산 대책이라는 지적에 대해 “언론이 주거복지 정책도 부동산 대책에 다 포함시켰다”고 주장했다. 하지만 정부 홈페이지 역시 규제 성격을 띤 8·2 대책과 주거복지 정책이 담긴 주거복지 로드맵 발표(2017년 11월 29일) 등을 섞어서 소개하고 있다. 권대중 명지대 부동산학과 교수는 “그동안의 사례를 보면 정부가 주거복지정책과 규제 대책을 함께 발표한 적이 많았기 때문에 무엇은 부동산 대책이고, 무엇은 주거복지정책이라고 구분할 명확한 기준은 없다”고 말했다.앞서 김상조 청와대 정책실장도 지난달 21일 기자간담회에서 “정부의 부동산 대책이라고 할 수 있는 것들은 이번까지 합치면 총 일곱 차례”라고 주장했었다. 김 실장 역시 구체적인 근거는 밝히지 않았다.전문가들은 정부 부동산 정책의 책임자 역할을 하는 고위 관료들이 잇달아 부동산 대책 수를 축소하는 배경에 주목한다. 권대중 교수는 “문재인정부 출범 이후 내놓은 부동산 규제 대책만 해도 10번이 넘는다”며 “김 장관이 대놓고 거짓말을 했다”고 목소리를 높였다. 고종완 한국자산관리원장도 “부동산 정책의 책임자들이 대책 횟수를 최대한 축소해 정책 실패의 책임을 피하려고 하는 것 같다”고 꼬집었다. 그 과정에서 정부 안에서조차 부동산 대책 횟수를 두고 우왕좌왕하는 모습을 연출하고 있다는 지적이 나온다.정부는 서울 집값 상승 폭과 관련해서도 수치를 축소하려 했다는 의심을 받고 있다. 지난달 경제정의실천시민연합(경실련)이 KB 주택가격 동향 등을 분석해 서울 아파트 중윗값이 문재인정부 3년 동안 52% 상승했다고 발표하자, 국토부는 곧바로 한국감정원 주택가격동행조사를 근거로 서울 아파트 중윗값 상승률이 14.2%에 그쳤다고 반박했다. 당시 경실련은 “감정원 통계 중에서도 서울 아파트 지수 값이 2017년 5월 93.8에서 2020년 3월 136.3으로 42.5% 상승한 것을 확인할 수 있지만, 정부가 집값 안정세를 주장하기 위해 시장 상황에 맞지 않는 주택가격 동향 조사만 인용했다”고 지적했다.세종=이종선 기자 remember@kmib.co.kr"
30,국민일보,[사설] 靑 ‘강남 집’ 사수하면 백약이 무효,"6·17 대책에도 집값 상승세가 지속되고 실수요자의 내 집 마련이 더 어려워지면서 민심이 싸늘하다. 이 와중에 “정책이 종합적으로 작동하고 있다”는 주무부처 장관의 발언은 국민 분노까지 촉발했다. 급기야 문재인 대통령이 2일 김현미 국토교통부 장관을 청와대로 호출해 구체적 방안까지 직접 지시했다. 어제는 이해찬 더불어민주당 대표가 “부동산시장이 매우 불안정해 국민 여러분께 대단히 송구하다”며 고개를 숙였다. 최근 대통령과 여당 지지율이 급격히 하락할 정도로 민심이 이반되자 여권이 위기의식을 느낀 것이다.문 대통령이 지시한 내용은 다주택자 부담 강화, 실수요자 지원 방안 마련 등이다. 청와대 참모들에겐 종합부동산세법 개정안을 21대 국회 최우선 입법 과제로 삼으라고 별도 지시했다. 보유세를 강화하는 종부세법 개정안은 지난해 12·16 대책의 핵심인데 20대 국회에서 야당 반발로 처리가 무산됐다. 집값 안정의 요체는 보유세 강화라는 점에서 이번 국회에서는 개정안이 반드시 통과돼야 한다. 그간 정부 대책은 땜질·뒷북 처방이었다. 현 정부 들어 21차례 대책이 나왔지만 실패를 거듭한 이유다. 게다가 수요 억제에만 치우쳐 한계를 노출했다. 한데 이번에는 문 대통령이 주택 공급 물량 확대도 주문했다. 정책 기조의 문제점을 보완했다는 측면에서 바람직하다. 쉽지 않은 일이지만 이제라도 근본 처방을 강구해야 한다.이렇게 대통령까지 나섰으면 청와대 참모와 정부 고위직의 ‘시그널’이 일관성 있어야 한다. 하지만 노영민 대통령 비서실장이 지난해 12월에 이어 또다시 청와대 비서관급 이상의 다주택자들에게 이달 중 1주택을 제외한 나머지 주택을 처분하라고 강력히 권고하면서 자신은 서울 반포 아파트가 아닌 청주 아파트를 처분한다고 해서 뒷말이 나오고 있다. 아들이 살고 있다는 이유를 들었지만 ‘강남 불패 신화’를 자인하며 강남의 똘똘한 한 채를 고수한 게 아니냐는 비판이 그것이다. 현재 청와대 내 다주택 보유자는 12명이다. 장관을 비롯해 정부 부처 고위 공직자와 국회의원 중에서도 다주택자가 수두룩하다. 이들이 여러 채를 움켜쥐고 있는 한 정책이 먹힐 리 없다. 집값이 올라야 이득을 볼 수 있는 이들이 정책 설계를 제대로 할 리도 없다. 이러니 백약이 무효였던 게다. 해법을 찾기 위해서는 솔선수범하지 않는 이율배반적 행태의 고위 공직자들을 교체해야 한다. 그래야 국민 신뢰가 조금이나마 회복된다."
31,국민일보,[사설] ‘수요 억제’만 겨냥하는 외눈박이 부동산정책은 필패다,"이번 정부의 21번째 부동산 대책인 ‘6·17 대책’도 결국 실패다. 대책의 효과는 ‘수도권 전역으로 집값 상승세 확산’과 ‘전월세 대란 조짐’이다. 대표적인 친정부 성향 시민단체인 참여연대에 이어 인천시 등 지방자치단체들도 정부를 비판하고 나섰다. 부동산 대책을 내놓을 때마다 서민들의 주거 안정이 더 위협받는 황당한 지경에 이르렀다.정부 대책의 근본 결함은 공급 부족이 심각한 상황인데도 이를 인정하지 않고 수요 억제에만 매달린 것이다. 부동산은 다른 재화와 차별성이 큰 매우 복잡하고 독특한 상품이다. 공공성이 강하면서도 투자자산으로 선호되고, 모자란다고 짧은 시간에 생산되지도 않지만 자칫 공급이 넘치면 가격이 급락한다. 그래도 잊지 말아야 할 사실은 결국 수요와 공급에 따라 가격이 결정된다는 것이다.박근혜정부 때 수도권 택지 확대를 거른데다 이번 정부가 서울시내 재건축·재개발에 각종 규제를 가하면서 신규 주택 공급 물량이 크게 줄었다. 반면 서울 전체 주택 가운데 아파트는 58%인데, 서울시민의 80~90%는 아파트에 거주하길 원한다. 새 아파트에 대한 선호는 갈수록 높아지고 있다. 정부는 3기 신도시 계획 등을 내세우며 주택 공급이 부족하지 않다고 주장하지만, 이 물량이 시장에 공급되려면 짧아도 4년 이상이 걸린다. 이런 상황에서 대출을 막고, 주택 매수자의 자격 요건을 강화하는 등 온통 수요 억제에 매달렸다. 집값이 안정될 리 없다. 코로나19 대응을 위해 천문학적 유동성까지 시중에 풀렸다.참여연대에서 제안한 보유세 강화도 한 방법이다. 그렇지만 이미 이번 정부 들어 재산세와 종합부동산세가 큰 폭으로 올랐다. 서울 지역 종부세의 경우 올해는 작년보다 100% 가까이 오를 전망이다. 정부가 ‘빼먹은’ 것은 거래세인 양도소득세를 크게 낮춰 다주택 보유자들에게 퇴로를 열어주는 것이었다. ‘보유세 강화와 거래세 인하가 함께 가야 한다’는 것은 국토교통부도 강조해 온 정책조합이다. 하지만 정부는 보유세만 올렸을 뿐 양도세 인하에는 소홀했다. 부동산 거래로 큰 차익을 얻었는데 세금을 낮춰주는 게 말이 되느냐는 국민 정서 때문이었을 것이다. 이제라도 양도세를 크게 낮춰 시장에 매물이 나오게 해야 한다. 그래야 전세 시장의 안정도 기대할 수 있다. 재건축과 재개발의 규제 완화도 추진해야 한다. 이 경우 당장은 부동산 가격이 더 오를 위험이 있지만, 단계적으로 규제를 풀면서 주택 공급이 확대된다는 신호를 시장에 줘야 한다."
32,국민일보,추경안 대부분 ‘뚝딱심사’…김현미 장관 “부동산정책  종합적으로 작동”,"국회 예산결산특별위원회는 30일 상임위원회별로 예비심사를 마친 3차 추가경정예산안(추경안)을 넘겨받아 전체회의를 열고 심사에 돌입했다. 상임위 대부분 정부 원안대로 의결하거나 증액해 정부 제출 추경안보다 3조1000억여 원 늘어나게 됐다.국회 산업통상자원중소벤처기업위는 정부 추경안보다 2조3100억9200만원을 증액해 의결했다. 교육위는 올해 본예산에 들어 있다가 감액된 대학혁신 지원사업 예산 767억원을 되살렸다. 등록금 반환을 촉구하는 목소리를 반영해 이를 실행하는 대학을 간접 지원하기 위한 예산이다. 농림축산식품해양수산위는 농림수산업자에 대한 신규보증 지원 예산 등 3163억100만원을 증액했다. 외교통일위, 정무위, 행정안전위 등은 정부안을 그대로 의결했다.대부분 상임위는 정부 원안을 그대로 의결하거나 증액했다. 35조3000억원에 달하는 역대 최대 규모 추경 심사를 형식적으로 한 것 아니냐는 지적도 나온다. 운영위는 특히 50분여 만에 회의를 마쳐 가장 짧은 회의 시간을 기록했다. 가장 많은 금액을 증액한 산자위도 1시간30여분만에 회의를 마쳤다. 기재위에 참석한 정의당 장혜영 의원은 “예산 심의가 아닌 통과 목적의 상임위에 동의하지 못하겠다. 여당과 정부의 졸속 운영에 유감을 표한다”며 회의장을 나갔다.한편 이날 예결위 전체회의에 출석한 김현미 국토교통부 장관은 문재인정부의 부동산 정책이 실패한 것 아니냐는 지적에 대해 “종합적으로 정책이 작동하고 있다”고 말했다. 김 장관은 6‧17 부동산 대책과 관련해 이용호 무소속 의원이 “22번째 대책을 낸 것이냐”고 묻자 김 장관은 “4번째다. 언론이 온갖 것을 다 카운트했다”고 받아쳤다. 이어 이 의원이 “그때그때 발표하는 것이 다 정책이 아니냐”고 반문하자 김 장관은 “저는 숫자에 대해 논쟁할 생각이 없다”며 날선 반응을 보이기도 했다.전체회의에선 정세균 총리와 유은혜 사회부총리 겸 교육부 장관을 상대로 대학 등록금 반환 지원 관련 질의도 이어졌다. 정 총리는 대학 재정지원에 대한 서동용 의원 질의에 “부처의 입장이 다를 수 있지만 이번에 예결위에서 충분히 의논해서 실현 가능한 방안이 만들어지면 정부는 적극적으로 뒷받침하는 것이 옳다”며 증액 편성을 수용하겠다는 뜻을 밝혔다. 유 부총리도 “여러 재정적인 어려움이 있지만 증액한 대로 편성될 수 있도록 함께 노력하겠다”며 호응했다.코로나19 백신 개발 예산 부족에 대한 지적도 나왔다. 김한정 의원은 “백신 연구개발 예산이 1100억원 규모인데 적정하다고 보느냐”고 묻자 강도태 보건복지부 기획조정실장은 “내년도까지 백신 개발을 목표로 하고 있다”며 “계속해서 증액해나갈 계획”이라고 밝혔다.또 박용진 코로나19와 독감 동시 대유행에 대비해 독감 무상접종을 연령이 아닌 만성‧기저 질환자 기준으로 우선 실시해야 한다는 박용진 의원 질의에 박능후 보건복지부 장관은 “감염병 전문가들과 깊이 있게 상의해보겠다”고 답했다.이가현 김용현 기자 hyun@kmib.co.kr"
33,국민일보,곳곳 난리인데… 김현미 “부동산정책 잘 작동하고 있다”, 김현미 국토교통부 장관이 30일 국회에서 열린 예산결산특별위원회 전체회의에서 3차 추경안 편성과 관련해 부처의 기금운용변경안에 대해 제안설명하고 있다. 연합뉴스김현미 국토교통부 장관이 문재인정부의 각종 부동산 정책이 실패한 것이 아니냐는 지적에 “정책은 다 종합적으로 작동하고 있다”고 반박했다.30일 국회 예산결산특위 전체회의에 출석한 김 장관은 지난 17일 발표한 부동산 대책과 관련해 “22번째 대책을 냈나”라는 이용호 의원의 질문에 “4번째다. 언론들이 온갖 것을 다 카운트했다”며 이같이 답했다.이 의원이 “그때 그때 발표하는 것이 다 정책이 아닌가”라고 반문하자 김 장관은 “저는 숫자와 관련해 논쟁하고 싶지 않다”고 다소 짜증 섞인 답변을 내놨다.이어 이 의원이 “아직도 부동산 정책의 평가가 이르냐”는 묻자 김 장관은 “12·16 대책에서 종합부동산세제 강화 방안을 발표했지만 세법이 통과되지 않았기 때문에 그 결과는 아직 모른다”고 말했다.이에 이 의원은 “지금 말하는 것을 보면 집 없는 서민의 마음에는 김 장관의 답변이 제대로 전달되지 않는다”며 “대통령도 집값 원상회복이라며 관심을 보였지만 현실은 집값과 전세금 폭등으로 집 없는 서민이 고통받는 상황”이라고 비판했다.권남영 기자 kwonny@kmib.co.kr
34,국민일보,“문 대통령이 ‘일본처럼 집값 폭락하니 사지말라’고 했다”,"뉴시스, 연합뉴스노무현 정부에서 청와대 홍보수석을 지낸 조기숙 이화여대 국제대학원 교수가 현 정부의 부동산 대책을 강도 높게 비판했다. 그는 “문재인 대통령이 ‘일본처럼 우리도 집값이 폭락할 테니 집을 사지 말고 기다리라’고 했다더라”는 주장을 펼치며 “문 대통령의 부동산 인식이 정확한지 점검이 필요하다”고 목소리를 높였다.조 교수는 28일 페이스북에 이같은 내용을 담은 장문을 게시하고 “요즘 전세가 씨가 말랐다. 하루가 다르게 전셋값이 올라간다”는 지적과 함께 말문을 열었다. 그는 “지난해 문 대통령 최측근 인사와 부동산에 대해 대화할 기회가 있었다”며 “문 대통령이 ‘일본처럼 우리도 집값이 곧 폭락할 테니 집을 사지 말고 기다리라’고 말씀하셨다더라. 대통령이 참모로부터 잘못된 신화를 학습했구나, 큰일 나겠다 싶었다”고 회상했다.이어 “일본의 경우 도쿄 인근 신도시가 공동화됐지만 도쿄 집값은 꾸준히 올랐고 중심부는 별로 떨어진 적도 없다고 한다”며 “일본 신도시의 몰락을 수도권 집중이 높은 우리나라에 적용하는 것이 상식적으로 말이 되느냐”고 반문했다. 그러면서 “일본처럼 우리도 곧 집값이 폭락한다던 진보 경제학자들의 주장은 다 뻥이었음을 알게 됐다”고 강조했다.또 “이 정부의 부동산정책 실패 원인은 전문성 부족에 있다”며 “참여정부 때 경험이 있으니 현 정부가 들어서면 부동산 투기 같은 건 발을 붙이지 못할 거라고 믿었던 저의 어리석음을 탓한다”고 썼다.마지막으로 “공직자는 일가구 일주택일줄 알았던 저에게는 신선한 충격이다. 참여정부 때 고위공직자 중에는 다주택자가 많았던 기억이 별로 없는데 이 정부 공직자는 다주택자가 많아서 충격이고, 대통령과 국토부장관이 팔라고 해도 팔지 않는 강심장에 다시 한번 놀랐다”며 “대통령 지지도가 높으니 운동권 세력도 과거의 보수정당처럼 신이 내린 정당이 됐다고 생각하나 보다”고 저격했다.▼ 조 교수 페이스북 글 전문<슬기로운 전세생활>1.요즘 전세가 씨가 말랐지요. 30평대 이상의 빌라, 아파트, 주택 가리지 않고 찾아도 이사할 곳이 없더라구요. 그나마 물건이 있는 곳은 전화하면 벌써 계약이 되었다는 답변이 돌아왔어요. 전세가 없으니 심지어는 물건을 보지도 않고 계약을 한대요. 그렇다고 30평의 경우는 월세가 있는 것도 아닙니다.우연히 전세 물건이 여유있는 지역을 발견했어요. 알고 보니 방금 입주가 시작된 아파트 단지라 그나마 선택의 여지가 있는 것 같았는데 전화해보면 인터넷에 나온 것보다 3천만원을 높게 달래요. 하루가 다르게 전세값이 올라간다는 방증입니다.<전세 물건은 새 입주 아파트에 많아요>2.인터넷에서 입주아파트 검색을 해봤어요. 우리나라엔 참 친절한 네티즌들이 많아요. 매 월마다 입주가 시작되는 지역과 아파트 리스트가 좌악 뜹니다.ㅋ 대부분 입주는 경기도와 서울 변두리 지역이었지만 현재 사는 곳과 직장에서 멀지않은 단지가 딱 하나 있었어요. 아직 입주가 시작되지 않아 물건을 볼 수도 없는데 전화해봤더니 여기도 매일 가격이 올라가고 있는 거에요. 그래서 저도 보지도 않고 그 날로 계약금을 보냈어요. 살다살다 이런 계약은 처음이에요.생각해보니 우리가 입주아파트로 진입한 게 이번이 세 번째입니다. 미국 유학을 마치고 귀국해보니 시어머니가 집을 팔고 다른 집을 계약했는데 올림픽 직후 집값이 폭등하면서 하루가 다르게 가격이 올라갔대요. 집 매도자가 계약을 해지해달라고 사정사정해서 위약금도 안받고 해지해줬대요. 그런데 물건이 없으니 사지 못하고 결국 20평대 빌라 한 채를 사셨더라구요. 1억 얼마에 판 송파의 시댁집은 4억이 되었구요.<우리의 우선 순위는 돈 보다 인간성>3.사실 그 집의 소유권 일부는 우리에게 있었어요. 우리는 유학 중에 둘 다 미국 대학의 장학금을 받았고, 남편은 국비장학금을 받았기에 이중 수혜를 했어요. 당시 연 천만원씩 나오는 국비장학금은 수입이 없던 시댁으로 보냈고 시부모님은 그걸로 생활비도 하고 남는 건 집대출금을 갚았거든요. 그런데 우리와 상의도 없이 시어머님이 홈리스가 되신 거에요.ㅎㅎ저는 어머니를 단 한 번도 원망한 적이 없어요. 왜냐하면 그 상황에서 저도 위약금 없이 계약을 해지해줬을 것 같아요. 착한 우리 남편을 보면 시어머님 마음이 이해가 갔기에 잘 하셨다고 했어요. 남에게 모질게 하느니 우리가 손해보고 사는 게 편하다고요. 우리가 건강하고 이렇게 둘 다 학위를 받았으니 집은 곧 장만하면 된다고요. 그래서 시어머니를 모시고 우리의 전세 생활이 시작되었어요.<입주 아파트엔 친구들이 모여 살수도 있어 좋아요>4.유학에서 돌아온 동료들도 모두 우리처럼 전세 생활을 했어요. 그래서 한 겨울에 입주 아파트가 생기면 서로 연락을 해서 미국서 친하게 지내던 세 집이 한 동네에 사는 행운도 누려봤어요. 다행히 시아버님이 살아계실 때 부천신도시에 아파트가 당첨된 게 있어서 우리가 그걸 상속했고 대출을 받아 4년만에 우리집을 장만했어요. 그 때만 해도 집 장만하는 게 참 쉬웠죠 잉~~그 후 신촌으로 직장이 바뀌면서 일산에서 십년 넘게 살았는데 애들이 다 크고 나니까 방도 모자라고 남편 직장과 너무 멀어서 서울로 진입했어요. 우리집은 시어머니와 시누가 사니까 우리는 은평뉴타운 입주 때 서울로 왔어요. 전세 자금에 조금만 대출받으면 집을 장만할 수도 있었는데 그렇게 하지 않았어요. 집값이 폭락한더던 김광수, 선대인 이런 분들을 신뢰하기도 했지만, 더 중요한 건 1가구 1주택을 넘어가는 부동산 소유는 투기라고 어려서부터 귀가 박히게 친정 아버지로부터 교육을 받았기 때문이에요. 게다가 한 번 공직을 했던 제가 1가구 2주택이 되는 건 용납할 수 없었지요.<청와대의 부동산 정책 반면교사는 일본?>5.부부교수가 왜 전세를 사는지 궁금해하는 분들이 많아서 드리는 얘기인데 우리가 일산에 들어갈 때만 해도 서울이나 일산이나 가격 차이가 별로 없었어요. 그런데 10여년 만에 서울에 들어오려니 엄청난 진입 장벽이 생긴 거에요. 그후 십여년간 전세집을 떠돌다 시어머니가 돌아가시면서 19년만에 일산집을 샀을 때와 비슷한 가격으로 팔았어요. 그 때부터 부동산을 공부하기 시작했어요. 정말 알뜰하게 근검절약하며 남에게 피해 주지 않고 살았는데 우리가 뭘 잘못했는지 알고 싶더라구요.일본처럼 우리도 곧 집값이 폭락한다던 진보 경제학자들의 주장은 다 뻥이었음을 알게 됐어요. 일본은 쓰러져가는 경제를 살리기 위해 잃어버린 10년간 아파트 건설에 올인했어요. 도쿄 인근에 신도시를 어마어마하게 지었지요. 처음엔 신도시에 아파트를 장만해 출퇴근하던 직장인들이 출퇴근 시간이 오래걸리니까 지치기 시작했고 다시 도쿄로 들어오기 시작했어요. 물론 도쿄도 신도시 건설로 인해 일시적으로 아파트 가격이 하락했겠지요. 하지만 얼마 후에 신도시는 공동화가 되었고 도쿄 집값은 꾸준히 오르기 시작했대요. 중심부는 별로 떨어진 적도 없다고 해요. 일본 신도시의 몰락을, 수도권집중이 높은 우리나라에 적용하는 것, 이게 상식적으로 말이 되나요?<문대통령, 부동산 인식 정확한지 점검 필요>6.지난 해 (저는 책이 2018년 나왔는지 알았는데 2019년입니다) 문재인 대통령의 최측근 인사와 부동산에 대해 대화할 기회가 있었어요. ""일본처럼 우리도 집값이 곧 폭락할테니 집을 사지 말고 기다리라""고 문대통령이 말씀하셨대요. 와, 대통령이  참모로부터 과거 잘못된 신화를 학습하셨구나, 큰일 나겠다 싶더라구요. 그 분은 제 이야기를 듣더니 <대통령의 협상>에 쓴 부동산대책에 대한 부분을 따로 달라고 해, 책 나오기 전에 프린트해서 대통령께 전달했대요. 그걸 읽으셨는지는 모르겠지만 그 중에 딱 하나 받아들이셨어요. 분양가 상한제. 제가 제안한 모든 대책이 함께 가야 분양가 상한제가 집값 잡는데 효력을 발휘하지, 이것만 해서는 오히려 공급을 위축시켜 지금 같은 전세대란을 가져오게 되는데 말이죠. 제가 이 정부 부동산정책 실패 원인이 전문성 부족에 있다고 믿는 이유입니다.일산집을 2016년에 팔고 부동산 공부까지 하고서도 지난 해에야 집을 장만하게 된 데에는 우여곡절이 있으니 다음 기회에 말씀드리죠. 다만 참여정부 때 경험이 있으니 현 정부가 들어서면 부동산 투기 같은 건 발을 붙치지 못할 거라고 믿었던 저의 어리석음을 탓해야지 누굴 원망하겠어요. 뿐만 아니라 공직자는 저처럼 일 가구 일주택일줄 알았는데 제겐 신선한? 충격입니다. 참여정부 때 고위공직자 중에는 다주택자가 많았던 기억이 별로 없는데 이 정부 공직자는 다주택자가 많아서 충격을 받았고, 대통령과 국토부장관이 팔라고 해도 팔지않는 강심장에 다시 한 번 놀랐습니다.대통령 지지도가 높으니 운동권 세력도 과거의 보수정당처럼 신이 내린 정당이 되었다고 생각하는가 봅니다!문지연 기자 jymoon@kmib.co.kr"
35,국민일보,조기숙 “文정부 신내렸다 믿나” 부동산대책 작심 비판,"노무현 정부에서 청와대 홍보수석을 지낸 조기숙 이화여대 국제대학원 교수. 조 교수 페이스북노무현 정부에서 청와대 홍보수석을 지낸 조기숙 이화여대 국제대학원 교수가 “대통령 지지도가 높으니 운동권 세력도 과거의 보수정당처럼 신이 내린 정당이 됐다고 생각하나”라며 “문재인 대통령의 부동산 인식이 정확한지 점검이 필요하다”고 강도 높게 비판했다.조 교수는 28일 페이스북에 글을 올려 “지난해 문 대통령 최측근의 인사와 부동산에 대해 대화할 기회가 있었는데 큰일 나겠다 싶더라”면서 “문 대통령이 ‘일본처럼 우리도 집값이 곧 폭락할 것’이라고 말하는 것을 보고 참모로부터 과거의 잘못된 신화를 학습했다고 알게 됐다”고 말했다.그는 “문재인정부의 부동산정책 실패의 원인이 전문성 부족에 있다”고 지적했다. 그러면서 “부동산 대책에 관한 제 제안 중 분양가 상한제 딱 하나만을 (문 대통령이) 받아들이셨다”며 “이것만 해서는 오히려 공급을 위축시켜 지금 같은 전세대란을 만든다”고 말했다.노무현 정부에서 청와대 홍보수석을 지낸 조기숙 이화여대 국제대학원 교수. 조 교수 페이스북조 교수는 또한 “참여정부 때 고위공직자 중에는 다주택자가 많았던 기억이 별로 없는데 이 정부 공직자는 다주택자가 많아서 충격받았다”며 “대통령과 국토부 장관이 팔라고 해도 팔지 않는 강심장에 다시 한번 놀랐다”고 말했다.그러면서 “대통령 지지도가 높으니 운동권 세력도 과거의 보수정당처럼 신이 내린 정당이 됐다고 생각하는가 보다”라고 덧붙였다. 이어 “참여정부 때의 경험이 있으니 현 정부가 들어서면 부동산 투기 같은 건 발을 붙이지 못할 거라고 믿었던 제가 어리석음을 탓한다”고 토로했다.그는 “요즘 전세가 씨가 말랐다”며 “전세가 없으니 물건을 보지도 않고 계약을 하고, 전화를 해보면 인터넷에 나온 것보다 3000만원을 높게 달라고 한다. 전셋값이 올라간다는 방증”이라고 설명했다.<조 교수 페이스북 전문>1. 슬기로운 전세 생활요즘 전세가 씨가 말랐지요. 30평대 이상의 빌라, 아파트, 주택 가리지 않고 찾아도 이사할 곳이 없더라고요. 그나마 물건이 있는 곳은 전화하면 벌써 계약이 되었다는 답변이 돌아왔어요. 전세가 없으니 심지어는 물건을 보지도 않고 계약을 한대요. 그렇다고 30평의 경우는 월세가 있는 것도 아닙니다.우연히 전세 물건이 여유 있는 지역을 발견했어요. 알고 보니 방금 입주가 시작된 아파트 단지라 그나마 선택의 여지가 있는 것 같았는데 전화해보면 인터넷에 나온 것보다 3000만원을 높게 달래요. 하루가 다르게 전셋값이 올라간다는 방증입니다.2. 전세 물건은 새 입주 아파트에 많아요인터넷에서 입주아파트 검색을 해봤어요. 우리나라엔 참 친절한 네티즌들이 많아요. 월마다 입주가 시작되는 지역과 아파트 리스트가 좍 뜹니다.ㅋ 대부분 입주는 경기도와 서울 변두리 지역이었지만 현재 사는 곳과 직장에서 멀지 않은 단지가 딱 하나 있었어요. 아직 입주가 시작되지 않아 물건을 볼 수도 없는데 전화해봤더니 여기도 매일 가격이 올라가고 있는 거예요. 그래서 저도 보지도 않고 그 날로 계약금을 보냈어요. 살다 살다 이런 계약은 처음이에요.생각해보니 우리가 입주아파트로 진입한 게 이번이 세 번째입니다. 미국 유학을 마치고 귀국해보니 시어머니가 집을 팔고 다른 집을 계약했는데 올림픽 직후 집값이 폭등하면서 하루가 다르게 가격이 올라갔대요. 집 매도자가 계약을 해지해달라고 사정사정해서 위약금도 안 받고 해지해줬대요. 그런데 물건이 없으니 사지 못하고 결국 20평대 빌라 한 채를 사셨더라고요. 1억 얼마에 판 송파의 시댁 집은 4억이 되었고요.3. 우리의 우선순위는 돈보다 인간성사실 그 집의 소유권 일부는 우리에게 있었어요. 우리는 유학 중에 둘 다 미국 대학의 장학금을 받았고, 남편은 국비 장학금을 받았기에 이중 수혜를 했어요. 당시 연 1000만원씩 나오는 국비 장학금은 수입이 없던 시댁으로 보냈고 시부모님은 그걸로 생활비도 하고 남는 건 집 대출금을 갚았거든요. 그런데 우리와 상의도 없이 시어머님이 홈리스가 되신 거예요.ㅎㅎ저는 어머니를 단 한 번도 원망한 적이 없어요. 왜냐하면, 그 상황에서 저도 위약금 없이 계약을 해지해줬을 것 같아요. 착한 우리 남편을 보면 시어머님 마음이 이해가 갔기에 잘하셨다고 했어요. 남에게 모질게 하느니 우리가 손해 보고 사는 게 편하다고요. 우리가 건강하고 이렇게 둘 다 학위를 받았으니 집은 곧 장만하면 된다고요. 그래서 시어머니를 모시고 우리의 전세 생활이 시작되었어요.4. 입주 아파트엔 친구들이 모여 살수도 있어 좋아요유학에서 돌아온 동료들도 모두 우리처럼 전세 생활을 했어요. 그래서 한겨울에 입주 아파트가 생기면 서로 연락을 해서 미국서 친하게 지내던 세 집이 한동네에 사는 행운도 누려봤어요. 다행히 시아버님이 살아계실 때 부천 신도시에 아파트가 당첨된 게 있어서 우리가 그걸 상속했고 대출을 받아 4년 만에 우리 집을 장만했어요. 그때만 해도 집 장만하는 게 참 쉬웠죠 잉~~그 후 신촌으로 직장이 바뀌면서 일산에서 10년 넘게 살았는데 애들이 다 크고 나니까 방도 모자라고 남편 직장과 너무 멀어서 서울로 진입했어요. 우리집은 시어머니와 시누가 사니까 우리는 은평뉴타운 입주 때 서울로 왔어요. 전세 자금에 조금만 대출받으면 집을 장만할 수도 있었는데 그렇게 하지 않았어요. 집값이 폭락한다던 김광수, 선대인 이런 분들을 신뢰하기도 했지만, 더 중요한 건 1가구 1주택을 넘어가는 부동산 소유는 투기라고 어려서부터 귀에 박히게 친정아버지로부터 교육을 받았기 때문이에요. 게다가 한 번 공직을 했던 제가 1가구 2주택이 되는 건 용납할 수 없었지요.5. 청와대의 부동산 정책 반면교사는 일본?부부 교수가 왜 전세를 사는지 궁금해하는 분들이 많아서 드리는 얘기인데 우리가 일산에 들어갈 때만 해도 서울이나 일산이나 가격 차이가 별로 없었어요. 그런데 10여 년 만에 서울에 들어오려니 엄청난 진입 장벽이 생긴 거예요. 그 후 십여 년간 전셋집을 떠돌다 시어머니가 돌아가시면서 19년 만에 일산집을 샀을 때와 비슷한 가격으로 팔았어요. 그때부터 부동산을 공부하기 시작했어요. 정말 알뜰하게 근검절약하며 남에게 피해 주지 않고 살았는데 우리가 뭘 잘못했는지 알고 싶더라구요.일본처럼 우리도 곧 집값이 폭락한다던 진보 경제학자들의 주장은 다 뻥이었음을 알게 됐어요. 일본은 쓰러져가는 경제를 살리기 위해 잃어버린 10년간 아파트 건설에 올인했어요. 도쿄 인근에 신도시를 어마어마하게 지었지요. 처음엔 신도시에 아파트를 장만해 출퇴근하던 직장인들이 출퇴근 시간이 오래 걸리니까 지치기 시작했고 다시 도쿄로 들어오기 시작했어요. 물론 도쿄도 신도시 건설로 인해 일시적으로 아파트 가격이 하락했겠지요. 하지만 얼마 후에 신도시는 공동화가 되었고 도쿄 집값은 꾸준히 오르기 시작했대요. 중심부는 별로 떨어진 적도 없다고 해요. 일본 신도시의 몰락을, 수도권집중이 높은 우리나라에 적용하는 것, 이게 상식적으로 말이 되나요?6. 문 대통령, 부동산 인식 정확한지 점검 필요지난해 (저는 책이 2018년 나왔는지 알았는데 2019년입니다) 문재인 대통령의 최측근 인사와 부동산에 대해 대화할 기회가 있었어요. “일본처럼 우리도 집값이 곧 폭락할 테니 집을 사지 말고 기다리라”라고 문 대통령이 말씀하셨대요. 와, 대통령이 참모로부터 과거 잘못된 신화를 학습하셨구나, 큰일 나겠다 싶더라구요. 그분은 제 이야기를 듣더니 <대통령의 협상>에 쓴 부동산대책에 대한 부분을 따로 달라고 해, 책 나오기 전에 프린트해서 대통령께 전달했대요. 그걸 읽으셨는지는 모르겠지만 그중에 딱 하나 받아들이셨어요. 분양가 상한제. 제가 제안한 모든 대책이 함께 가야 분양가 상한제가 집값 잡는데 효력을 발휘하지, 이것만 해서는 오히려 공급을 위축시켜 지금 같은 전세대란을 가져오게 되는데 말이죠. 제가 이 정부 부동산정책 실패 원인이 전문성 부족에 있다고 믿는 이유입니다.일산집을 2016년에 팔고 부동산 공부까지 하고서도 지난해에야 집을 장만하게 된 데에는 우여곡절이 있으니 다음 기회에 말씀드리죠. 다만 참여정부 때 경험이 있으니 현 정부가 들어서면 부동산 투기 같은 건 발을 붙이지 못할 거라고 믿었던 저의 어리석음을 탓해야지 누굴 원망하겠어요. 뿐만 아니라 공직자는 저처럼 일 가구 일 주택일 줄 알았는데 제겐 신선한? 충격입니다. 참여정부 때 고위공직자 중에는 다주택자가 많았던 기억이 별로 없는데 이 정부 공직자는 다주택자가 많아서 충격을 받았고, 대통령과 국토부 장관이 팔라고 해도 팔지 않는 강심장에 다시 한번 놀랐습니다.대통령 지지도가 높으니 운동권 세력도 과거의 보수정당처럼 신이 내린 정당이 되었다고 생각하는가 봅니다!김용현 기자 face@kmib.co.kr"
36,국민일보,"김상조 靑정책실장 “6·17 부동산대책, 필요하다면 보완책 마련”","김상조 청와대 정책실장은 21일 6·17 부동산대책과 관련해 “제기된 여러 가지 어려움들에 대해서는 현실성을 충분히 검토하고, 필요하다면 국토교통부가 보완대책을 마련할 것”이라고 말했다. 주택담보 대출 및 전세대출 규제 강화를 핵심으로 한 6·17 부동산대책이 투기 수요뿐 아니라 실수요자의 주택 구매마저 어렵게 만들었다는 지적이 일각에서 제기되자 보완 의사를 밝힌 것이다.김 실장은 오후 청와대 춘추관에서 기자들을 만나 “정부가 충분히 합리적인 대책을 준비하면서 국민들께서 느끼시는 어려움이 있다면 그에 대한 검토도 충실히 해 나가겠다”며 이같이 밝혔다. ‘필요하다면’이라는 조건을 달았지만, 부동산 대책의 수정 가능성을 언급한 것이다.김 실장은 “가장 중요한 원칙은 실수요자 보호”라며 “무주택자나 1주택자의 경우 규제로 인한 불편함이 최소화하도록 보완 대책을 이미 갖췄다”고 말했다. 이어 “공공투자의 경우 청년과 신혼부부에게 제공될 물량 비율을 30%로 올렸고 민간주택에 대해서도 20%로 올렸다”고 강조했다. 그러면서도 “부동산대책은 어떤 내용을 발표하더라도 국민 모두를 만족시키기 어려운 분야”라고 했다.김 실장은 갭 투자 등 투기수요 차단을 위해 추가적인 대책도 가능하다는 점도 밝혔다. 그는 “문재인정부에서는 부동산시장 안정을 위해 가용한 모든 정책수단들을 동원할 준비를 하고 있다”며 “6·17 대책도 모든 정책 수단을 다 소진한 것은 아니다”고 말했다. 문재인정부 부동산정책의 방점이 갭투자와 법인투자 등 투기수요 억제를 통한 시장 안정에 있다는 점을 강조한 것이다.김 실장은 문재인정부에서 발표된 부동산 대책이 22차례나 발표됐다는 지적에 대해선 “상당 부분은 기존 대책을 보완·구체화하는 것이었다”며 “크게 부동산 대책이라 할만한 것은 총 7차례 있었다”고 했다.한편 문재인 대통령은 국회 원 구성 지연으로 3차 추가경정예산안의 국회 처리가 미뤄지는 것과 관련해 “6월 통과가 무산돼서는 안 되며, 비상한 방법을 강구해야 한다”고 밝혔다고 강민석 청와대 대변인이 전했다. 문 대통령은 “국민은 추경을 기정사실화하고 있고, 여야 이견도 크지 않다”며 “추경이 늦어질수록 국민 고통이 커진다. 국회가 부디 6월 중 추경안을 반드시 통과시켜주기를 간곡히 당부한다”고 했다.앞서 정부는 코로나19 대응을 위해 35조3000억원 규모의 3차 추경안을 마련해 지난 4일 국회에 제출했다. 하지만 국회 원 구성 협상이 지연되면서 추경 심의도 늦어지고 있다.▶핀셋 말고 망치…미분양 우려지역도 때린 6·17대책에 반발 확산▶김상조 언급한 부동산 보완책, ‘채찍과 당근’ 투트랙 접근할 듯임성수 기자 joylss@kmib.co.kr"
37,국민일보,고가아파트 1억 오를때 저가아파트 247만원 내렸다,"고가 아파트와 저가 아파트 가격 격차가 더 빠르게 벌어지고 있다. 12·16 부동산정책 이후 정부 규제와 투기 영향으로 저가 아파트의 상승폭은 제한적이지만 중·고가 이상의 아파트 가격이 치솟은 탓이다.시세차익을 노리고 청약과 갭투자 등을 통해 무리해서라도 중·고가, 신축 아파트를 노리는 현상은 당분간 계속될 것으로 보인다.15일 업계에 따르면 전국 고가 아파트의 가격 상승이 저가 아파트 가격 상승세를 압도하고 있다.KB국민은행이 발표한 5월 월간 주택가격 동향 자료에 따르면 전국 아파트 평균가격의 5분위 배율은 7.36으로 집계됐다.이는 2010년 8월(7.40) 이후 9년9개월 만에 가장 높은 수치다. 5분위 배율은 아파트 가격 상위 20% 평균(5분위 가격)을 하위 20% 평균(1분위 가격)으로 나눈 값으로, 배율이 높을수록 가격 격차가 심하다는 것을 의미한다.1분위 아파트 가격이 제자리걸음한 사이 5분위 아파트 가격이 크게 올랐다. 지난달 전국 아파트 5분위 평균가격은 7억9886만원으로 1년 전과 비교하면 1억520만원 올랐다. 같은 기간 1분위 평균가격은 1억860만원으로 1년 전보다 오히려 247만원 떨어졌다.서울도 비슷한 추세다. 지난 5월 서울 5분위 아파트 평균가격은 18억320만원으로 지난해 같은 기간(15억8260만원)보다 2억원 이상 올랐다.1분위 아파트 가격은 3억9776만원으로 지난해 같은 기간(3억5384만원)보다 올랐지만 상승폭은 비교적 제한적이었다.가격 양극화에는 여러 이유가 있다. 하지만 업계는 정부 부동산 규제가 가장 큰 영향을 준 것으로 본다. 정부는 지난해 12·16 대책을 통해 규제지역 다주택자들에 대한 규제를 강화했다. 그 여파로 소비자들이 ‘똘똘한 한 채’ 아파트를 선호하면서 투자와 주거 조건을 고루 만족시키는 고가 아파트의 인기와 가격이 올랐다는 뜻이다.양지영 R&C연구소장은 “다주택자 보유에 대한 불안감을 주면서 똘똘한 한 채 아파트 선호현상이 커져 옥석을 가려 좋은 아파트를 구매하려는 경향이 강해진 것으로 본다”고 말했다.가격 양극화로 인해 청약과 갭투자 등의 인기는 더욱 커질 것으로 보인다. 소비자들 사이에서 다소 무리를 해서라도 고가 아파트를 사기만 하면 큰 시세차익을 거둘 수 있다는 확신이 자리 잡기 때문이다.실제로 부동산114에 따르면 지난 11일까지 2020년 서울의 아파트 평균 청약경쟁률은 99.3대 1로 100대 1에 육박해 사상 최고치를 기록했다.권일 부동산인포 리서치팀장은 “최근 소비자들은 여러 규제 속에서도 주택 매입을 늘려가고 있는데, 이는 결국 앞으로도 주택가격이 오를 것으로 본다는 의미”라며 “신도시나 특별한 공급대책이 제기되기 전까지는 수급 불균형에 대한 불안감이 크고, 양도세 중과 등 가격을 떨어뜨릴 요인들이 더 남지 않았다는 판단이 선 것”이라고 말했다.이택현 기자 alley@kmib.co.kr"
38,국민일보,고가아파트 1년간 1억 넘게 오를 때 저가는 247만원 하락,"고가 아파트와 저가 아파트 가격 격차가 더 빠르게 벌어지고 있다. 12·16부동산정책 이후 정부 규제와 투기의 영향으로 저가 아파트의 상승 폭은 제한적이지만 중·고가 이상의 아파트 가격이 치솟은 탓이다. 시세차익을 노리고 청약과 갭투자 등을 통해 무리해서라도 중·고가, 신축 아파트를 노리는 현상은 당분간 계속될 것으로 보인다.15일 업계에 따르면 전국 고가 아파트의 가격 상승이 저가 아파트 가격 상승세를 압도하고 있다. KB국민은행이 발표한 5월 월간 주택가격 동향 자료에 따르면 전국 아파트 평균가격의 5분위 배율은 7.36으로 집계됐다. 이는 2010년 8월(7.40) 이후 9년 9개월 만에 가장 높은 수치다. 5분위 배율은 아파트 가격 상위 20% 평균(5분위 가격)을 하위 20% 평균(1분위 가격)으로 나눈 값으로, 배율이 높을수록 가격 격차가 심하다는 것을 의미한다.1분위 아파트 가격이 제자리걸음 한 사이 5분위 아파트 가격이 크게 올랐다. 지난달 전국 아파트 5분위 평균 가격은 7억9886만원으로 1년 전과 비교하면 1억520만원이 올랐다. 같은 기간 1분위 평균 1억860만원으로 1년 전보다 오히려 247만원 떨어졌다. 서울도 비슷한 추세다. 지난 5월 서울 5분위 아파트 평균가격은 18억320만원으로 지난해 같은 기간(15억8260만원)보다 2억원 이상 올랐다. 1분위 아파트 가격은 3억9776만원으로 지난해 같은 기간 3억5384만원보다 올랐지만 상승 폭은 비교적 제한적이었다.가격 양극화에는 여러 가지 이유가 있다. 하지만 업계는 정부 부동산 규제가 가장 큰 영향을 준 것으로 본다. 정부는 지난해 12·16부동산 대책을 통해 규제지역 다주택자들에 대한 규제를 강화했다. 그 여파로 소비자들이 ‘똘똘한 한 채’ 아파트를 선호하면서 투자와 주거 조건을 고루 만족시키는 고가 아파트의 인기와 가격이 올랐다는 뜻이다. 양지영 R&C연구소장은 “다주택자 보유에 대한 불안감을 주면서 똘똘한 한 채 아파트 선호현상이 강해지면서, 옥석을 가려 좋은 아파트를 구매하려는 경향이 강해진 것으로 본다”고 말했다.양극화가 커질수록 청약과 갭투자 등의 인기는 더욱 커질 것으로 보인다. 소비자들 사이에서 다소 무리를 해서라도 고가 아파트를 사기만 하면 큰 시세차익을 거둘 수 있다는 확신이 자리 잡기 때문이다. 실제로 부동산114에 따르면 지난 11일까지 2020년 서울의 아파트 평균 청약경쟁률은 99.3대1로 100대1에 육박해 사상 최고치를 기록했다.권일 부동산인포 리서치팀장은 “최근 소비자들은 여러 규제 속에서도 주택 매입을 늘려가고 있는데, 이는 결국 앞으로도 주택가격이 오를 것으로 본다는 의미”라며 “신도시나 특별한 공급대책이 제기되기 전까지는 수급불균형에 대한 불안감이 크고, 양도세 중과 등 가격을 떨어뜨릴 요인들이 더 남지 않았다는 판단이 선 것”이라고 말했다.이택현 기자 alley@kmib.co.kr"
39,국민일보,다시 고개 드는 아파트 가격… 추가 규제설도 고개 든다,"12·16 부동산대책 이후 관망세를 지켜오던 부동산시장 분위기가 심상찮다. 서울 매매가격이 10주 만에 상승 전환했고 거래량도 지난해 10월 이후 처음으로 반등했다. 풍선효과 속에서도 강남 집값 잡기에 성공해 안도의 한숨을 내쉬었던 정부도 이를 예사롭지 않게 보고 있다. 정부가 반복되는 풍선효과에도 추가 규제를 감행할지 주목된다.11일 한국감정원에 따르면 서울 아파트 매매가격은 지난주 내림세를 끝내고 보합세(0.0%)에 접어든 데 이어 이번 주(6월 8일 기준)에는 0.2% 올랐다. 특히 12·16 부동산정책 규제와 코로나19 사태로 고전을 면치 못하던 강남(0.02%) 서초(0.00%) 송파(0.05%)의 추세 변화가 두드러졌다. 감정원은 현대자동차 글로벌비즈니스센터(GBC)와 잠실 스포츠·마이스(MICE) 민간투자사업 등 개발사업의 여파가 영향을 준 것으로 분석했다.홍남기 경제부총리는 이날 정부서울청사에서 열린 제6차 비상경제 중앙대책본부 회의에서 “최근 서울, 수도권 규제 지역의 주택가격 내림세가 주춤하고 비규제 지역의 가격 상승세도 지속 포착돼 정부는 경각심을 갖고 예의점검 중”이라고 밝혔다.정부가 이토록 민감하게 반응하는 것은 단순히 매매가격 상승 때문만은 아니다. 올해 아파트 매매가격은 거래량이 급격히 줄어든 가운데 소수의 매물과 일부 지역개발 수요만으로 등락을 반복했다. 시장이 들썩여도 후속 거래가 따라오지 않는 현상이 반복됐다. 하지만 최근 들어 거래량이 급격히 늘어나면서 상승세가 굳어지는 것 아니냐는 지적이 나온다.서울시부동산정보광장에 따르면 5월 아파트 거래량도 4062건(11일 기준)으로 이미 지난달(3020건)을 훌쩍 넘어섰다. 집계가 절반 정도만 이뤄진 점을 감안하면 올해 거래량이 최대였던 2월(8288건) 수준을 회복할 가능성도 있을 것으로 보인다. 강남3구 거래량도 도합 573건으로 지난달(370건)보다 크게 늘었다.전세가 상승도 문제다. 서울 아파트 전세가는 50주 연속 상승세를 이어가고 있고 이번 주에도 강남3구, 성동구, 마포구 등에서 크게 올랐다. 전월세 상승은 무주택자들에게 당장 큰 영향을 줄 수 있어 정부도 촉각을 곤두세우고 있다. 다만 매매가격이 꾸준히 상승하면 집주인이 전세 보증금을 돌려주지 못하는 ‘깡통 전세’ 우려는 줄어들 것으로 보인다.이런 상황에서도 정부가 사실상 추가 규제 가능성을 시사한 것은 적절치 않았다는 지적이 제기된다. 심교언 건국대 부동산학과 교수는 “주 단위 가격 등락에 일희일비하지 말고 차분히 공급을 늘려야 한다”며 “부동산 매매가격이 반등한 것도 정부 규제로 인한 풍선효과와 풍부한 유동성 때문일 가능성이 크다”고 지적했다. 실제로 강남 일대 아파트 매매가격 반등은 강남 개발의 영향이지만, 서울 6억원 이하 주택과 인천·경기 지역 매매가격 상승은 규제 풍선효과의 영향을 크게 받았다.이택현 기자 alley@kmib.co.kr"
40,국민일보,아∼떨어졌네… 똘똘한 3채에 몰린 26만명 ‘줍줍춘몽’,"“아크로 서울 포레스트(사진)를 동경하는 것이 아니라 (당첨된 당신이) 동경의 대상이 될 시간입니다.”28일 오후 1시 서울 강남구 신사동 아크로 갤러리에서는 대림산업 관계자의 선언과 함께 성동구 아크로 서울 포레스트 무순위 청약 추첨행사가 진행됐다. 정상적인 경로로는 아크로 서울 포레스트의 높은 매매가를 감당하기 어려운 청약자들도 대거 참가한 것으로 알려진 상황에서 사회자의 발언은 의미심장했다. 코로나19 사태를 염려해 유튜브 생방송으로 진행된 이번 행사에 최대 3만1000여명이 몰려 추첨 결과를 지켜봤다.청약에 참여한 26만여명의 희비는 클릭 세 번 만에 갈렸다. 21만4859명이 몰린 97㎡형의 추첨을 끝으로 방송 참여자들은 썰물처럼 빠져나갔다. 지난 20일 청약 신청 후 일주일 넘게 설레던 낙첨자 26만여명은 동경의 대상이 되지 못한 채 일상으로 돌아갔다.무주택자들에게 주택을 공급하기 위해 까다로운 조건을 제시하는 일반 청약과 달리 누구나 참여할 수 있는 이른바 ‘줍줍 청약’은 언제나 청약자들의 관심을 끈다. 특히 2017년 이후 부동산 시장이 부풀어 오르면서 높은 시세차익을 거둘 방법으로 주목받고 있다. 그중에서도 아크로 서울 포레스트는 줍줍 매물 중에서도 가장 큰 10억원 이상의 시세차익을 거둘 수 있는 ‘대어’로 지목됐다.문제는 최저 평형대 분양가만 17억원이고 최대 평형대 가구는 30억원이 넘는 아크로 서울 포레스트를 구매하려면 겹겹의 규제를 뚫어야 한다는 점이었다. 아크로 서울 포레스트도 분양 두 달 전 문재인정부가 처음으로 내놓은 부동산정책인 6·19 대책으로 등기 시까지 전매가 제한됐다. 여기에 지난해 12·16 부동산정책은 15억원 초과 아파트는 대출을 아예 받을 수 없도록 했다. 어지간한 현금부자가 아니면 전매 목적으로 구매하기 어려운 상황이 된 것이다.하지만 시장은 금방 방법을 찾아냈다. 아크로 서울 포레스트는 계약금 10%, 중도금 10%, 잔금 80%로 구매할 수 있다. 계약금과 중도금을 마련하면 잔금은 입주할 때 내는데 전세금을 받아서 충당할 수 있다. 최근 오른 전세 시세를 고려했을 때 3억~4억원만 스스로 마련하면 97㎡ 형을 구할 수 있다는 계산이 선 것이다. 업계에서는 이처럼 충분한 자금 없이 청약에 뛰어든 경우가 많았을 것으로 보고 있다.이번 무순위 청약을 단순 이벤트로 볼 수 없다는 주장도 제기된다. 가격에 따라 양상은 다르지만, 아파트를 투기 수단으로 삼는 사회 분위기가 고스란히 드러났다는 지적이다. 김성달 경실련 부동산감시팀장은 “정부가 비싼 집값에 아무런 대책을 내놓지 않는 것은 (내 집 마련) 기회를 박탈해 버리는 것”이라며 “(무순위 청약은) 청약으로 형식적인 기회를 줬으니까 그다음엔 아무나 와도 된다는 것인데 투기만 과열시킬 가능성이 크다”고 말했다. 실제로 정부는 지난해 5월 투기과열지구에서 예비 당첨자를 전체 공급 물량의 500%까지 선정하도록 하는 등 규제를 강화하고 있다.이택현 기자 alley@kmib.co.kr"
41,국민일보,여당 압승에 ‘급급매물’까지 나왔다… 강남 부동산 촉각,"규제 위주의 부동산정책을 추진해 온 여당이 총선에서 압승하자 서울 강남·재건축 급매물을 중심으로 매매가격 하락세가 시작됐다는 관측이 나오고 있다. 실제 급매물도 출현하고 있다.하지만 강남권 중개업소 관계자들과 전문가들은 여전히 12·16 대책 발표 후 이어지던 관망세가 ‘급락장’으로 전환됐다고 보기 어렵다는 데 무게를 두고 있다.20일 부동산업계에 따르면 현장에선 총선 실망감에 따른 급매물과 가격 하락의 흐름이 체감되지 않는 모양새다. 서울 강남구 은마아파트 일대의 한 공인중개업자는 “총선 전이든 후든 매물 자체가 없어진 지 오래돼 하락세가 시작됐다는 느낌은 들지 않는다”며 “매수 상담은 조금 늘었지만 결국 관망세가 이어지고 있다고 봐야 한다”고 말했다. 총선 이후 부동산정책 강화를 우려한 이른바 ‘실망 매물’이 2억~3억원씩 급락한 가격에 나오고 있지만 큰 의미가 없다고 본 것이다.그는 또 “최근에 저층 중심으로 나온 매물 2, 3개가 전부인데 설령 싸게 거래된다고 해도 매물은 그것으로 끝인데 시세에 영향을 줄 것 같지는 않다”고 말했다.강남·재건축 아파트 시장에서는 총선 이후 닷새간 ‘급급매물’이라는 설명이 달린 시세보다 싼 매물이 나왔지만 현장에선 이를 일부 매물이 시장을 교란한 ‘해프닝’으로 인식하는 분위기다. 인근 고가 신축 아파트를 주로 취급하는 또 다른 공인중개업자도 “총선 후 분위기를 말하기엔 매물 자체가 너무 없다”고 말했다.매물 감소는 통계에서도 확인된다. 실제로 강남 고가 아파트 거래량은 지난해 12월 이후 꾸준히 줄고 있다. 직방에 따르면 2019년과 12·16 대책 직후인 지난 1월부터 3월까지 서울 아파트 실거래 자료를 분석한 결과 15억원 초과 아파트 거래 비중은 강남구가 61.8%에서 53.8%로 감소했고 서초구는 53.8%에서 37.5%, 송파구는 29.9%에서 24.1%로 줄었다. 현장에서는 총선 전후로도 거래가 줄면 줄었지 늘지는 않았다고 입을 모았다.다만 오는 6월 양도세 중과를 앞두고 매물이 증가할 소지는 있다는 분석이다. 권일 부동산인포 리서치팀장은 “(양도세 중과 대비) 매물이 조금 더 나올 수는 있고 당분간 약세가 이어질 수 있다”면서도 “6월 이후에는 오히려 상승세로 돌아설 가능성도 있고 증여 등 대안을 찾는 경우도 있어 불안감으로 매물이 쏟아지는 일은 없을 것”이라고 지적했다.급매물이 시장을 들썩이게 만들지만 현장에선 매물을 구경도 못하는 현상은 지난해 12월 부동산정책 발표 이후 여러 번 반복됐다. 6월 양도세 중과를 기점으로 매물이 쏟아져 폭락장이 올 것이라는 주장과 참고 기다리면 다시 집값이 오를 것이라고 믿는 쪽이 급매물과 신고가에 일희일비했다.서울 송파구 대장주로 꼽히는 리센츠에서 6억원 떨어진 매물이 나오더니 한 달이 채 못돼 다시 신고가를 경신한 매물이 나와 이목을 끌었던 게 대표적인 사건이다.총선 이후 급매물의 영향력도 제한적일 것이라는 관측이다.양지영 R&C연구소장은 “보유세에 대한 부담도 있고 불확실성에 대한 불안감도 작용하다 보니 일부 매물이 시장으로 나오고 있다”면서도 “매물이 쌓일 경우 조정이 계속될 수는 있는데 일부 매물만 나오는 지금 같은 상황에서 하락세는 한정적일 수 있다”고 지적했다.이택현 기자 alley@kmib.co.kr"
42,국민일보,"오피스텔, 규제 반사이익 없었다…서울-경기 희비","정부 부동산규제의 풍선효과로 수도권 아파트 매매가격이 시간차를 두고 오르내리면서, 서울과 경기·인천의 오피스텔 매매가격도 희비가 갈렸다. 2·20 부동산대책으로 아파트 구매가 까다로워진 서울에선 오피스텔 매매가격이 올랐지만, 아파트 매매가격이 치솟았던 경기·인천에서는 반대로 오피스텔 가격이 내려갔다.15일 수익형부동산 연구개발기업 상가정보연구소가 한국감정원 통계를 분석한 결과 서울 지역 오피스텔 매매가격 지수는 지난 1월부터 꾸준히 상승했다. 상가정보연구소는 2017년 12월 평균 매매가격을 100으로 두고 매매지수를 정하는데 1월 102.17에서 2월 102.26, 지난달에는 102.32로 올랐다.정부가 12·16부동산 정책과 2·20부동산 정책을 잇달아 발표하며 규제지역 아파트 구매가 어려워지자 시장의 관심은 오피스텔로 쏠렸다. 서울의 오피스텔 매매가격지수 상승은 오피스텔이 대안으로 떠오른 현상이 오피스텔 매매가격지수에도 반영한 것으로 보인다.반면 서울을 제외한 거의 모든 지역에서 오피스텔 매매가격지수가 하락했다. 울산의 지난달 오피스텔 매매가격지수는 지난 1월에 비교해 0.25% 포인트 하락했다. 같은 기간 부산은 0.22% 포인트, 광주는 0.21% 포인트, 대구는 0.08% 포인트 떨어졌다. 특히 경기 지역은 0.36%포인트 하락해 낙폭이 가장 컸다. 인천도 0.33% 포인트로 뒤를 이었다.경기와 인천은 서울의 부동산 규제 영향으로 아파트 매매가격이 급격히 치솟았던 대표적인 지역이다. 서울 강남과 마용성(마포·용산·성동), 노도강(노원·도봉·강북) 아파트 가격이 한 차례 떠올랐다가 가라앉은 2~3월에도 아파트 매매가격 상승세가 가팔랐다. 그러다 보니 이 지역에서 오피스텔의 인기가 크게 떨어졌다. 실제로 경기와 인천의 매매가격지수는 1분기 중에서도 2월에 집중적으로 하락했다.애초에 오피스텔에 쏟아진 관심이 일회성이었다는 지적도 나온다. 조현택 상가정보연구소 연구원은 “애초에 시장에선 오피스텔로 시세차익을 크게 얻을 수 없다는 인식이 강했다”며 “(부동산정책 발표 이후에도) 수요는 몰리지 않고 단순한 관심 정도만 쏠렸다가 인기가 식은 것으로 보인다”고 말했다.경기 지역에서는 이 기간 오피스텔보다 아파트 전월세 거주가 많았다. 지난해 12월부터 올해 2월까지 경기 지역 아파트 전월세 거래량은 역대 최대를 기록했다. 경기부동산포털에 따르면 지난해 12월에 아파트 전월세 거래량은 2만1352건이었고 지난 1월은 2만231건, 2월에는 2만3145건으로 매달 2만건을 넘었다.이택현 기자 alley@kmib.co.kr"
43,국민일보,"국가 집값 상승률 51위, 서울은 3위…쏠림현상 여전","서울 송파구 롯데월드타워에서 내려다본 도심 아파트 단지 모습. 뉴시스한국의 지난해 4분기 집값 상승률이 56개국 중 51번째에 불과하다는 해외 부동산 정보업체의 조사결과가 발표됐다. 반면 서울은 이 업체가 지난 2월 발표한 자료에서 지난해 4분기 고급주택 가격 상승률은 3위였던 것으로 조사됐다. 수도권 고가 주택 위주로 매매가격이 등락을 거듭하는 것이 반영된 것으로 보인다.12일 영국 부동산 정보 업체인 나이트 프랭크(Knight Frank)의 ‘글로벌 주택 가격 지수(Global House Price Index)’에 따르면 지난해 연간 주요 56개국의 주택 가격은 평균 4.4% 상승한 가운데, 한국 집값은 1년 사이 0.2% 올랐다. 이는 전체에서 51번째로 국제적으로 봤을 때는 집값 상승률이 크지 않았다는 사실을 의미한다.하지만 이 업체가 지난 2월에 발표한 또 다른 통계자료 ‘프라임 글로벌 도시 지수(Prime Global Cities Index)’에서는 서울의 2019년 4분기 고급주택 가격이 전년 동기보다 7.6% 상승하면서 독일 프랑크푸르트와 대만 타이베이에 이어 3위를 차지했다. 2018년에는 같은 조사에서 서울이 1위를 차지하기도 했다.한국의 부동산가격은 서울을 중심으로 수도권 쏠림 현상이 심하다. 특히 부동산 투자의 영향으로 재건축·고급 아파트의 가격 상승률이 높다. 지난해에도 수도권 고가 아파트 가격이 크게 오르며, 인근 단지의 집값 상승까지 부추겼다. 그에 비하면 지역은 주요 아파트가 미분양 사태가 날 만큼 대조적인 모습을 보이기도 했다. 나이트 프랭크의 두 지수에는 이런 경향이 반영된 것으로 보인다.두 지표 조사 시점 이후인 2020년 1분기에도 수도권 고가 주택 쏠림현상은 계속될 것으로 보인다. 정부가 지난해 12월 이후 집값 안정을 위해 잇달아 부동산 정책을 발표했지만 내림세는 아직 더디다. 부동산 가격 하락에는 정부 부동산 대책보다 신종 코로나바이러스감염증(코로나19)이 더 큰 영향을 줬다는 지적도 나온다. 특히 올해는 부동산정책 규제 풍선효과의 영향으로 수용성(수원·용인·성남), 인천, 대전 등이 번갈아 가면서 올랐다.이택현 기자 alley@kmib.co.kr"
44,국민일보,서울 아파트 전셋값↑ “‘코로나’·규제 버티고 보자”,"서울 송파구 한 공인중개업소에 '반전세' 매물이 게재된 모습. 연합뉴스서울 아파트 전셋값이 꾸준히 오르고 있다. 아파트 전세 물량을 구하기 어려워지면서 주거용 오피스텔 전세가율도 덩달아 치솟는 상황이다. 시장이 아파트 매매를 미루고 전세거래를 통해 관망세에 들어간 탓이다. 신종 코로나바이러스감염증(코로나19) 사태가 길어지고 정부 부동산정책으로 규제가 잇달면서 시장에 불안과 기대감이 동시에 반영된 것으로 보인다.8일 한국감정원에 따르면 서울 아파트 평균 전셋값은 지난달 4억6070만원을 기록했다. 지난해 7월에는 전셋값 평균이 4억3908원이었는데 매달 꾸준히 올라 4억6000만원대를 넘어섰다. 특히 강남 4구(강남·서초·송파·강동)의 전셋값 평균은 6억6797만원에 달했다.업계에선 아파트를 사지도 팔지도 않겠다는 시장의 의지가 전셋값 상승을 이끈 것으로 본다. 서울은 강남을 중심으로 최근 수개월간 아파트 매매거래가 줄었다. 정부 부동산 정책으로 인한 양도세 중과와 코로나19 사태 변수가 매매가격을 더 떨어뜨릴 수 있기 때문이다. 전세 아파트에 터를 잡고 버티기에 들어가면서 전세 물량이 줄어 전셋값이 오르고 있다는 것이다.권일 부동산인포 리서치팀장은 “집을 안 사게 되는 원인은 다양하지만, 보유세 인상 등 정부 부동산 규제도 큰 영향을 줬다”며 “집을 살 수 있음에도 안 사는 사람들이 많으면 주택공급량이 늘어도 전셋값이 안정되긴 힘들다”고 말했다.일각에서는 다주택자들이 보유세 중과를 앞두고 부담을 덜기 위해 전셋값을 높이거나 반전세, 월세 비중을 높인 것도 원인이라는 지적도 나왔다. 권 팀장은 “아직 세입자에게 책임을 전가하는 일이 많지는 않겠지만, 부담이 장기화하면 세입자들 부담도 커질 수 있다”고 말했다.전세 아파트 구하기가 어려워지면서 주거용 오피스텔 전세가 상승세도 심상치 않다. 한국감정원 시세에 따르면 지난 2월 전국 오피스텔의 전세가율은 2018년 1월 이래 최고치인 80.5%였다. 수도권(81.06%)과 경기(84.02%), 인천(78.7%), 대전(83.34%), 세종(77.92%), 대구(81.71%), 지방(78.17%)도 높았다.전셋값이 꾸준히 오르면서 서울 강북 등에서 갭투자 가능성도 제기되고 있지만 글로벌경제 추이를 지켜보며 신중해야 한다는 지적도 나온다. 심교언 건국대 부동산학과 교수는 “전셋값은 실수요를 반영하기 때문에 거시경제가 안 좋아지면 수요가 줄어들어 곧 조정이 올 수 있다”며 “코로나19 문제가 당장 해결된다면 전셋값이 계속 오를 수 있겠지만 사태가 지속되면서 국내 경제에 악영향을 주면 오히려 떨어질 수 있다”고 말했다. 이택현 기자 alley@kmib.co.kr"
45,국민일보,[단독] 거수기 ‘주정심’… 5년간 대면회의 2회뿐,"정부의 굵직한 부동산정책을 심의·의결하는 기구인 주거정책심의위원회(주정심)가 출범 이후 5년간 개최한 회의에서 심의위원들이 직접 참여해 정책을 다루는 대면회의는 10%에도 미치지 못한 것으로 확인됐다. 또 심의 안건은 단 한 번도 ‘부결’된 적이 없었다. 주정심이 본래 취지인 정책 심의도 제대로 하지 않고 ‘졸속 기구’ 및 ‘거수기’로 전락했다는 비판이 나온다.29일 국민일보가 국토교통부에 정보공개 청구를 해 제공받은 자료에 따르면 주정심은 2015년 출범 이후 현재까지 총 27차례 회의를 열었다. 이 중 두 차례만 대면회의로 진행됐다. 나머지 25차례는 모두 서면회의로 대체됐다. 모든 회의 안건은 별다른 이견 없이 ‘가결’로 종료됐다.주정심은 정부의 주요 부동산정책을 심의하고 방향을 결정하는 기구다. 어디를 개발하고 어디를 규제할지 결정하기 때문에 책임이 막중하다. 또 택지개발지구와 투기과열지구, 민간택지 분양가상한제를 어떤 지역에 적용하고 해제할 것인지도 판단한다. 주정심의 정책 판단에 따라 한국의 부동산 지형이 바뀔 수 있는 것이다.주정심의 책임과 역할이 크기 때문에 주거기본법과 주정심 운영세칙에서는 대면회의를 기본 원칙으로 삼고 서면회의를 한정적으로 운영토록 했다. 서면회의는 안건 내용이 경미한 경우, 긴급 사유로 위원이 출석하는 회의를 개최할 시간적 여유가 없는 경우, 천재지변 등 부득이한 사유로 위원 출석에 의한 의사정족수를 채우기 어려운 경우로 한정한다.서면회의를 남발하다 보니 대면회의에서 위원들이 정책에 대한 의견을 활발하게 교환하고 정책을 개선할 기회가 적을 수밖에 없다. 이로 인해 국민의 주거환경에 영향을 미칠 각종 사안도 심도 깊게 다뤄지지 않는다. 서면회의의 경우 국토부가 심의 안건과 내용을 문서로 보내면 주정심 위원들이 찬성 혹은 반대를 표하고, 부대의견을 문서로 회신받는다. 회신 이후 국토부가 어떻게 위원 의견을 정책에 반영했는지 알 수 없다. 서면으로 심의할 경우 회의록도 따로 남지 않는다. 국민의 삶에 직결되는 부동산정책 결정 과정이 ‘깜깜이’로 진행된 셈이다.국토부 스스로가 주정심의 위상을 허무는 일도 벌어지고 있다. 국토부는 코로나19 여파로 민간택지 분양가상한제 유예기간을 최근 3개월 더 연장하면서 별도로 주정심 심의를 거치지 않았다. 당초 분양가상한제 시행과 유예 결정은 주정심 심의를 거쳐 의결됐던 사안이다. 한 정부 핵심 관계자는 “주정심에서 심의 의결했던 정책은 개정할 때도 주정심 판단을 거쳐야 한다. 서면으로라도 주정심을 개최해 올바른 절차를 밟았어야 한다”고 지적했다. 일종의 정부 월권행위로 볼 수 있다는 것이다. 이에 국토부는 “분양가상한제 유예기간 연장 여부는 주정심 심의 대상이 아니다”는 입장 외엔 별다른 설명을 하지 않았다.국민일보는 그동안 주정심 회의에서 안건별로 제출된 위원들의 주요 의견과 의견 제출 건수 등을 공개해 달라고 했지만 국토부는 모두 비공개 결정을 내렸다. 국토부는 “주정심 회의 내용은 부동산정책 및 제도와 관련된 사항이다. 국민생활에 미치는 영향이 중대하고, 정보공개로 인한 부동산 투기, 매점매석으로 국민 주거안정에 불안을 야기할 수 있어 공개할 수 없다”고 밝혔다.세종=전성필 기자 feel@kmib.co.kr"
46,국민일보,부동산 정책 심의 ‘주정심’… 사실상 정부 거수기 역할,"정부가 수원 등 수도권 5곳을 조정대상지역으로 지정하는 2·20 부동산대책을 내놨지만 규제기준이 모호하다는 논란이 이어지고 있다. 여기에는 정부의 주요 부동산정책을 심의하는 주거정책심의위원회(주정심)가 제 기능을 하지 못한 게 하나의 원인이라는 비판이 나온다. 당정이 미리 부동산대책의 주요 내용을 결정하고, 주정심은 형식적인 심의만 보장하는 ‘거수기’로 활용되고 있다는 것이다. 부동산대책이 올바르게 만들어졌는지 판단하고, 무리한 대책일 경우 제동을 거는 등 본래 주정심 취지를 살려야 한다는 지적이 나온다. 국토교통부는 지난 20일 주정심 심의를 거쳐 수원시 영통구·권선구·장안구와 안양시 만안구, 의왕시 등 수도권 5곳을 조정대상지역으로 추가 지정했다. 주정심은 각 위원들의 의견을 서면으로 제출받아 심의하는 ‘간이 절차’로 이뤄졌다. 문제는 2·20 대책의 주요 내용이 주정심 심의가 열리기 1~2일 전에 대부분 공개됐다는 점이다. 심의를 거치기도 전에 정책이 확정돼 유출된 셈이다. 게다가 규제 내용도 논란이 됐다. 시장에선 대전의 집값 상승률이 조정대상지역 지정을 위한 정량요건(최근 3개월간 집값 상승률과 청약경쟁률·분양권 전매거래량·주택보급률)을 충족해 신규 지정 가능성이 높다고 전망했다. 하지만 총선 전 전국 단위의 규제를 반대하는 정치권 입김이 강하게 작용하면서 신규 규제 지역이 줄어든 것으로 알려졌다. 일부에선 주정심 심의가 제대로 이뤄지지 않고 ‘통과의례’가 된 게 주요 원인이라고 지적한다. 주정심 위원 중 과반수가 국토부 산하기관장이거나 국토부가 임명한 민간위원이라 정부 입김에서 자유롭지 못하다. 여기에 주정심 심의 과정 및 결론이 외부에 공개되지 않아 공정성에 대한 의구심도 키웠다. 실제로 2·20 대책 발표에 앞서 주정심 일부 위원은 전국 단위의 광범위한 규제의 필요성, 정확한 진단의 필요성, 또 다른 풍선효과 부작용 우려 등의 의견을 제시한 것으로 전해진다. 하지만 신규 부동산대책에 대해 전문가가 어떻게 평가를 내렸고, 어떤 이유에서 반대 혹은 찬성 의견을 내비쳤는지, 전문가 의견이 얼마나 정책에 반영됐는지 현재로선 ‘깜깜이’다. 정부 내부에서조차 주정심의 제 기능을 되살려야 한다는 목소리가 나온다.  한 정부 관계자는 “부동산정책을 심의하는 기구인 주정심의 본래 취지에 맞춰 심의 절차가 공정하게 이뤄져야 한다. 정부와 정치권과의 ‘합의’가 부동산대책으로 이어진다면 시장 왜곡 등의 부작용이 발생할 수 있다”고 강조했다.세종=전성필 기자 feel@kmib.co.kr"
47,국민일보,“하위 20% 살생부 금고에 보관 중… 檢인사는 나쁜 관행 고치자는 것”,"이해찬(사진) 더불어민주당 대표가 16일 새해 첫 기자간담회를 열고 “이번 총선은 대한민국이 과거로 후퇴하느냐 미래로 전진하느냐를 결정하는 중요한 분수령이 될 선거”라며 총선 필승을 다짐했다.  4·15 총선을 90일 앞두고 열린 기자간담회에서는 총선 관련 질문이 집중적으로 쏟아졌다. 이 대표는 선거법 개정안으로 민주당 몫의 비례대표 의석수가 줄어든 만큼 어려운 선거가 될 것이라 전망했다. 이 대표는 “지역구에서 그 이상 확보하는 것을 목표로 삼고 있다”고 밝혔다. 하위 20% 현역 의원 명단 공개, 전략공천지역, 청와대 출신 출마자들의 이력 표기 문제 등 민감한 총선 현안에 대한 질의응답이 오갔다. ‘살생부’로 불리는 하위 20% 명단에 대해 “현재 평가결과를 밀봉해 금고에 보관하고 있다. 저도 전혀 이야기를 들은 바가 없다. 적절한 시기에 통보할 것”이라고 했다. 명단 공개 여부에는 “(당규에는) 비공개로 개인에게 통보하는 것으로 돼 있다”며 말을 아꼈다. 전략공천은 “아직 어디로 할지 정해진 바가 없다. 내일 최고위원회의에서 논의해 단수지역으로 할지 경쟁지역으로 할지 논의하겠다”고 말했다. 전날 민주당은 현역 의원 불출마 지역 등 15곳을 전략공천지역 심사 대상으로 선정했다. 청와대 이력 표기 문제는 “청와대 출신이라고 해서 특혜나 불이익을 주지 않을 것”이라며 “공천 룰에 따라 엄격하게 실행해 나갈 방침”이라고 원칙적 입장을 견지했다.  자유한국당의 비례 위성정당 설립 움직임, 검찰의 인사 반발과 관련해서는 거친 비판을 쏟아냈다. 이 대표는 “위성정당은 너무 좋게 표현하는 것이다. 선거법 개정 취지에 반하는 위장정당”이라고 꼬집었다. 최근 단행된 인사를 문제 삼으며 잇따라 사표를 던지고 있는 검찰을 향해서는 “나쁜 관행을 고치자고 하는 인사다. 그것에 대해 사표를 쓴 뒤 말하는 사람들의 언사가 상식 이하”라고 비난했다.  부동산정책 등에 대한 견해도 밝혔다. 강기정 청와대 정무수석이 전날 발언해 논란이 됐던 ‘부동산 매매 허가제’에 대해 “당과 협의한 적이 없다. 굉장히 강한 국가통제 방식으로 시장경제에서는 적절하지 않다고 본다”며 선을 그었다. 3주택 이상 소유 다주택자에 대한 종합부동산세를 세분화하는 방안에 대해서는 “실제로 3주택을 갖는다는 건 상식적으로 정상적이지 않다”며 “자기가 사는 집 하나로 충족해야지 이익을 내려고 하는 생각은 바람직하지 않다”고 강조했다.이가현 기자 hyun@kmib.co.kr"
48,국민일보,‘매매 허가제’까지 들먹… 靑 참모들 잇단 부동산 말폭탄,"김상조(왼쪽) 청와대 정책실장과 강기정 정무수석이 지난 6일 국회에서 열린 고위 당정청협의회에 참석한 모습. 김 실장과 강 수석은 15일 각각 라디오 프로그램에 나와 부동산 정책 관련 초강경 발언을 쏟아냈다. 연합뉴스문재인 대통령이 신년 기자회견에서 부동산시장 안정화 의지를 강력하게 밝히자 청와대 참모들이 ‘부동산 매매 허가제’까지 언급하면서 초강경 발언을 쏟아내고 있다. ‘부동산 투기와의 전쟁’에서 지지 않겠다는 의지의 표명이지만 부동산시장에 대한 ‘말폭탄’식 엄포가 효과를 낼지는 미지수다. 가뜩이나 부동산시장이 불안한 가운데 청와대 참모들의 정제되지 않은 발언이 시장의 불확실성을 키운다는 지적도 나온다. 강기정 청와대 정무수석은 15일 CBS 라디오에 나와서 “아직 우리 정부가 검토해야 할 내용이겠지만 특정 지역에 대해, 정말 비상식적으로 폭등하는 지역에 대해 부동산 매매 허가제를 둬야 한다는 발상도 하는 분들이 있다”고 말했다. 이어 “부동산 매매가 단순한 살 집을 만드는 게 아니라 거의 투기이기 때문에 투기적 수단으로 삼는 사람들에게는 매매 허가제까지 도입해야 되는 거 아니냐는 이런 주장에 정부는 귀를 기울여야 한다고 생각한다”고 말했다. 부동산 매매 허가제는 주택을 거래할 때 정부나 지방자치단체의 허가를 받도록 하는 제도다. 허가에 시일이 오래 걸릴 수도 있고, 경우에 따라 반려될 수도 있어 거래가 위축될 수밖에 없다. 특히 거주이전의 자유를 침해할 수 있다는 점 등 초헌법적인 발상이라는 비판도 있다. 2003년 노무현정부 당시 ‘주택거래허가제’라는 이름으로 도입이 검토됐지만 사유재산권 행사를 침해한다는 반대 여론에 부딪혀 무산됐고, 차선으로 주택거래신고제가 시행됐다. 거래대상자의 인적사항, 계약 체결일, 자금조달계획 등을 제출하는 주택거래신고제는 2004년 3월부터 시행된 뒤 2015년 7월에 폐지되었다 2018년 8월 다시 시행됐다. 파장이 커지자 청와대는 ‘개인 의견’이라고 선을 그었다. 청와대 고위 관계자는 기자들을 만나 “사전에 검토해서 정책으로 하지도 않았다”며 “부동산 관련해서 정부가 강력한 의지를 갖고 있다, 이런 차원에서 개인적 의견을 말한 것”이라고 해명했다. 국토교통부도 매매 허가제에 대해선 검토하지 않고 있다. 대신 주택거래 과정에서 자금 조달 과정 등을 꼼꼼히 살피겠다는 계획이다. 부동산 매매 허가제가 아니더라도 청와대는 부동산 투기를 잡기 위해 모든 카드를 검토하고 있다는 점을 부각시켰다. 김상조 정책실장도 KBS 라디오에 나와 “경제학적으로 정치적으로 생각할 수 있는 모든 정책 메뉴를 지금 제가 다 갖고 있다. 지난해 12월 16일(대출 규제 등을 망라한 12·16 부동산대책) 부동산정책 발표에 (카드를 다) 소진한 게 아니다”고 했다. 김 실장은 “지금 거품이 낀 일부 지역의 부동산 가격은 단순한 안정화가 아니라 일정 정도 하향 안정화 쪽으로 가야 된다고 생각하고 그것을 목표로 하고 있다”며 “우리 정부가 끝까지 이것은 최우선 과제로서 모든 수단을 동원해 전격적으로 시장 안정화를 위한 노력을 할 것”이라고 강조했다. 강 수석도 “9억원 이상, 15억원 이상 등 두 단계로 제한을 둔 대출 기준을 더 낮추는 문제도 고민해야 할 것”이라고 말하기도 했다. 문 대통령은 앞서 14일 신년 기자회견에서 “부동산대책이 나오면 상당 기간 효과가 나타나지만 결국 다른 우회적인 투기 수단을 찾아내는 게 투기 자본의 생리”라며 “정부는 대책이 시효를 다했다고 판단되면 보다 강력한 대책을 끝없이 내놓을 것”이라고 했다.임성수 기자 joylss@kmib.co.kr"
49,국민일보,"금통위원 4명, 4월 임기 종료… 물갈이 전 금리인하 가능성","한국은행 금융통화위원회 위원 과반의 임기 종료를 앞두고 기준금리 인하 ‘시계’가 빨라지고 있다. 금통위원 7명 가운데 4명이 오는 4월 20일을 끝으로 임기를 마친다. 시장에선 ‘4인방’이 물러나기 전 한 차례 금리 인하 가능성에 무게를 싣는다. 신임 금통위원의 적응기를 고려하면 향후 금리 인하 시기를 놓칠 우려가 있다는 분석이다. 한은이 오는 4월 총선 전에 금리를 전격적으로 내리면서 정부의 경기부양 정책을 지원사격한다는 관측도 제기된다. 다만 오는 17일 열리는 올해 첫 금통위에선 ‘동결’ 가능성이 높다. 13일 한은에 따르면 고승범·신인석·이일형·조동철 금통위원이 오는 4월 임기를 마친다. 당연직인 이주열 한은 총재, 윤면식 부총재를 포함해 신임인 임지원 금통위원만 남고 과반이 바뀌는 셈이다. 임기 만료 전까지 남아 있는 통화정책방향 회의는 이달 17일, 다음 달 27일, 4월 9일 세 차례다. 전문가들은 ‘금통위원 물갈이’ 전에 한 차례 기준금리 하향조정이 있을 것으로 예측한다. 비둘기파(통화완화 선호)로 분류되는 신인석·조동철 금통위원이 저물가 흐름에서 벗어나기 위한 기준금리 인하 필요성을 강하게 주장할 수 있어서다. 일반적으로 시장에선 금통위원 교체를 동결 신호로 받아들여왔다. 신임 금통위원이 곧바로 자신의 색깔을 드러내는 사례가 드물었기 때문이다. 공동락 대신증권 연구원은 “후임 금통위원의 적응 기간을 감안하면 향후 금리 조정 적기를 놓칠 수 있어 교체 전에 금리를 내릴 것”이라고 내다봤다. 여기에다 한은이 총선을 치르기 전에 기준금리를 내려 경기부양에 힘을 보탤 가능성이 높다. 김정식 연세대 경제학부 교수는 “시차를 두고 금리 인하 효과를 보려면 다음 달에 금리를 내려야 할 것”이라고 내다봤다. 다만 오는 17일 금통위에선 ‘동결’ 쪽으로 힘이 실린다. 한은 입장에선 지난해 경제성장률을 아직 발표하지 않은 데다 정부가 지난달 내놓은 고강도 부동산대책을 감안할 때 섣불리 금리를 내리기 부담스럽다. 김두언 KB증권 선임연구원은 “통화정책 여력이 거의 소진된 한은이 정부의 부동산정책과 역행하면서까지 금리를 내리진 않을 것”이라면서 “이달 금통위에서 소수의견이 얼마나 나오는지에 따라 다음 달 금통위 전망이 갈릴 것”이라고 말했다. 김 교수도 “소비가 회복되는 설 연휴를 앞두고 한은이 1월부터 금리를 내려 경제가 나쁘다는 신호를 굳이 내보내진 않을 것”이라고 진단했다.최지웅 기자 woong@kmib.co.kr"
50,국민일보,"금리인하 스텝 빨라지나… 금통위원 4명, 4월에 임기 끝나","신임 금융통화위원 적응기 고려해야오는 17일 금통위에선 ‘금리 동결’ 무게한국은행 금융통화위원회 위원 과반의 임기 종료를 앞두고 기준금리 인하 ‘시계’가 빨라지고 있다. 금통위원 7명 가운데 4명이 오는 4월 20일을 끝으로 임기를 마친다. 시장에선 ‘4인방’이 물러나기 전 1차례 금리 인하 가능성에 무게를 싣는다. 신임 금통위원의 적응기를 고려하면 향후 금리 인하 시기를 놓칠 우려가 있다는 분석이다. 한은이 오는 4월 총선 전에 금리를 전격적으로 내리면서 정부의 경기부양 정책을 지원사격한다는 관측도 제기된다. 다만 오는 17일 열리는 올해 첫 금통위에선 ‘동결’ 가능성이 높다.13일 한은에 따르면 고승범·신인석·이일형·조동철 금통위원이 오는 4월 임기를 마친다. 당연직인 이주열 한은 총재, 윤면식 부총재를 포함해 신임인 임지원 금통위원만 남고 과반이 바뀌는 셈이다. 임기 만료 전까지 남아 있는 통화정책방향 회의는 이달 17일, 다음 달 27일, 4월 9일 세 차례다.전문가들은 ‘금통위원 물갈이’ 전에 한 차례 기준금리 하향조정이 있을 것으로 예측한다. 비둘기파(통화완화 선호)로 분류되는 신인석·조동철 금통위원이 저물가 흐름에서 벗어나기 위한 기준금리 인하 필요성을 강하게 주장할 수 있어서다. 일반적으로 시장에선 금통위원 교체를 동결 신호로 받아들여왔다. 신임 금통위원이 곧바로 자신의 색깔을 드러내는 사례가 드물었기 때문이다. 공동락 대신증권 연구원은 “후임 금통위원의 적응 기간을 감안하면 향후 금리 조정 적기를 놓칠 수 있어 교체 전에 금리를 내릴 것”이라고 내다봤다.여기에다 한은이 총선을 치르기 전에 기준금리를 내려 경기부양에 힘을 보탤 가능성이 높다. 김정식 연세대 경제학부 교수는 “시차를 두고 금리 인하 효과를 보려면 다음 달에 금리를 내려야 할 것”이라고 내다봤다. 다만 오는 17일 금통위에선 ‘동결’ 쪽으로 힘이 실린다. 한은 입장에선 지난해 경제성장률을 아직 발표되지 않은 데다, 정부가 지난달 내놓은 고강도 부동산대책을 감안할 때 섣불리 금리를 내리기 부담스럽다.김두언 KB증권 선임연구원은 “통화 정책 여력이 거의 소진된 한은이 정부의 부동산정책과 역행하면서까지 금리를 내리진 않을 것”이라면서 “이달 금통위에서 소수의견이 얼마나 나오는지에 따라 다음 달 금통위 전망이 갈릴 것”이라고 말했다. 김 교수도 “소비가 회복되는 설 연휴를 앞두고 한은이 1월부터 금리를 내려 경제가 나쁘다는 신호를 굳이 내보내진 않을 것”이라고 진단했다.최지웅 기자 woong@kmib.co.kr"
51,국민일보,"[김진홍 칼럼] 한국당, 이대로는 가망 없다","  문재인정부의 실정에도 새해 4월 총선에서 여당의 승리 예상되는 건 차려준 밥상 걷어찬 자유한국당 때문많은 유권자들은 이미 한국당에 사망선고 내려황 대표부터 사심 버리고 국민의 공복으로 거듭나야    임기 후반으로 접어든 문재인정부의 국정 성과로 뭘 꼽을 수 있을까. 좀체 떠오르지 않는다. 실생활과 직결된 경제에는 먹구름이 잔뜩 꼈다. 부동산정책은 신뢰를 잃었고, 교육정책은 갈팡질팡의 연속이다. 그나마 긍정적인 평가를 받던 남북 관계마저 악화되면서 한반도 평화 열기가 식어가고 있다. 회전문·코드 인사와 ‘내로남불’ 지적에도 지지자 중심의 국정운영 방식으로 사회 갈등과 분열은 극심해졌다. 조국 사태를 계기로 문재인정부가 내세우던 정의와 공정의 가치는 심각한 상처를 입었다. 조국 일가에 대한 수사가 매듭지어지지 않은 와중에 청와대의 지방선거 개입 의혹이라는 대형 악재까지 터졌다. 청와대의 대응은 민심과 동떨어져 있다. 정확한 민심을 청와대에 전달해야 할 여당은 청와대를 무조건 옹호하는 데 여념이 없다. 국정운영 성적표가 나쁘면 선거를 통해 심판 받는 게 대의민주주의다. 그런데 차기 총선이 넉 달여 앞으로 다가온 현재 여당인 더불어민주당이 승리할 것이란 전망이 우세하다. ‘문재인 키즈’도 대거 총선을 준비 중이다. 문 대통령과 여당의 높은 지지율은 거의 제자리다. 상식적으로 납득하기 힘든 현상이다. 결속력이 탄탄한 여권 지지층의 존재가 주 요인일 것이나, 제1야당인 자유한국당이 정신 차리지 못하고 허둥대는 점이 더 큰 요인 아닐까 싶다. 문재인정부의 실정과 스캔들이 속속 드러나고 있음에도 한국당은 한 번도 정국 주도권을 쥔 적이 없다. 오히려 비호감 세력으로 전락한 상태다. 이유는 많다. ‘박근혜 탄핵’ 이후 2년7개월, 황교안 대표 취임 이후 9개월이 지났지만 환골탈태, 육참골단은 말뿐이었다. 게다가 조국 낙마 TF 표창장 수여와 패스트트랙 수사 대상 의원 가산점 부여 해프닝, 국회 상임위원장을 둘러싼 내분 등 실소를 자아내게 하는 어처구니없는 일들이 반복됐다. 여권이 차려준 밥상을 제 발로 걷어찬 모양새다. ‘정치 혐오 유발 정당’ ‘갈라파고스 정당’이라는 비난을 자초한 것이다. 황 대표의 책임이 크다. 지난 2월 취임한 그의 임무는 당내 혁신과 보수통합이었다. 그러나 혁신은 ‘친황체제’ 구축으로 변질됐다. 황 대표 용퇴와 한국당 해체 후 재창당을 요구해 심기를 불편하게 만든 김세연 의원 솎아내기는 단적인 사례다. 친박 정당으로의 회귀 조짐도 여전하다. ‘빅텐트론’으로 통합을 도모하곤 있지만 가치와 대의가 빈약한 총선용 통합으로 비치고 있다. 요즘엔 느닷없이 투사로 나섰다. 삭발과 단식에 이어 길거리 정치에 몰두하고 있다. 대정부 투쟁을 독려함으로써 리더십 위기 극복과 개인 이미지 변신에는 어느 정도 성공했을 수 있다. 하지만 잃은 게 훨씬 많다. 무엇보다 문재인정부에 실망해 방황하는 중도층의 마음을 전혀 얻지 못하고 있다. 한국당 지지도가 계속 추락하고, 황 대표에 대한 비호감도가 늘어나고 있다는 사실들이 그 증거다. 여러 곳에서 누차 언급했지만 사즉생의 각오로 당의 노선과 체질 변화 그리고 과감한 인적 쇄신이 먼저다. 민생과 관련된 주요 정책에 대해선 국회에서 치열하게 논쟁해 합리적 대안을 제시하고 관철시키려는 자세가 옳다. 한국당 의원들의 책임도 작지 않다. 한국당과 우리 사회의 보수세력이야 어찌 되든 금배지만 달면 그만이라는 의원이 대부분이다. 자기희생은 없다. 남 탓만 난무한다. 초선 의원들도 마찬가지다. 지난달 초선 40여명이 당내 3선 이상 중진 용퇴와 지도부 및 잠룡들의 험지 출마를 요구했는데, 정작 책임지겠다는 초선은 한 명도 없다. 벌써 웰빙정당에 익숙해졌다는 의미다. 소신을 갖고 국민의 목소리를 대변한 금태섭 의원, 정치의 꼴이 한심하다면서 불출마를 선언한 이철희 의원 등 민주당 초선의 모습과 대비된다. 한국당에 ‘나부터 책임지겠다’는 의원이 전혀 없는 건 아니다. 양질의 정치인으로 분류되던 3선의 김세연, 김영우 의원이 있다. 그러나 당내에 메아리가 거의 없다. 지도부에서 초선 의원들까지 ‘그래, 너는 출마하지 마. 나는 출마해야겠어’라는 반응들이다. 위기의식은 없고, 천박한 이기심만 팽배해 있다. 김세연 김영우 의원의 말대로 새 술과 새 부대를 위해 한국당 구성원 모두가 기득권을 내려놓고, 국민의 공복으로 거듭나겠다는 비장한 결의를 다지고 조속히 실행에 옮겨야 할 때다. 그러지 않으면 총선 결과는 보나마나다. 유권자들 힘으로 해체될 수도 있다. 한데, 한국당에 ‘감동 있는 정치’를 기대할 수 있을까. 회의적이다. 아직도 국민들로부터 불신 받는 이유를 애써 외면하면서 ‘그래도 내년 총선에서 유권자들이 한국당을 완전히 버리지는 않을 거야’라는 착각에 빠져 있지 않은가. 적지 않은 유권자들은 이미 심정적으로 한국당에 사망 선고를 내렸다. 2020년 새해 총선 때 성난 민심이 가시화될 것이다. 한국당에 주어진 시간이 그리 많지 않다.편집인 jhkim@kmib.co.kr"
52,국민일보,“규제 강화로 서민 타격… 양도세 완화해야”,"부동산 전문가인 김준환 교수(서울디지털대학교 부동산학과)가 문재인 정부의 부동산 규제 방안에 대해 “정부는 고가주택 매입하는 이들에게 규제 강화하려 했으나 타격을 입은 이들은 무주택 혹은 1주택 이전 수요자들”이라고 지적했다. 김준환 교수는 17일 자유한국당 김현아·박성중 의원이 공동 주최한 ‘문재인 정부 부동산 정책 진단 토론회’에 주제발표자로 나서 “이번 문제인 정부의 부동산 정책에 대해 실패할 것을 단언하기 어렵지만, 개인적으로 기존 재고주택의 시장공급을 완전 차단했던 부분이 가격이 잡히지 않는 가장 큰 이유가 된 것으로 판단된다”며 이같이 말했다. 김 교수는 문재인 정부의 부동산정책을 ▲투기수요 억제 및 차단 ▲실수요자 및 서민주택공급 확대 ▲임대주책 공급확대 ▲신규주택 공급확대 등 네 가지로 분류하면서 “정부의 의도와 달리 규제를 확대하니 집값 뛰어오르는 현상 보였다”고 분석했다. 이어 “그동안 주택가격 변동 추이를 보면 규제를 하면 이상하게 집값이 오르고 완화하면 떨어지는 사이클 보인다”며 “지난 2008년부터 살펴보면 집값이 물가상승 대비 상승률이 더 높았다”고 덧붙였다. 김 교수는 또 보유세 및 양도세 강화로 인해 주택 수요자들의 움직임이 매매보다는 증여 다른 방향으로 선택하고 있다고 풀이했다. 이와 관련 그는 “보유세 강화로 높은 보유세 버티지 못하고 매각해 시장공급 증가를 노렸지만, 실제 보니 증여를 하거나 버티기를 한다. 근본적 이유는 종부세보다 주택가격의 상승분이 훨씬 많기 때문”이라고 설명했다. 그러면서 “실제 양도세와 보유세를 강화하니 반대로 수요자들은 증여하는 방법을 택했다. 재고주택 자체가 일반 거래시장에 나오는 것이 아닌 증여나 임대주택으로 등록해 시장공급이 차단됐다”며 “분양가 상한제나 재건축 규제로 인해 신규 주택 공급이 지연되고 있고, 결과적으로 기존 재고주택이 감소하는 추세”라고 지적했다. 김 교수는 정부의 대출규제 강화로 인해 오히려 중산층 이하 세대의 주택구입 자금조달이 어려워진 점도 언급했다. 그는 “정부의 대출규제가 오히려 자금 확보 여력을 차단시키면서 무주택자나 1주택자들의 내집 마련이 어렵게 됐다. 반면 고소득층은 주택 구입자금 조달에 상대적으로 영향이 적어 양극화가 심해졌다”고 비판했다.   아울러 “현재 정부는 향후 5~10년 이후 주택 공급 계획을 세우고 있다. 단기적 공급량 감소로 인해 오히려 고가주택 지역을 중심으로 한 소수 호가 거래가 가격을 주도하고 있는 상황”이라고 우려했다. 김 교수는 향후 정부 정책과 관련해서는 “현재 기존 주택 공급을 활성화시키고 양도세도 완화하는 방향으로 가야 한다”며 “대출 규제도 완화하면서 무주택(혹은 1주택자)들의 주택 마련을 위한 자금 조달도 용이하게 이뤄져야 한다”고 조언했다.유수환 쿠키뉴스 기자 shwan9@kukinews.com"
53,국민일보,“12·16 대책 매물증가 미미… 1주택자 자금경직 전망”,"자유한국당 김현아, 박성중 의원이 주최하고 쿠키뉴스가 주관한 ‘문재인 정부 부동산 정책 진단’ 토론회가 17일 오전 서울 국회의원회관 제2소회의실에서 개최했다. 박태현 쿠키뉴스 기자문재인 정부의 18번째 부동산 주요정책인 ‘12·16 대책’에 대한 부동산시장과 정치권, 전문가들의 반응은 부정적 의미로 뜨거웠다. 정부의 정책발표 다음날인 17일 김현아·박성중 자유한국당 의원이 국회 의원회관에서 공동 주최한 ‘문재인정부 부동산정책 진단토론회’는 현 정부의 크고 작은 부동산정책에 대한 핏발선 눈초리와 성토의 목소리로 가득했다. 우선 한국당 소속의원들은 ‘정책실패’라고 단언했다. 황교안 당대표는 “현 정부의 부동산 정책은 역대 최악이자 대실패 정책”이라며 “어느 것 하나 제대로 된 것이 없다”고 비난했다. 이어 ▲양질의 주택공급정책 ▲재건축·재개발 정상화 ▲청·장년 주거안정을 위한 대출규제 완화 및 세제지원 확대를 핵심으로 하는 대안을 내놓겠다고 약속했다. 조경태 최고위원도 “(대통령이) 거짓말을 했다”며 “실패를 시인하고 국민께 사과해야한다”고 질타했다.  공동주최자인 박성중 의원은 “한국당 정책을 지지하라는 것 아니다. 서민에게 낮은 가격에 주택을 공급하고, 가격급등의 여지 없애며, 시장이 활성화될 방안을 논의하자”고 제안했다. 김현아 의원도 부동산 전문가로서 “부동산가격은 상승세를 보이고 있으나 다른 실물경기는 최악이다. 제발 아무것도 하지 말라고 얘기하고 싶은 심정”이라며 “시장과 싸워 이길 수 없다. 지금이라도 시장흐름을 막지 말고 제대로 작동할 수 있도록 해야 한다”고 조언했다.  ◇전문가들, ‘우려’ 일색… 정부만 ‘해결’ 전망= 이날 토론회에 나선 부동산전문가들도 대체로 한국당의 주장과 제안에 공감하는 모습을 보였다. 기조강연에 나선 김준환 교수(서울디지털대 부동산학과)부터 현 정부의 부동산정책을 크게 ▲투기수요 억제 및 차단 ▲실수요자 및 서민주택공급 확대 ▲임대주택 공급확대 ▲신규주택 공급확대 4가지로 분류하며 “의도와 달리 집값이 오르는 기현상을 보였다”고 분석했다. 나아가 핵심문제를 규제정책으로 인한 ‘수도권 매물기근현상’으로 풀이한 후 ▲주택공급 활성화 ▲양도세 및 대출규제 완화를 촉구했다. 12·16대책과 관련해서는 고가주택을 매입하는 이들의 부담을 높이고 대출을 제한하는 등의 규제강화를 핵심으로 하지만, 정작 고소득층의 주택 구입자금 조달에 영향을 줘 시장에 풀리는 매물이 늘어나기 보다는 무주택 혹은 1주택 소유주들의 자금 확보 여력을 차단해 옥죌 것이라고 전망하며 개선이 필요하다는 입장을 피력했다.  김 교수의 견해에 좌장을 맡은 서진형 경인여자대학교 교수를 포함해 이은형 대한건설정책연구원 연구위원, 이수욱 국토연구원 본부장, 송승현 도시와경제 대표 등 토론자들은 모두 동의의 뜻을 표했다. 문재인 정부의 부동산 정책으로 시장이 불안정해지고 매물이 줄어들어 거래가 경직되며 가격이 상승하는 부정적 영향이 심각하다는 우려에서다.  그러나 정부의 입장은 조금 달랐다. 정부 관계자로 참여한 국토교통부 이명섭 주택정책과장은 대출규제 등으로 발생하는 기존주택의 매물기근 문제에 대해 세금 인상 등의 대책으로 매물이 늘어날 것이라고 전망했다. 특히 12·16대책의 핵심인 세금인상과 대출규제에 대해 “가급적이면 보유한 만큼 합당한 세금을 내는 게 맞지 않느냐 하는 것이며, 역대 정부에서도 보유세 강화는 이뤄져왔다”고 정부 부동산정책의 방향성과 당위성을 강조했다. 이 과장은 또 “본인의 자금만으로 구매가 어려운 사람에게 금융지원을 하는 것이 맞다. 무주택자나 1주택 실수요자에게 우선 지원해야한다. (다만) 자금지원이 좀 더 생산적인 방향으로 이동했으면 하는 차원에서 고민이 반영된 것”이라며 정부정책의 큰 줄기를 설명했다. 이어 “집은 없어선 안 되는 재화인 만큼 자기가 살 집이 아니라면, 한 사람이 집을 여러 채 보유하는 건 좋지 않다고 봤다. 또 무리하게 갭투자를 하지 말았으면 하는 게 정책 방향”이라고 부연했다. 토론회 청중들은 정부의 입장이 전해지자 비난의 목소리를 높였다. 심지어 3기 신도시 선정관련 1·2기 신도시 주민들의 반발이나, 한남 3구역 등 수도권 내 재개발·재건축 관련 논란 등의 당사자들은 “정부의 정책으로 서민들이 피해를 보고 있다”고 주장하며 대책마련을 촉구했다. 오준엽 쿠키뉴스 기자 oz@kukinews.com"
54,국민일보,부동산에 집중하는 박원순 “전세기간 최소 5년으로”,"박원순 서울시장. 연합뉴스박원순 서울시장이 “전세금 인상 상한률을 도입해야 한다”고 주장했다. 부동산 불로소득을 뿌리 뽑아야 한다는 취지다.박 시장은 20일 YTN 라디오 ‘노영희의 출발 새아침’ 전화인터뷰에서 “서울시가 권한을 갖는다면 계약갱신권을 청구해 기본 거주기간을 5년으로 정하고 임대료 인상 상한률도 검토하겠다”고 강조했다. 이어 “집값이 대폭 오른 독일 베를린의 경우 임대료를 5년 동안 동결한 것처럼 우리나라도 시민들의 주거권 안정을 꾀해야 한다”고 소리 높였다.다만 당장 전세 제도에 손댈 권한은 없다. 박 시장은 “대부분 부동산정책은 중앙정부가 권한을 가지고 있다”며 “임대차 권한만이라도 지방정부에서 맡아 부동산을 안정화할 수 있게 해달라”고 요구했다.박 시장은 “실제 임대료나 집값 상승 문제는 서울이나 지방정부가 잘 알고 있다”며 “2015년부터 국회에 부동산 권한을 지방정부에 위임해 달라고 요청하고 있다”고 말했다.정부의 고강도 부동산 규제 정책에 대해선 “변화가 있을 것이라 기대한다”며 “다만 이미 내성이 커져 있는 상황에서 일시적이고 사후적이고 파편적 방안이 될까 걱정도 된다”고 우려했다.이어 “고강도의 근본적이고 장기적이고 종합적인 대책을 총동원해 부동산 불로소득을 근절시켜야 한다”며 “공시가격을 현실화하고 보유세 강화해 세입이 늘어나면 국민 공유제를 도입해서 미래 세대가 살 수 있는 시스템을 만들어야 한다”고 역설했다.최근 박 시장은 부동산 강경 발언을 연이어 쏟아내고 있다. 부동산 국민 공유제 도입과 종합부동산세율 3배 인상, 토지공개념 구현 등을 강조했다.이어 황교안 자유한국당 대표의 부동산 정책 발언을 비판했다. 박 시장은 “황 대표의 인식은 과거 토건 시대에 머물러 있다. 공부 좀 하라고 말하고 싶다”며 날을 세웠다.황 대표는 지난 17일 국회에서 열린 부동산 정책 토론회에서 “한국당은 규제 일변도가 아니라 필요한 곳에 양질의 주택을 공급하고 재건축·재개발을 정상화하겠다”고 말했다.오주환 기자 johnny@kmib.co.kr"
55,국민일보,불평등 해소를 위한 부동산 정책 토론회 개최,박원순 서울시장이 17일 서울 여의도 국회 의원회관에서 열린 불평등 해소를 위한 부동산정책 개선방안 토론회에서 모두발언을 하고 있다.권현구기자 stoweon@kmib.co.kr
56,국민일보,서울시민 72% “2주택 보유세강화 찬성”,"연합뉴스서울시민 70% 이상이 1가구 2주택에 대한 보유세 강화에 찬성한다는 인식조사 결과가 나왔다. 60% 이상은 내년에 부동산 가격이 오르리라고 예상했다. 하락을 예상한 비율은 10% 미만이었다.서울시는 17일 이런 내용을 포함한 ‘부동산정책에 대한 서울시민 인식조사 결과’를 공개했다. ‘2020년도 부동산 가격 전망’을 묻는 말에 응답자의 12.7%가 ‘크게 오를 것’, 48.4%가 ‘약간 오를 것’이라고 답하는 등 61.1%가 오르리라는 예상을 내놨다. ‘유지될 것’은 19.9%, ‘약간 하락할 것’은 8.2%, ‘크게 하락할 것’은 1.3%에 그쳤다.‘1가구 2주택 보유자 과세 강화’에 관한 의견을 묻는 말에는 응답자의 37.8%가 ‘매우 동의’, 33.9%가 ‘동의하는 편’이라고 답하는 등 71.7%가 동의한다는 의견을 밝혔다. ‘동의하지 않는 편’은 16.2%, ‘전혀 동의하지 않음’은 10.0%에 불과했다.가장 타당한 중과세 방안으로는 ‘1가구 3주택 이상일 때’가 34.3%로 가장 많은 지지를 얻었고, ‘1주택이더라도 고가주택일 때’는 31.9%, ‘1가구 2주택 이상일 때’는 28.6%가 골랐다.고가주택 과세기준을 공시지가 9억원 이상으로 잡는 데 대해서는 ‘높다’는 의견이 41%, ‘낮다’는 의견이 44.1%로 팽팽했다.정부가 내놓은 ‘9·13 주택시장 안정대책’의 효과에 대해 ‘매우 도움이 된다’고 평가한 이는 3.9%, ‘도움이 되는 편’이라고 평가한 이는 27.6%로, 긍정적 평가는 31.5%에 그쳤다. 부정적 평가는 60.6%를 차지했으며, 이 중 ‘도움 되지 않은 편’이 34.8%포인트, ‘전혀 도움 되지 않았다’가 25.8%포인트였다.향후 집중해야 할 부동산정책으로는 보유세 등 세금 강화(20.1%), 재개발 등 민간주택 공급 확대(14.8%), 다주택자 금융규제 강화(14.2%), 공공주택 공급 확대(14.0%), 투기적 매매 처벌 강화(11.7%) 등이 많은 응답자의 지지를 받았다.이번 조사는 이달 10∼12일에 ㈜한국갤럽조사연구소가 만 19세 이상 서울시민 1003명을 대상으로 실시한 것이다. 접촉 방식은 무작위전화걸기(RDD) 전화 면접이었으며 유·무선 비율은 50대 50이었다. 표본추출은 성·나이·권역별 인구비례할당 방식으로 이뤄졌으며, 표본오차는 95% 신뢰수준에서 ±3.1%포인트다.강주화 기자 rula@kmib.co.kr"
57,국민일보,[한마당] 시장에 맞선 부동산정책,"경제 상황이 요즘처럼 안 좋을 때 경제관료들이 주목하는 게 건설 경기다. 과거에 여러 정부가 경기 부양을 노려 실효성이 떨어지는 사회간접자본(SOC) 건설에 대규모로 투자해 문제가 됐다. 하지만 불황기에 집값을 크게 올리지 않는 한도 내에서 부동산 규제를 풀어 주택 건설을 활성화하는 건 경제 원리에 맞는다. 주택 건설은 전후방 연관 효과가 크고 고용도 대규모로 늘릴 수 있기 때문이다.  그런데 이번 정부는 ‘독특’하다. 경기가 급전직하로 추락하는데도 주택 건설 경기를 꽁꽁 묶는 데 여념이 없다. 문재인정부는 부동산 대책을 17차례 내놓았는데 대부분이 대출 규제, 세금 중과(重課), 투기과열지구 지정 등 수요를 억제하려는 규제였다. 지금 서울 등 수도권 집값을 밀어올리고 있는 것은 새 아파트에 대한 수요다. 신규 택지가 없는 서울 시내에서 새 아파트를 늘리려면 재건축·재개발 활성화가 불가피하다. 그런데 정부는 지난달 인위적으로 분양가를 낮추는 분양가상한제를 민간 택지에도 확대했다. 그렇지 않아도 규제로 묶인 재건축·재개발사업에 대형 장애물을 또 설치한 것이다. 수요 규제와 공급 확대를 병행해야 한다는 지적은 소귀에 경 읽기다. 그런데도 서울 아파트값은 지난 7월 반등한 뒤 최근 24주 연속 상승세다. 상승 폭도 점차 커지고 있다. 전문가들은 분양가상한제가 관망하던 부동산 시장을 상승세로 전환시키는 데 핵심 역할을 했다고 본다. ‘아파트 공급 부족이 심각해질 수 있다’는 신호를 보냈다는 것이다. 정부는 16일 금융·세제 규제를 강화하고 분양가상한제를 대폭 확대하는 추가 대책을 내놨다. 의미는 분명하다. 아파트 공급을 늘려 시장에서 가격 조정이 일어나게 하는 게 아니라 초강력 규제로 가격을 잡겠다는 것이다. 가격, 시장과의 전쟁이다.  정부가 서울 시내 재건축 활성화 등을 통한 신축 아파트 공급에 이토록 부정적인 것은 다분히 정치적이다. 총선을 앞두고 지지자들로부터 ‘부자들이 불로소득을 챙기는 것을 정부가 방조했다’는 비판을 받을까 두려워하기 때문이다. 이러한 포퓰리즘 앞에 주택 건설 활성화가 재정 투입보다 더 효과적인 경기 부양책이라는 고언이 들릴 리 없다. 노무현정부는 집값과의 전쟁을 선포하며 종부세 폭탄까지 터뜨렸지만 집값 안정에 실패했다. 정부의 부동산 정책에서 갈수록 ‘노무현정부 데자뷔(기시감)’가 짙어지고 있다.배병우 논설위원"
58,국민일보,"[뉴스룸에서-모규엽] “바보야, 문제는 부동산이야”","지난주 평소 잘 아는 지인들과 저녁을 함께했다. 오래간만에 만나 많은 이야기를 나눴다. 세상 돌아가는 이야기, 가정사 등 많은 말들이 오갔다. 조국 전 법무부 장관, 국회 패스트트랙, 북한 이야기도 한 것 같다. 그런데 유독 부동산으로 화제를 옮기니 모두 흥분하기 시작했다. 한 지인은 5월에 6억원 하던 서울 강동구 변두리 아파트로 이사하지 못한 게 한이 된다고 했다. 그 지인 왈 당시 정부가 강력한 부동산 정책을 편다고 해서 조금 기다렸다. 그런데 집값이 심상치 않다고 해 어제 다시 그 아파트 가격을 알아봤더니 글쎄 9억원이 됐더란다. 7개월 만에 무려 3억원이 뛰었다는 것이다. 그 지인은 “처음에 그냥 눈 딱 감고 살 걸 괜히 정부 말 믿었다가 바보가 됐다”고 혀를 끌끌 찼다.  또 다른 지인은 “상대적 박탈감에 분노가 치민다”고 했다. 그 친구는 정확히 10년 전 서울을 떠나 경기도 동부 외곽지역으로 집을 사서 이사를 갔다. 이제 애도 컸고, 교육 문제도 있고 해서 집을 팔고 다시 ‘인서울’을 하기로 결심했다. 그런데 집값이 10년이 지났는데 오히려 1000만원이 떨어졌단다. 서울 아파트값은 하루가 멀다하고 억대로 뛰는데 본인은 오히려 마이너스가 된 게 너무 억울하다고 했다. 그는 “남들은 집 사서 그렇게 돈을 벌었는데 나는 한 번 이사를 잘못해서 망했다. 이제 내 생에서 다시 ‘인서울’은 힘들 것 같다”고 푸념했다.  지난주 경제정의실천시민연합(경실련)이 발표를 하나 했다. 대통령비서실 전·현직 공직자 65명이 보유한 아파트와 오피스텔의 시세 변화를 분석해보니 이들이 보유한 집값이 3년 새 1인당 평균 3억2000만원이 올랐다는 것이다. 재임 당시 부동산정책을 주도한 김수현 전 청와대 정책실장의 경기도 과천 별양동 소재 주공아파트는 재건축 사업으로 3년 만에 10억4000만원이 뛰었다. “내가 강남 살아보니 모든 국민이 강남에 살 이유가 없다”는 발언으로 유명한 장하성 전 정책실장의 서울 송파구 아시아선수촌 아파트 한 채 값은 10억7000만원 올랐다. 시민들에게는 억장이 무너지는 소식이다. 물론 이에 대해 청와대 관계자는 “소수의 사례를 일반화하지 않았으면 한다”고 항변했다. 하지만 주요 공직자들이 이런 막대한 부를 쌓았다는 사실은 일반 서민들에게 상대적 박탈감을 주기 충분하다.  최근 미디어에선 패스트트랙 충돌, 유재수 전 부산시 경제부시장 비리 감찰 무마 의혹, 청와대 울산시장 선거 개입 의혹 등이 연일 오르내리고 있다. 청와대와 정치권도 이런 이슈에만 온 힘을 쏟는 것처럼 보인다. 그런데 정작 일반 시민들은 이런 이슈에 별 감흥이 없다.  문재인정부는 참여정부를 반면교사 삼았으면 한다. 노무현 전 대통령의 지지율을 깎아 먹은 것은 거창한 주요 정치적 이슈가 아닌 ‘부동산’이었다. 실제 2006년 5월 47%였던 노 전 대통령의 국정 지지율은 부동산 값이 폭등했던 11월 말 17%까지 떨어졌다. 당시 청와대 고위 관계자가 “지금 집 사면 패가망신할 것”이라고 경고할 정도로 막아봤지만 백약이 무효였다. 국민들이 ‘집값을 잡겠다’는 정부의 진정성을 믿지 않았기 때문이었다. 그해 기준으로 정부 고위 공직자의 50.9%가 강남권에 부동산을 보유했다는 사실은 서민들의 불난 가슴에 기름을 끼얹었다. 결국 집값은 계속 폭등했고, 노 전 대통령은 임기 말 5%대 지지율을 기록하며 참담한 실패를 맛봤다.  따라서 문 대통령께 고언을 하나 드린다. 강남에 집을 가지고 있는 청와대 전·현직 비서관들에게 집을 팔도록 권유 좀 해주십사 하는 것이다. 그러면 일반 국민들이 집값을 잡겠다는 정부의 진정성을 조금이라도 믿을 수 있을 것 같다. 특히 장 전 실장에게 집을 처분하도록 설득해 주셨으면 한다. 들리는 말에 의하면 상당한 재력가인 그는 주중대사로 부임한 뒤 살던 아파트를 전세 주지 않고 그냥 놀린다고 한다. 정작 장 전 실장이야말로 지금은 ‘강남에 살’ 이유가 없지 않은가.모규엽 사회부 차장 hirte@kmib.co.kr"
59,국민일보,장하성·김수현·여현호 아파트 10억 넘게 올랐다… “집값 잡겠다”던 靑비서진 부동산 대박,"청와대 참모들이 보유한 아파트와 오피스텔 등 부동산 가격이 2년여간 평균 40% 오른 것으로 나타났다. 2017년 5월 정부 출범 이후 올해 분양가상한제 시행까지 10차례 넘는 부동산 규제 정책을 쏟아냈음에도 가격 상승세를 잡지 못한 것이다. 문재인 대통령이 최근 국민과의 대화에서 “부동산 문제는 자신 있다”고 공언했음에도 정작 청와대 공직자들의 부동산 가격이 큰 폭 상승한 것으로 나타나 정책을 신뢰할 수 없다는 비판이 제기된다. 경제정의실천시민연합(경실련)은 11일 대통령비서실 전현직 공직자 65명이 보유한 아파트와 오피스텔의 시세 변화를 공개했다. 경실련은 공직자윤리법에 따라 재산 공개가 의무화된 1급 76명 가운데 아파트와 오피스텔 보유 현황을 신고한 사람들을 대상으로 조사했다. 이들 65명이 보유한 부동산은 지난달 기준 743억원으로, 1인당 11억4000만원으로 집계됐다. 정부 출범 후 지난달까지 1인당 평균 3억2000만원이 올랐다. 그중에서도 정부의 경제정책을 총괄하는 청와대 정책실장이 보유한 부동산의 가격 상승 폭이 컸다. 재임 당시 부동산정책을 주도한 것으로 평가받는 김수현 전 청와대 정책실장의 경기도 과천 별양동 소재 주공아파트는 재건축 사업으로 2017년 9억원에서 지난달 19억4000만원으로 증가해 3년 만에 2배로 뛰었다. 장하성 전 정책실장은 서울 송파구 아시아선수촌 아파트 한 채 값이 10억7000만원 올라 28억5000만원이다. 김상조 정책실장의 서울 강남구 청담동 아파트 값은 4억4000만원 상승해 15억9000만원이다. 부동산 자산이 가장 많은 이는 주현 전 중소벤처비서관으로 약 3년간 13억8000만원이 증가했다. 여현호 국정홍보비서관은 경기도 과천 부림동 재건축 아파트와 서울 마포구 공덕동 아파트 두 채 가격이 11억3000만원 올랐다. 조사에 포함되지는 않았지만 김의겸 전 청와대 대변인은 논란이 된 서울 동작구 상가주택을 최근 34억5000만원에 매각, 1년 만에 시세차익 8억8000만원이 발생한 것으로 조사됐다.  경실련은 이들이 보유한 아파트 12건 공시지가의 시세반영률이 39%에 불과했다고 밝혔다. 공시지가가 시세를 제대로 반영 못하고, 이에 따라 세금도 낮게 책정되고 있다는 얘기다. 국토교통부가 지난 5일 발표했던 표준지 공시지가 시세반영률은 64.8%였다. 경실련은 이날 기자회견을 열어 “문재인정부 30개월 중 26개월 동안 집값이 상승했다”며 “소득주도 성장이 아닌 불로소득이 주도하는 성장만 나타나고 있다”고 지적했다.  청와대는 경실련 발표에 공식 입장을 내지 않았다. 대신 청와대 관계자는 기자들과 만나 “참모 가운데 재산이 는 사람도 있고 줄어든 사람도 있다”며 “소수의 사례를 일반화하지 않았으면 한다”고 말했다.조효석 임성수 기자 promene@kmib.co.kr"
