,Press,Title,Text
0,국민일보,‘불통 대통령’ 맹공한 野…“성 쌓는 자 망하리라”,"주호영 국민의힘 원내대표가 지난 4일 국회에서 기자간담회를 하고 있는 모습. 공동취재단 야당은 11일 북한 열병식과 관련해 “문재인정부가 한반도 평화를 위협하는 도전장을 받은 것”이라며 종전선언을 추진 중인 문재인 대통령의 입장 표명을 요구했다. 또 지난 9일 서울 광화문 일대에 설치된 경찰 차벽을 거론하며 “불통의 성벽을 쌓아 올리고 있다”고 비판했다.주호영 국민의힘 원내대표는 페이스북을 통해 지난 9일 한글날 광화문 일대에 설치된 경찰 차벽을 ‘재인산성’이라고 칭한 뒤 “문재인정권을 지켜주는 방화벽이 될 수 있겠나”라고 지적했다.이어 “집회와 시위의 자유를 위해 감옥행을 선택했던 사람들이 코로나 방역을 구실로 집회와 시위의 자유를 압살하고 있다”면서 “이 정권 사람들은 더욱더 높이 불통의 성벽을 쌓아 올리고 있다”고 주장했다. ‘성을 쌓는 자는 망하리라’라는 칭기즈칸의 말을 인용하기도 했다.주 원내대표는 “대통령은 매주 수석보좌관과 장관들을 앞에 앉혀놓고 A4용지에 적어온 글을 읽어 내린다. 이건 부하들에 대한 업무 지시이지 국민과의 소통이 아니다”라며 “문 대통령이 청와대 출입 기자들 앞에서 국민들을 향해 국정 현안에 대해 보고한 적이 언제였나. 기억이 가물가물하다”고 했다. 그러면서 “‘재인산성’이 대통령 스스로 유폐하는 장벽이 되지 않기를 바란다”고도 했다.국민의힘은 우리 공무원 피격 사건 이후에도 종전선언을 추진하는 정부를 비판했다. 김정은 북한 국무위원장이 노동당 통일전선부 명의 전통문을 통해 “대단히 미안하다”고 남측에 밝혔지만 그것만으로는 종전선언 추진 명분이 떨어진다는 지적이다.김은혜 국민의힘 대변인은 북한 열병식을 거론하며 “문재인 정부는 우리 국민을 지키지 못했다. 그리고 한 새벽 우리 국민의 안전을, 이 나라의 안보를, 한반도의 평화를 위협하는 도전장을 받았다”면서 “대한민국 대통령은 분명한 입장을 밝혀야 한다”고 말했다.안철수 국민의당 대표는 이날 공무원 피살 사건을 거론한 뒤 “사건 발생 시점부터 의혹투성이 행보에 대한 해명과 함께 향후 이 문제를 어떻게 풀어나갈 것인지, 우리 국민의 생명과 안전을 어떻게 지켜낼 것인지에 대한 대통령의 ‘대국민 담화’를 촉구한다”고 밝혔다.또 “월북 프레임이나 뒤집어씌워 북한의 만행을 물타기 하려는 기괴한 수법을 보면 이 정부가 어느 나라 정부인지 의심케 한다”며 “문 대통령은 북한조차 평가절하하는 종전선언을 독백처럼 계속 국제사회에 외치고 있다”고 주장했다.김경택 기자 ptyx@kmib.co.kr"
1,국민일보,"“의대생들, 기회 주면 사과 이상도 할 거다”","의대 정원 확대에 반발하는 전공의와 의대생들이 8월 서울 여의도에서 집회를 열었다. 전국 전공의 1만6000명 중 70%가 이날 오전 7시부터 24시간 동안 업무를 중단하는 단체행동에 참여했다. 국민일보DB김영훈 고려대학교 의료원 원장이 일부 의대생들이 대학병원장들의 사과를 탐탁지 않게 여기는 상황에 대해 “기회가 주어지면 사과 내지는 감사의 인사를 할 것”이라고 말했다.김 원장은 9일 CBS ‘김현정의 뉴스쇼’에 출연해 일부 의대생들이 대학병원장들의 사과를 탐탁지 않게 여기는 상황에 대해 “전공의들은 다 복귀했고 병원은 정상화되고 있다. 그런데 마지막 관문을 넘어야 할 의과대학생들만 남았다”며 “집단 파업한 결과를 ‘받아들일 만하냐. 믿을 만하냐’는 논의를 한다고 학생들이 (국가고시에 응시할) 기회를 놓쳐버렸던 거다. 그런 게 너무 안타깝다”며 감쌌다.진행자가 이 답변에 “전공의나 의협 등이 합의한 이후에도 의대생들이 시험 거부를 유지했다면 그 뜻대로 가야 하는 거 아니냐고 이야기하는 분들이 있다”고 말했다. 이에 김 원장은 “의대생들이 현실을 인식하면서 ‘우리가 코로나 위기에 의료 공백이 발생하니까 시험을 치겠다’는 의지를 밝힌 거다”라며 “의료계에서 의견을 잘 모으고 시기를 놓치지 않도록 하는 역할을 못한 선배들의 잘못이다. 학생들은 피해자”라고 반박했다.‘의대생들이 국민에게 사과할 계획은 없다고 하나. 대화를 나눠봤나’라는 질문에는 “학생들도 ‘기회를 받을 수 있을까’라며 굉장히 난감해하고 있다”며 “기회가 주어진다면 사과 내지는 감사의 인사를 할 거라고 본다”고 말했다.이에 진행자가 “‘기회가 주어진다면’의 선후가 어떻게 되나”라고 묻자 김 원장은 “국민의 공감이 있어야 한다. 국민이 의료계 전체가 당장 어려움을 겪을 수 있다는 인식을 같이 해주신다면 학생들이 사과 이상의 어떤 것도 한다고 본다”고 주장했다. “형평성과 공정성의 문제에 걸리기 때문에 더한 액션이 나와야 하지 않냐는 국민의 요청이 있는 것 같다. (의대생들이) 그걸 할 용의가 충분히 있다고 보냐”는 질문에는 “있다고 본다”고 답했다.김영훈 고려대학교 의료원장을 비롯한 대학병원장들이 8일 서울 종로구 정부서울청사에서 '코로나19 위기상황에서 의대생들의 국가고시 미응시 문제'관련 사과성명을 발표하기 앞서 고개를 숙여 인사하고 있다. 사진 왼쪽부터 윤동섭 연세대의료원장, 김연수 서울대학병원장, 김영모 인하대의료원장, 김영훈 고려대학교 의료원장. 권현구 기자“의대생 몇 명의 사과만으로 (국시 재시험 기회 부여에 대한) 국민 수용성이 높아질 것 같지는 않다”는 박능후 보건복지부 장관의 주장에 대해서는 ‘의료공백’ 논리를 펼쳤다. 김 원장은 “충분히 (박 장관의 주장을) 이해한다”면서도 “이탈리아는 코로나 방역을 위해 의대생들을 바로 현장에 투입하는 결정을 했다. 많은 영연방 나라들은 의과대학 졸업하면 의사면허 없이 (현장에) 간다. 심각한 상황에 대한 인식이 있는 것”이라고 말했다.그러면서 “개인의 문제를 떠나서 (국시 재응시 거부가) 미칠 파급효과를 고려해 달라”며 “내년에 2차, 3차 (코로나) 파도가 올 가능성이 있는데, 대비해야 하지 않겠냐라는 현실 인식을 지키고 싶다”고 말했다.김 원장은 의료공백 상황을 구체적으로 예측하기도 했다. 그는 “2700명이 시험을 치지 않으면 공중보건의(공보의) 750명, 군의관 750명, 약 1500명 의사 배출이 안 된다”며 “병원에서 핵심적인 역할을 하는 인턴도 1500명 (빠진다). 상상하기조차 힘든 아주 심각한 의료공백이 오는 거다”라고 주장했다.김 원장은 이어 “선배 의사들이 조금씩 나눠서 (인턴이 빠진 곳에) 역할을 하면 일시적으로 부담을 덜 수는 있을 것이다. 하지만 인턴은 의료 현장에서 전문적인 트레이닝을 받아야 할 기본적인 인력”이라며 “(국시 재응시 허용이 안 되면) 그다음 인력 수련 단계에도 심각한 영향”이라고 말했다.김 원장은 의사 부담 가중으로 인한 기피과 인력 공백 현상을 예측하기도 했다. 그는 “심각한 중증환자를 다루는 과들은 인턴이 빠지면 레지던트만으로는 어렵다. 그러면 ‘내년에 내 시간을 가질 수 있는 과로 바꾸겠다’는 마음으로 휴직을 할 수도 있다”며 “이런 현상이 도미노로 생길 가능성이 매우 크다”고 말했다. 공보의·군의관 인력 수급 문제도 지적했다.박준규 객원기자"
2,국민일보,병원장들 ‘국시거부’ 대리사과에도…정부 “어려운 문제” 난색,"의과대학 본과 4학년 학생의 의사 국가시험 응시 문제를 해결하기 위해 주요 대학병원장들이 머리를 숙였다. 정부가 국시 재응시를 위해 ‘국민 정서의 용인’이 필요하다고 강조한 만큼 대국민 사과를 통해 상황을 풀어나가겠다는 의도로 해석된다. 하지만 정부는 ‘추가 시험 불가’라는 기존 입장을 고수했다.김영훈 고려대학교의료원장은 8일 정부서울청사 본관 브리핑룸에서 ‘국민 여러분께 드리는 말씀’을 통해 “신종 코로나바이러스감염증(코로나19)으로 인해 매우 힘든 시기에 의대생들의 국가시험 문제로 국민께 심려를 끼쳐드려 송구하다”고 밝혔다.그는 신규 의사가 배출되지 못할 경우 심각한 의료공백이 우려된다며 사실상 의대생들의 국시 재허용 기회를 달라고 요청했다.김 의료원장은 “코로나19 팬데믹이 언제 종식될지 모르는 엄중한 시점에서 당장 2700여명의 의사가 배출되지 못하는 상황은 상상하기조차 싫은 심각한 의료공백”이라며 “의료의 질 저하가 심히 우려된다”고 말했다.그러면서 “국민건강을 책임지고 있는 의료인으로서 또 선배로서 지금도 환자 곁을 지키고 코로나 방역에 최선을 다하고 있지만 국민의 마음을 사지 못한 점을 깊이 반성하고 있다”며 “질책은 선배들에게 해 달라”고 말했다.그는 “6년 이상 학업에 전념하고 잘 준비한 의대생들이 미래 의사로서 태어나 국민 곁을 지킬 수 있도록 국가시험 기회를 허락해 주시기를 간절히 바란다”며 “국민 여러분께 간곡히 호소한다”고 덧붙였다.이날 국감 증인으로 출석한 정영호 대한병원협회장도 “국민께 죄송하다”며 “반성과 용서를 구하는 심정으로 재응시 기회를 간곡히 요청드린다”고 호소했다.이에 대해 박능후 보건복지부 장관은 8일 국회 보건복지위원회의 복지부 국정감사에서 관련 질으에 “국민의 양해가 필요하다고 생각한다”며 난색을 보였다.박 장관은 “이 문제는 의료계와 정부가 한 몸으로, 국민과의 관계라고 생각한다”며 “정부가 1년에 수백개씩 치르고 있는 국가시험 중 어느 한 시험만 예외적으로, 그것도 사유가 응시자의 요구에 의해 거부된 뒤 재응시한다는 것은 정말 어려운 문제”라고 밝혔다.김준엽 기자 snoopy@kmib.co.kr▶의료원장은 사과, 의대생 커뮤니티선 “우리가 뭘 잘못했냐”"
3,국민일보,김근식 “재인산성·요트여행 동시 옹호는 이중잣대”,"김근식 경남대 교수. 뉴시스국민의힘 서울 송파병 당협위원장인 김근식 경남대 교수가 개천절 광화문 차벽 설치와 강경화 외교부 장관의 배우자 이일병 연세대 명예교수의 미국 여행을 동시에 옹호하는 일부의 시각을 꼬집었다.개인의 자유를 제한해야 할지, 보장해야 할지 문제를 두고서 정권 차원의 정치적 유·불리에 따라 일관성 없이 이중 잣대를 들이대고 있다는 것이다.김 교수는 6일 페이스북에 “개인의 사생활은 반드시 보장되고 존중돼야 합니다. 공동체를 위해 개인의 희생을 당연시해서는 안 된다”며 “장관 배우자의 요트 쇼핑 여행을 비판하는 것이 개인의 자유를 억압하는 차원이어서는 안 된다”고 주장했다.김 교수는 이어 “국민들이 화가 나는 것은 딱 한 가지”라며 “공동체를 내세워 개인의 기본권까지 제한하면서 정작 장관 배우자는 개인의 자유를 내세워 요트 쇼핑을 가는 저들의 이중적 태도에 화가 나는 것”이라고 강조했다.김 교수는 개천절인 지난 3일 보수단체 집회를 막기 위해 경찰 차벽을 설치했던 일을 언급하며 “코로나 방역이 국민의 집회·시위의 자유까지 원천 봉쇄하는 도깨비 방망이라면서, 정작 장관 배우자는 여행자제 권고를 위반하는 저들의 이중적 태도에 화가 나는 것”이라고 재차 강조했다.그러면서 “재인산성을 옹호하는 사람들이 장관 배우자의 요트 여행을 옹호하는 자기모순에 화가 나는 것이다. 이 정권의 가장 나쁜 점, 이중 잣대와 내로남불”이라고 지적했다.김 교수는 여권이 민경욱 전 미래통합당(현 국민의힘) 의원의 미국행을 비판하는 데 대해서는 “누가봐도 명백한 잘못이 드러나면 ‘나만 그랬냐? 너희도 마찬가지’라는 물타기 공격을 한다”면서 “민 전 의원을 공격하면 이 교수의 미국행이 문제가 없게 되느냐, 참 한심한 공격”이라고 말했다.조성은 기자 jse130801@kmib.co.kr"
4,국민일보,강경화가 흔든 ‘K-방역’…남편 옹호 발언에 ‘강로남불’ 비난,"강경화 외교부 장관이 5일 오후 서울 외교부 청사를 나서고 있다. 연합뉴스강경화 외교부 장관의 ‘남편 사생활 옹호’ 발언이 논란을 키우고 있다. 국민 사생활을 일부 제한하는 ‘K-방역’을 해외에 홍보하던 고위 공직자가 정작 자신의 가족에 대해선 이와 배치되는 ‘사생활 보호’를 요구한 것 아니냐는 비판 목소리도 커진다. 정치권 안팎에선 강 장관의 퇴진을 요구하는 목소리가 나왔다.강 장관은 5일 외교부 청사에서 남편인 이일병 연세대 명예교수의 미국행에 대한 논란에대해 “이 교수도 굉장히 당황하고 있다. 송구스럽다는 말씀을 거듭 드린다”고 말했다. 강 장관은 이날 외부 노출을 최소화하면서 일정을 소화했다. 강 장관은 전날엔 “귀국하라고 말하기 어려운 상황”이라며 남편의 사생활 영역이란 취지로 답했다.외교 수장인 강 장관은 해외 각국에 K-방역을 알리는 역할을 해왔다. 정부는 현재 ‘검사(Test)-추적(Trace)-치료(Treat)’ 등 ‘3T’를 골자로 한 ‘K-방역모델’의 국제표준화를 추진 중인데, 이 중 역학·추적과 격리·치료가 국민의 사생활을 일정 부분 제한하는 형태다.정부가 공개한 역학·추적 단계의 국제표준화 분야를 보면 해외 입국자에게 모바일 자가진단 앱을 설치하도록 해 자신의 격리 상황을 실시간 보고하게끔 하고, 확진자의 동선 추적을 위한 역학조사 지원시스템을 표준화하게 돼 있다. 이 부분이 개인 사생활 침해와 맞닿아있어 정부는 ‘개인정보 보호 방법의 표준화’도 함께 추진한다는 내용을 담았다. 집합제한 및 영업중단 등 사회적 거리두기도 격리·치료 단계의 표준화 추진 항목이다.강 장관은 그동안 K-방역이 사생활을 침해할 수 있다는 지적을 적극 반박해왔다. 지난 5월 독일 공영방송 도이체벨레 인터뷰에선 “사생활은 매우 중요한 인권이지만 절대적 권리는 아니다”며 “우린 이런 권리(사생활 보호)가 제한돼야 하는 지점을 분명하게 명시한 매우 강력한 법적 체제를 구축하고 있다”고 했다. 미국 abc방송 인터뷰에서도 비슷한 취지로 발언했다.일각에서 “개인의 사생활인데 굳이 이런 것까지 따져야 하느냐”(진중권 전 동양대 교수)는 발언도 나왔지만 방역 협력을 위해 사생활 침해를 감수하는 국민 정서를 건드렸다는 점에서 비난이 끊이지 않고 있다. 외교부 홈페이지엔 “국민이 사기당한 기분이다. 국민은 명절에도 국가 시책에 동참하는데 이게 지금의 고위공직자들이냐” “집안도 살피지 못하면서 무슨 외교를 하겠다는 건지. 강 장관은 그만 물러나라”는 글이 올라왔다.야당은 ‘강로남불’이라고 비판했다. 외교부 1차관 출신인 조태용 국민의힘 의원은 국민일보 통화에서 이 교수의 출국에 대해 “한심한 처사”라고 지적했다. 조 의원은 “공직자의 배우자는 준공직자로서 공직자에게 적용되는 윤리적 기준을 동일하게 지키는 게 국민 눈높이에 맞는 것”이라며 “이 교수가 일정을 축소해 일단 돌아와야 한다”고 촉구했다. 김기현 의원도 “긴급한 일이 아니고 요트를 사기 위해 가는데 남편 일을 개인 문제라고 넘어가면 이중잣대”라고 비판했다.더불어민주당 역시 전반적으로 이번 일에 대해 호의적이진 않다. 김남국 의원은 “개인의 일탈적 행동은 매우 부적절한 것”이라고 비판했다. 다만 박범계 의원은 “국민 눈높이에서 비판받아 마땅하다”면서도 “장관에게 이를 연결해 책임을 묻는 것은 반대한다”고 했다.김영선 이상헌 기자 ys8584@kmib.co.kr"
5,국민일보,하태경 “北 조직적 코로나 학살…유엔 직접 조사하라”,"국민의힘 하태경 의원하태경 국민의힘 의원이 “유엔이 직접 이번 해양수산부 공무원 총살을 포함한 북한의 신종 코로나바이러스감염증(코로나19) 학살을 조사해 그 진상을 낱낱이 밝히고, 그 가해자들을 국제 정의의 심판대에 세워야 한다”고 목소리를 높였다.하 의원은 5일 자신의 페이스북 페이지에 ‘북한의 코로나 집단 학살, 유엔이 직접 조사하라’는 제목의 글을 올렸다.그는 “북한이 시신 소각을 공식 부인하고 있지만 방역 지침을 거론하며 부유물을 소각했다는 것은 인정하고 있다”며 “코로나 방역 지침에 총살과 소각 규정을 두고 있음이 분명하다”고 주장했다.하태경 페이스북 캡처이어 “북한이 코로나 방역을 이유로 국경 침입자 무조건 사살 지시를 내린 건 한미정보당국의 일치된 견해”라며 “국방부도 북중 국경 지역에서 코로나 총살이 자행된 적이 있다는 보고를 한 바 있다”고 말했다.그러면서 “북한의 코로나 처형자가 올봄에만 700명 이상 된다는 보도가 있었다”며 “코로나를 이유로 사람을 총살하고 불태우는 나라는 전 세계에서 북한이 유일하다. 국가에서 자행되는 조직적 범죄”라고 꼬집었다.하 의원은 “유엔이 나서 직접 이번 해수부 공무원 총살을 포함한 북한의 코로나 학살을 조사해 진상을 밝혀야 한다”며 “한국 정부도 유엔이 코로나 학살 조사에 나설 수 있도록 외교력을 집중해야 한다”고 강조했다.이홍근 객원기자"
6,국민일보,현실화 되는 위드 코로나… ‘방역+돌봄’ 함께 가는 길 찾아라 [이슈&탐사],"“모두가 처음 겪는 일이다 보니 비대면 사회에서의 사회안전망에 대해 개인도 국가도 준비가 안 된 상황이었다. 하지만 어쩔 수 없었다는 말만 하기에는 벌써 시간이 7~8개월이나 지났다. 언택트 사회에서의 안전한 돌봄에 대해 사회가 너무 손 놓고 있지 않나 하는 생각이 든다.”석재은 한림대 사회복지학부 교수가 진단한 전염병 시대 위기·취약계층 돌봄 상황이다. 국민일보는 ‘코로나 블루, 또 다른 재난’ 시리즈를 통해 위기·취약계층이 처한 현재 상황을 살펴봤다. 석 교수의 말처럼 신종 코로나바이러스감염증(코로나19) 사태가 장기화하는 동안 공공 돌봄에서 방치된 위기·취약계층들은 또 다른 재난에 휩쓸리고 있었다.자살 관련 각종 데이터는 크게 악화됐다(국민일보 9월 8·21·28일자 1면 등 참조). 폐업 및 파산과 그에 따른 실직의 증가, 사회적 거리두기 등으로 인한 관계망 약화 등 문제는 위기·취약계층을 중심으로 한 자살 고위험군 확대 결과로 이어지고 있었다. 방역을 우선한 비대면 정책은 이를 해결할 사회적 돌봄 시스템마저 헐겁게 만들었다. 전문가들은 일상이 된 코로나 상황, 이른바 ‘위드 코로나’ 상황을 가정한 안전한 돌봄 방안 마련이 시급하다고 4일 제언했다.방역 우선 탓에 생긴 구멍“이곳은 사실상 업무 마비 상황입니다.” 취약계층을 위한 복지행정 최전선인 서울의 한 동주민센터 관계자 말이다. 이 관계자는 코로나19가 확산할수록 취약계층 발굴이 되레 어려워지는 모순적인 상황을 지난 7개월간 겪었다고 했다. 코로나19 대응책이 주로 동주민센터를 중심으로 하달되다 보니 발생한 문제다. 주민센터는 재난 긴급생활비 신청 및 지급 기간에는 관련 업무 폭주로 취약계층 돌봄 사업을 할 수가 없었다고 했다. 다른 주민센터 관계자도 “모든 직원이 주말에도 나와 밤 11시까지 일을 했다. 방역 지침상 대면 업무를 하지 못하다 보니 업무 강도는 두 배로 늘었고, 서비스를 받는 복지 대상자는 줄었다”고 했다.서울의 한 동주민센터는 3월부터 기초생활보장 수급자 등 취약계층 가정 방문을 중단했다. 코로나19가 확산되기 전에도 3개월에 1번꼴로 겨우 현장 방문할 수 있을 정도로 본래 인원이 부족했는데, 이마저도 못하게 됐다. 전화 상담으로 공백을 메우고 있지만 한계는 분명했다.복지관도 상황은 마찬가지다. 전염병 사태 초기에는 조금만 버티면 된다는 생각에 휴관했었는데, 돌봄 공백으로 인한 위기 상황을 토로하는 취약계층이 급증했다. 방역을 위한 비대면 정책 공문이 내려와 온라인 위주로 프로그램을 변경하고 있지만 이 역시 구멍은 많았다. 서울 서부장애인종합복지관의 유정경 맞춤형지원팀장은 “수업 교재와 물품을 전달하고 프로그램 자체는 온라인으로 진행하고 있다. 요리 키트를 보낸 뒤 온라인 요리 수업을 진행하는 데 장애가 있는 분들은 영상을 따라가기 어렵다”고 했다. 또 인력이나 예산 등 문제로 촬영, 편집 등 작업을 사회복지사들이 대응하느라 업무 강도는 강화됐다.취약계층의 온라인 접근성도 문제였다. 저소득층에는 통신료가 부담되고 장애인·노인들은 기기들을 제대로 다루기 쉽지 않다. 복지관에서 취약계층 맞춤형 동영상을 제작해야 하는데, 설비도 인력도 모자란다. 유 팀장은 “기기를 다루는 방법을 가르치려 해도 이를 모여서 할 수 없는 상황”이라고 말했다.임기응변식 현장 대응은 한계세화종합사회복지관은 인천 연수구의 임대아파트 단지에 위치하고 있다. 단지 1곳만 1600세대인데, 이 가운데 1000세대가 기초생활수급자다. 장애인은 500세대 정도라고 한다. 이곳 역시 전염병 사태 초기 휴관으로 인한 돌봄 공백이 발생했다.코로나19 상황이 장기화되자 ‘마냥 손 놓고 있을 수 없다’는 위기감이 싹텄다. 김용길 세화종합사회복지관장은 “자치구에서 명확한 지침이 내려오지 않았다. 우리가 역으로 ‘지침을 좀 달라’고 했을 정도였다”며 “더는 막연하게 휴관만 하고 기다릴 수는 없겠다고 생각했다”고 말했다.세화복지관은 전 직원을 동원해 하루에 50가구씩 안부 전화를 돌려 심리 상담을 시작했다. 전화로는 답답함이 해결되지 않는 이들을 따로 추렸고, 간식을 싸들고 가 1대 1로 마을 산책을 했다. 음식, 생필품 또는 방역 물품을 포장해 배달하고 심리적 안정을 위해 식물을 키울 수 있도록 제작된 키트를 전달하기도 했다. 집단으로 진행되는 프로그램이 중단돼 기존 사업계획서에 없던 프로그램을 급조한 것이다.다른 복지현장도 ‘각개 전투’를 해왔다. 백명희 서울시복지재단 지역공동체팀장은 “혼란스러운 상황에서 명확한 가이드라인이 없다 보니 각자 도생하는 상황이었던 것”이라며 “적극적으로 할 일을 찾아 나서는 곳이 있는가 하면 최소한의 돌봄만 진행하는 곳도 있고 대응 방식이 다 달랐다”고 설명했다. 백 팀장은 “정부나 공공에는 ‘만나서 문제될 바에는 안 만나는 게 낫지 않겠냐’는 입장인데 현장에서는 그러다 일이 생길까 하는 두려움이 크다”고 말했다.소규모 맞춤형 프로그램을 진행하는 곳에서는 인력의 문제가 발생했다. 복지사들이 복지관에서 10명을 모아놓고 한 번에 제공했던 프로그램을 2명씩 5차례 나눠서 해야 하기 때문이다. 백 팀장은 “복지 서비스가 개별화되고 소규모 형태로 이뤄질 수밖에 없는데, 이 과정에서 누락되는 분들이 있지 않을까 하는 염려가 있다”고 말했다.우수명 대림대 사회복지과 교수는 “기관마다 편차는 있지만 발 빠르게 전화, 화상, SNS를 활용하거나 외부활동에 인원 제한을 둬서 프로그램을 진행하는 곳도 있다. 하지만 복지사들이 감염 위험을 무릅쓰고 대면 서비스를 강행하고 있는 것”이라고 전했다.돌봄의 본질은 바뀌지 않는다현재의 비대면 정책은 돌봄이 시급한 위기·취약계층 상황을 제대로 챙기지 못하고 있다는 게 전문가들 지적이다. 이동석 대구대 사회복지학과 교수는 “언택트 환경을 만들기 위해 복지관을 휴관하는 건 본말이 전도된 것”이라며 “취약계층에겐 서비스가 사라지면 당장은 아니더라도 죽음에 준하는 고통이 온다. 복지를 이어나가며 언택트 환경을 구축할 방안을 고민하는 게 우선”이라고 강조했다. 석 교수 역시 “방역 대책을 마련해서 장애인, 노인, 아동 등을 안전하게 돌볼 방법을 마련해야 했다”며 “복지 제공자 입장이 아닌 당사자 입장에서 문제의식을 공유하고 대안을 마련해야 한다”고 말했다.활동가들은 비대면 사회라고 ‘만남을 통한 돌봄’의 본질이 바뀌기는 어렵다고 지적했다. 한 복지관 관계자는 “주민들이 복지관을 방문해 서로 관계를 맺는 게 서비스의 본질”이라며 “비대면은 복지서비스 제공 과정에서 효율을 높일 수단 정도”라고 말했다. 송인주 서울시복지재단 연구위원은 “방역 지침을 지키는 선에서 취약계층과의 접촉면을 유지할 수 있도록 섬세하고 다양한 실험을 계속해나가야 한다”며 “문 너머에서도 대화는 할 수 있다. 방역지침을 기계적으로 적용하지 않고 접촉면을 만들려고 하면 안 될 일은 없다”고 강조했다. 이선정 인천복지재단 연구위원도 “사회복지에는 비대면이 있을 수 없다. 복지관을 중심으로 한 서비스가 안 되니 찾아가는 서비스들을 대안으로 하고 있긴 하지만 예전에 비해 복지 공백이 많다”고 말했다.복지 전달 패러다임의 변화를 촉구하는 목소리도 나왔다. 김상균 서울대 사회복지학과 명예교수는 “지금의 복지제도는 정상 상태를 가정해 만들어 놓은 것이라 비상상태가 장기화될 때는 전혀 무방비 상태다. 특히 사회복지는 전부 대면 기준으로 만들어져 이론도 없고 대책도 없다”며 “단기적으로 해결이 안 되는 문제라면 지금부터라도 위험을 낮추면서 돌봄을 줄 수 있는 지식과 기술, 인력을 마련하고 훈련을 시켜야 한다”고 말했다. 이어 “내년까지 비슷한 상황이 이어진다고 본다면 지금이라도 보건복지부가 복지관 등 활동가들과 함께 태스크포스(TF)를 구성해 대책을 수립해야 한다”고 강조했다.윤홍식 참여연대 사회복지위원회 위원장(인하대 사회복지학과 교수)은 “코로나19는 누적된 한국 사회의 모순들을 촉발시키고 있다”며 “(포스트 코로나시대) 국가는 복지 서비스 제공 문제를 (기존의) 효율성 측면에서 접근하지 말고 안전한 생활을 충분히 전달할 수 있느냐에 대해 고민해야 한다”고 말했다.이슈&탐사1팀 전웅빈 문동성 임주언 박세원 기자 imung@kmib.co.kr[코로나 블루 또 다른 재난]▶(1부)-①여성 덮친 ‘코로나 우울’  2030 극단선택 늘었다 [이슈&탐사]▶(1부)-②코로나블루에 휘청이는 사람들… ‘고위험군’ 먼저 쓰러지다 [이슈&탐사]▶(2부)-①코로나 이후 자영업 생존기간 6개월 단축됐다 [이슈&탐사]▶(2부)-②냉면집 사장님은 시급 알바 됐다… 줄폐업 이후 삶 [이슈&탐사]▶(3부)-①코로나 고립 7개월… 자폐아들 증상악화에 엄마도 무너져 [이슈&탐사]▶(3부)-②거리두기로 ‘돌봄’이 사라진 시대, 홀로 죽어가는 사람들 [이슈&탐사]"
7,국민일보,"[사설] 집회 금지 필요하지만, 공권력 과잉대응은 안 돼","우려했던 개천절 광화문 집회가 경찰의 원천 봉쇄로 무산되며 큰 충돌 없이 마무리됐다. 경찰은 3일 집회를 막기 위해 서울 도심에 경찰 1만여명을 투입하고, 차량 검문소 90곳을 설치했다. 광화문에서 대한문에 이르는 세종대로 일대에 경찰버스 300여대를 동원해 차벽을 세웠다. 서울시는 지하철 광화문역 시청역 경복궁역 출입구를 폐쇄하고, 지하철을 무정차 통과시켰다. 광화문광장에는 펜스가 설치됐다.   시위와 관련 없는 사람들이 도심에 나왔다가 검문을 당했고, 지나가던 차도 세워야 했다. 코로나 방역을 위해 불가피한 조치였다고는 해도 공권력의 대응이 너무 과했다는 지적이 나온다.보수단체들은 현 정부가 코로나를 이용해 헌법 제21조 언론 출판과 집회 결사의 자유를 틀어막았다고 비판했다. ‘정치 방역’ ‘재인 산성’ 같은 강경 발언도 나왔다. 이들은 오는 9일과 10일 집회를 이어가겠다는 방침이다. 그러나 지금은 다수가 모이는 도심 집회를 열 때가 아니다. 겨울을 앞두고 독감과 코로나가 동시에 유행하는 ‘트윈데믹’이 걱정되는 상황이다. 도널드 트럼프 미국 대통령을 보라. 코로나를 대수롭지 않은 듯 말하고 마스크를 거의 쓰지 않았던 그는 최근 확진 판정을 받고 군 병원에 입원 중이다. 방심이 부른 결과다. 우리는 지난 광복절 광화문 집회를 기점으로 코로나가 확산된 경험이 있고 이에 대한 트라우마가 있다. 서울 도심에 많은 인원이 모이는 집회는 그 성격이 무엇이든 지금은 피하는 것이 원칙이다. 추석 연휴 기간 확진자 수가 4일 연속 두 자릿수로 떨어지긴 했지만, 이는 검사 결과 수가 적은 데 따른 착시현상일 수 있다.그럼에도 불구하고 개천절 도심 집회를 막기 위한 차벽 동원과 지하철 통제 등은 지나친 측면이 많다. 무엇이든 과하면 모자란 것만 못하다. 정부는 감염병 확산 방지와 국민의 기본권 보장 사이에서 신중하게 절충점을 찾아야 할 것이다."
8,국민일보,지하철 무정차·신분증 검사 5번… 과도한 ‘기본권 침해’ 비판,"일부 보수단체의 개천절 집회가 전면 금지된 지난 3일 서울 광화문광장 일대가 경찰의 차벽 등으로 봉쇄돼 한산한 모습을 보이고 있다. 차벽 봉쇄와 지하철 통제, 신분증 검사 등의 조치가 광복절 집회 당시의 실수를 반복하지 않기 위해 불가피했다는 의견도 있지만 일각에선 시민들의 기본권을 과도하게 침해했다는 지적도 제기된다. 뉴시스개천절이었던 지난 3일 광화문 일대에 내린 정부의 대대적인 집회 봉쇄조치가 과했다는 비판이 일각에서 제기되고 있다. 신종 코로나바이러스감염증(코로나19) 확산방지라는 명분하에 시민들의 기본권을 과도하게 침해했다는 것이다. 8·15 광복절 집회 때의 실수를 반복하지 않기 위한 불가피한 조치였다는 반론도 나온다.장영수 고려대 법학전문대학원 교수는 4일 “어떤 기본권도 절대적이진 않으므로 생명을 위해 제한하는 것 자체가 문제가 되지 않지만, 이번 조치는 과했다”고 개천절 집회금지 대응을 비판했다. 경찰은 광화문 일대에 차벽을 세우고 1만여명의 인력을 동원해 광화문 집회를 원천 차단했다. 지하철 3개역(광화문·시청·경복궁역)은 8시간가량 봉쇄됐다. 장 교수는 “제한된 기본권을 고려하면 이번 통제로 얻을 공익적 효과가 그만큼 큰지 의문”이라고 했다.차량 대수 9대 제한, 창문 개방 금지 등 법원이 내건 집회 허용 조건에도 의문이 제기됐다. 장 교수는 “차량 대수 제한이 과연 공익과 기본권의 절충점이냐”며 “차량 안에 혼자 있으면 숫자가 무슨 상관이냐”고 반문했다. 이어 “사람이 바글바글한 시장은 되고 집회는 안 된다는 것만 봐도 기본권 제한을 위한 일관적 기준은 없다”고 꼬집었다.집회 결사의 자유 외에 엉뚱한 시민들의 기본권까지 침해당했다는 의견도 나왔다. 김상겸 동국대 법학전문대학원 교수는 “도로를 봉쇄한 탓에 수많은 시민이 이동의 자유를 제한당했다”며 “2011년 헌법재판소도 차벽을 세워 시민들의 통행을 전면적으로 봉쇄한 것은 위헌이라 했다”고 설명했다. 생명권이 자유권 침해의 볼모로 전락할 가능성도 경고했다. 그는 “생명권이 있어도 자유권이 없으면 진정한 생명을 보장받는 게 아니다”라며 “생명을 위해 무엇이든 침해할 수 있다는 발상은 위험하다”고 지적했다.지난 3일 광화문을 방문한 직장인 정모(30)씨는 “광화문에 있는 친구 집에 가는데 시청에서 서대문까지 우회해야 했고, 지나가면서 신분증 검사만 5번 받았다”며 “친구 집 주소까지 보내라고 하는데 너무 심한 거 아닌가 싶더라”고 혀를 내둘렀다.통제에 동원된 1만명의 경찰력이 오히려 ‘방역 구멍’을 만들 가능성도 제기된다. 김우주 고려대구로병원 감염내과 교수는 “감염병을 막겠다고 경찰을 다 동원하는 나라가 어디 있느냐”며 “사람 몰리는 시내 곳곳에서 방역수칙 미준수자 단속에 그 인력을 쓰는 게 차라리 더 효과적”이라고 했다. 이어 “정부가 정치 성향도, 종교도 없는 바이러스를 정치적으로 소비하고 있다”고 했다.반면 불가피한 조치였다는 의견도 있다. 엄중식 가천대 길병원 감염내과 교수는 “광복절 집회에서 보듯 한번 문제가 생기면 큰 유행을 막지 못하기 때문에 불가피한 선택”이라고 전했다. 이어 “왜 광화문만 막느냐는 불만도 있지만 예측되는 상황부터 위험요인을 없애야 한다”고 설명했다.정치권에서도 집회를 둘러싼 공방이 이어지고 있다. 국민의힘은 개천절 집회 봉쇄가 사실상 ‘코로나 계엄령’을 선포한 것이라며 강력 반발했다. 주호영 국민의힘 원내대표는 이날 “광화문광장에 경찰 버스로 겹겹이 쌓은 ‘재인산성’이 국민을 슬프게 했다”며 “촛불 집회로 집권한 정권이 코로나 방역을 앞세워 집회를 공권력으로 차단하는 아이러니를 자행하고 있다”고 비판했다.강보현 김동우 기자 bobo@kmib.co.kr▶기자회견 강행 보수단체 “한글날에도 집회 계속할 것”"
9,국민일보,[알림] ‘포괄적 차별금지법 왜 문제인가’ 2020 국민미션포럼 엽니다,"국민일보가 최근 논란이 되고 있는 ‘포괄적 차별금지법 왜 문제인가’를 주제로 ‘2020 국민미션포럼’을 개최합니다. 정의당의 ‘차별금지법’ 발의에 교계는 하나님의 창조질서에 어긋나는 동성애 조장 및 동성결혼 합법화 등으로 나아갈 수 있다며 우려를 표명하고 있습니다.1부 예배에서는 김병삼 분당 만나교회 목사가 설교하고 2부 국민미션포럼에서는 안창호 전 헌법재판관, 음선필 홍익대 법학과 교수, 장순흥 한동대 총장이 각각 주제발표를 합니다. 이어 유관재 일산 성광교회 목사의 사회로 토론이 진행됩니다.코로나 방역을 위해 사전 등록된 인원만 입장할 수 있고 유튜브 ‘미션라이프’를 통해 생중계합니다.◇일시 : 2020년 10월 15일(목요일) 오후 2~5시◇장소 : 서울 여의도 국민일보빌딩 12층 컨벤션홀◇주제발표 : 안창호 전 헌법재판관 ‘평등권 침해하는 차별금지법’, 음선필 교수 ‘포괄적 차별금지법에 대한 헌법적 평가’, 장순흥 총장 ‘성경 및 역사적으로 본 차별금지법 문제’◇종합토론 : 이은경 변호사(법무법인 산지 대표) 조배숙 변호사(전 국회의원) 안창호 전 헌법재판관, 음선필 홍익대 교수, 장순흥 한동대 총장, 유관재 목사(성광교회)◇문 의 : 국민일보 미션포럼 사무국(02-781-9418/781-9822)신청하기국내외 교계소식, 영성과 재미가 녹아 있는 영상에 칼럼까지 미션라이프에서 엄선한 콘텐츠를 전해드립니다.샘플보기뉴스레터 구독신청"
10,국민일보,"“신분증 검사만 5번, 개천절 광화문 통제 지나쳤다” 비판","개천절이자 코로나19 전파 우려로 서울 도심 집회가 전면 금지된 3일 서울 광화문광장이 경찰 봉쇄돼 있다.  뉴시스개천절이었던 지난 3일 광화문 일대에 내린 정부의 대대적인 집회 봉쇄조치가 과했다는 비판이 일각에서 제기되고 있다. 신종코로나바이러스감염증(코로나19) 확산방지라는 명분 하에 시민들의 기본권을 과도하게 침해했다는 것이다. 8·15 광복절 집회 때의 실수를 반복하지 않기 위한 불가피한 조치였다는 반론도 나온다.장영수 고려대 법학전문대학원 교수는 4일 “어떤 기본권도 절대적이진 않으므로 생명을 위해 제한하는 것 자체가 문제가 되지 않지만, 이번 조치는 과했다”고 개천절 집회금지 대응을 비판했다. 경찰은 광화문 일대에 차벽을 세우고 1만여명의 인력을 동원해 광화문 집회를 원천 차단했다. 지하철 3개역(광화문·시청·경복궁역)은 8시간가량 봉쇄됐다. 장 교수는 “제한된 기본권을 고려하면 이번 통제로 얻을 공익적 효과가 그만큼 큰지 의문”이라 했다.차량 대수 9대 제한, 창문 개방 금지 등 법원이 내건 집회 허용 조건에도 의문이 제기됐다. 장 교수는 “차량 대수 제한이 과연 공익과 기본권의 절충점이냐”며 “차량 안에 혼자 있으면 숫자가 무슨 상관이냐”고 반문했다. 이어 “사람이 바글바글한 시장은 되고 집회는 안된다는 것만 봐도 기본권 제한을 위한 일관적 기준은 없다”고 꼬집었다.집회 결사의 자유 외에 엉뚱한 시민들의 기본권까지 침해당했다는 의견도 나왔다. 김상겸 동국대 법학전문대학원 교수는 “도로를 봉쇄한 탓에 수많은 시민이 이동의 자유를 제한당했다”며 “2011년 헌법재판소도 차벽을 세워 시민들의 통행을 전면적으로 봉쇄한 것은 위헌이라 했다”고 설명했다. 생명권이 자유권 침해의 볼모로 전락할 가능성도 경고했다. 그는 “생명권이 있어도 자유권이 없으면 진정한 생명을 보장받는 게 아니다”라며 “생명을 위해 무엇이든 침해할 수 있다는 발상은 위험하다”고 지적했다.지난 3일 광화문을 방문한 직장인 정모(30)씨는 “광화문에 있는 친구 집에 가는데 시청에서 서대문까지 우회해야 했고, 지나가면서 신분증 검사만 5번 받았다”며 “친구 집 주소까지 보내라고 하는데 너무 심한 거 아닌가 싶더라”고 혀를 내둘렀다.통제에 동원된 1만명의 경찰력이 오히려 ‘방역 구멍’을 만들 가능성도 제기된다. 김우주 고려대구로병원 감염내과 교수는 “감염병 막겠다고 경찰을 다 동원하는 나라가 어디 있느냐”며 “사람 몰리는 시내 곳곳에서 방역수칙 미준수자 단속에 그 인력을 쓰는 게 차라리 더 효과적”이라고 했다. 이어 “정부가 정치 성향도, 종교도 없는 바이러스를 정치적으로 소비하고 있다”고 했다.반면 불가피한 조치였다는 의견도 있다. 엄중식 가천대 길병원 감염내과 교수는 “광복절 집회에서 보듯 한번 문제가 생기면 큰 유행을 막지 못하기 때문에 불가피한 선택”이라고 전했다. 이어 “왜 광화문만 막느냐는 불만도 있지만 예측되는 상황부터 위험요인을 없애야 한다”고 설명했다.정치권에서도 집회를 둘러싼 공방이 이어지고 있다. 국민의힘은 개천절 집회 봉쇄가 사실상 ‘코로나 계엄령’을 선포한 것이라며 강력 반발했다. 주호영 국민의힘 원내대표는 이날 “광화문광장에 경찰 버스로 겹겹이 쌓은 ‘재인산성’이 국민을 슬프게 했다”며 “촛불 집회로 집권한 정권이 코로나 방역을 앞세워 집회를 공권력으로 차단하는 아이러니를 자행하고 있다”고 비판했다.강보현 김동우 기자 bobo@kmib.co.kr"
11,국민일보,"주호영 “개천절 광화문 봉쇄, 사실상 코로나 계엄령”","국민의힘 주호영 원내대표가 29일 서울 여의도 국회에서 열린 화상 의원총회에서 발언하고 있다. 연합뉴스주호영 국민의힘 원내대표는 4일 개천절 집회를 막기 위한 정부의 광화문광장 봉쇄 조치와 관련해 “사실상 코로나 계엄령이 선포된 것”이라고 지적했다.주 원내대표는 이날 국회에서 기자간담회를 하고 “경찰버스 300대로 광화문에 산성을 쌓아 집회를 원천 봉쇄했다”며 “문재인 정권은 무엇이 그렇게 두렵나. 언제부터 경찰이 나서서 방역까지 떠맡는 나라가 됐나. 의료보건 방역은 오간데 없고 정치 경찰 방역 국가가 됐다”고 비꼬았다.코로나19 전파 우려로 일부 보수단체의 개천절 집회가 전면 금지된 3일 서울 광화문광장 일대가 경찰 봉쇄돼 있다. 경찰은 이날 서울 도심에 검문소 90개소를 설치하고 800여명의 경력을 동원했다. 21개 기동대 등 부대 인력도 배치됐다. 뉴시스그는 그러면서 “북한 계몽군주는 소총 휘발유로 코로나 방역하고, 우리 대통령은 경찰버스 공권력으로 코로나 방역을 했다”며 “세계 어느 선진국에서 방역을 이유로 막대한 공권력으로 시민의 헌법상 자유를 억압한 나라가 있나”고 비판했다.주 원내대표는 “촛불 시위로 집권한 정권이 코로나 방역을 앞세워 시민들의 자발적 저항을 공권력으로 방해하는 아이러니를 자행했다”며 “문 정권은 어제 하루 경찰버스 공권력으로 집회를 잘 단속 자축할지 모르지만 시민들의 성난 분노는 안으로 불타오르고 있다”고 했다.박세환 기자 foryou@kmib.co.kr"
12,국민일보,진중권 “유시민이 소크라테스라고? 테스형 고생이 많다”,진중권 전 동양대 교수(왼쪽 사진)과 유시민 노무현재단 이사장. 뉴시스자신을 ‘소크라테스’에 비유한 유시민 노무현재단 이사장을 향해 진중권 전 동양대 교수는 “유시민은 소크라테스가 아니라 막장 소피스트”라고 비판했다.진 전 교수는 3일 페이스북에 “유시민은 소크라테스가 아니라 소피스트”라며 “증거인멸을 증거보전이라 부르는 건 전형적인 소피스트 궤변”이라고 주장했다. 그는 “소피스트들도 최소한 저 수준은 아니었다”면서 “저 바닥까지 내려간 것은 소피스트들 중에서 극히 일부였던 막장들 뿐”이라고도 덧붙였다.소피스트는 기원전 5~4세기 그리스를 중심으로 활동했던 궤변론자들을 말한다. 진 전 교수는 “소크라테스는 소피스트들에 맞서 진리의 객관성과 보편성을 옹호했다”면서 “(유 이사장 때문에) ‘테스형’이 고생이 많다”고 비아냥거렸다.유 이사장은 지난달 30일 유튜브 방송 ‘김어준의 다스뵈이다’에 출연해 자신을 비판하는 이들을 향해 “2500년 전이었으면 소크라테스를 고발했을 사람들”이라고 주장했다. 앞서 그는 북한의 우리 공무원 사살 사건에 대해 “미안하다”고 한 북한 김정은 국무위원장을 향해 “계몽군주”라고 칭했다가 비판을 받았다. 이를 해명하며 진리를 지키려다 박해받은 소크라테스에 자신을 빗댄 것이다.유 이사장은 앞서 ‘계몽군주’ 발언을 해명하며 “너무 고급스러운 비유를 했나보다. 배운 게 죄다”라고도 말했다. 이에 대해 진 전 교수는 지난 1일 페이스북에서 “설마 싸구려 입에서 고급스러운 비유가 나오겠느냐”며 “어느 나라 계몽군주가 ‘코로나 방역’에 소총을 사용하느냐”고 일갈했다.권남영 기자 kwonny@kmib.co.kr
13,국민일보,내가 만든 쓰레기더미에 누워봤다…코로나 ‘쓰레기 클라쓰’,"“우리는 10일 동안 쓰레기를 얼마나 남길까?”신종 코로나바이러스감염증(코로나19) 탓에 많은 것이 변했다. 마스크와 손소독제가 익숙해졌고 친구와의 만남은 ‘코로나가 잠잠해질 때까지’ 무기한 미뤄졌다. 재택근무가 일상화됐고, 각종 모임과 행사들도 줄줄이 취소됐다.활동이 줄어들면 인간이 만들어내는 오염과 쓰레기는 줄어들어야 마땅하다. 하지만 돌아보니 상황은 반대인 듯싶었다. 집 앞 마트보다 온라인 쇼핑몰을 자주 방문했고, 식사도 외식보다는 배달로 채워졌다. 카페에 앉아 수다를 떠는 대신 테이크아웃 컵에 담아 걸으며 마셨고, 케이크 한 조각도 상자 포장 후 비닐봉투에 담아 들고 왔다.어느덧 쓰레기통에는 택배 상자와 배달 음식 용기, 온갖 비닐봉지가 쌓여갔다. 활동반경은 좁아졌는데 쓰레기는 어느 때보다 더 왕성하고 다양하게 생산되고 있었다.국민일보 최민석 기자온라인 커뮤니티에서 본 사진 한 장이 떠올랐다. 미국의 사진작가 그레그 시걸(Gregg Segal)이 한 가족의 일주일치 쓰레기를 한데 모아 찍은 사진이었다. 사진의 제목은 ‘7 Days of Garbage(7일간의 쓰레기)’. 한 가족의 평범한 일주일이 남긴 쓰레기의 양은 충격적이었다. 그는 전 세계를 돌면서 사람들의 쓰레기를 기록하고 있었다. 물론 코로나 전, 먼 나라 미국의 이야기다.7 Days of Garbage (by Gregg Segal)그렇다면 코로나 한복판을 통과하는 우리는 어떨까? 배달과 포장, 테이크아웃을 반복하며 코로나 쓰레기의 늪에 빠진 우리는 매일 어떤 쓰레기를 얼마나 만들어내고 있을까?20대 인턴기자 두 명이 10일 동안 자신이 만들어낸 쓰레기를 모아 기록해 보기로 했다. 코로나 시대를 보여주는 일종의 ‘쓰레기 로그’인 셈이다.10일간 쓰레기 여정을 동행한 가방.9월 5일부터 10일간 눈 떠서 잠들 때까지 생긴 쓰레기를 전부 모았다. 매일 밤 그날 하루 동안 생긴 쓰레기를 한데 모아 사진을 찍었다. 회사에서 만든 쓰레기도 모두 챙겨야 했기에 ‘쓰레기 가방’을 들고 출근했다.쓰레기 로그에 참여한 인턴 기자 중 한 명은 가족과 함께 사는 4인 가구다. 1일 1커피는 필수. 다만 부모님과 함께 살아서 생필품 쓰레기는 계산하지 않기로 했다. 다른 인턴 1명은 자취 4년 차 1인 가구다. 코로나 사태 전에는 근처 식당에서 ‘혼밥’을 하고 마트에서 직접 장을 보는 걸 즐겼지만 지금은 모든 걸 배달로 해결한다. 일상이 극적으로 바뀐 경우다. 쓰레기도 그만큼이나 드라마틱하게 늘었다.배달의 덫 : 커피 러버의 기록인턴 A가 10일간 모은 쓰레기.만실이 된 택배보관함, 옷 봉투에 붙어있던 안내멘트1일 차-커피 배달은 오버였어택배가 3개 왔다. 전부 의류였다. 두꺼운 비닐봉투 안에 얇은 비닐 하나 더, 이렇게 두 겹으로 포장돼 있었다. 속봉투 위에 붙은 스티커가 눈에 띄었다. ‘의상 보호를 위해 불가피하게 플라스틱 봉투를 사용하였습니다(…)재사용하거나 재활용하시기 바랍니다.’ 하지만 옷을 꺼내려면 비닐을 찢어야 했다. 대체 어떻게 재활용하라는 건지, 실소가 나왔다.배달 중 쏟아짐을 방지하기 위해 커피에 붙어있던 종이랩돈가스와 커피를 배달시켰다. ‘쓰레기 갑이 돈가스’라는 말을 들은 적 있는데 맞는 말이다. 돈가스 1인분을 포장했을 뿐인데 가짓수로 10개 넘는 쓰레기가 나왔다. 돈가스 소스 봉투는 씻기도 힘들었다. 샐러드 소스도 마찬가지였다. 다 처리하고 나니 진이 빠졌다. 배달커피에는 종이랩이 따라왔다. 커피가 쏟아지는 걸 방지하기 위해 커피컵과 뚜껑 사이를 봉합하는 용도인 듯했다. 커피가 잔뜩 묻은 종이랩. 쓰레기 처리할 생각에 커피 맛이 떨어졌다. 커피 배달은 오버였어, 후회가 밀려왔다.2일 차-쫄면, 먹을 땐 좋았는데점심으로 김밥과 쫄면을 포장해왔다. 음식 포장 그릇에 단무지 그릇, 수저까지 일회용품 쓰레기가 한 무더기 생겼다. 역시 음식 포장은 쓰레기 생산 공장이었다. 부피도 컸고 뒤처리도 복잡했다. 쫄면 양념이 묻은 플라스틱 통과 참기름 범벅의 김밥 포일을 들고 씨름해야 했다. 후식으로는 추석 선물로 들어온 곶감을 꺼내 먹었다. 명절선물이라 그런지 곶감은 플라스틱으로 개별 포장돼 있다. 하나 먹을 때마다 용기 하나 뚜껑 하나, 2개씩 쓰레기가 나왔다. 점심 한끼에 쓰레기가 대체 얼마나 나온 건지 셀 수도 없다.설상가상 이날은 마스크를 2개나 버렸다. 옷 주머니에서 잊고 있던 마스크가 튀어나온 탓이다.3~7일 차-비닐지옥아침부터 비가 왔다. 회사 로비에 들어서니 우산에 씌울 비닐 커버가 비치돼 있었다. 앞사람을 따라 우산을 비닐에 담았다. 12층짜리 건물에서 얼마나 많은 사람이 이 비닐을 뽑아 갔을까.구내식당에서도 매일 비닐 쓰레기가 나온다. 비닐장갑을 끼고 배식을 받아야 하기 때문이다. 4·15 총선 때도 양손에 비닐장갑을 끼고 투표했던 게 떠올랐다. 오늘은 후식으로 나온 요쿠르트가 쓰레기를 보탰다. 밥을 먹고 나서는 일회용 컵을 사용해 물을 마셨다. 역시 코로나 방역을 위한 조치다. 코로나 때문에 일회용품 잔치가 벌어진 기분이다.동료들과 테이크아웃 커피를 들고 공원을 걸었다. 근무시간 중 유일하게 숨통이 트이는 시간. 하지만 텀블러가 없으니 휴식을 위해 먹는 커피는 고스란히 매일의 쓰레기가 됐다.야쿠르트와 비닐장갑의 공통점은 '쓰레기', 코로나 방역으로 벌어진 '비닐 파티'비닐봉투도 거의 매일 나왔다. 저녁엔 편의점에 들러 과자 몇 개와 위생용품을 샀다. 점원이 “한 손에 들기 힘들겠다”며 비닐봉투를 건넸다. 뭔가를 사면 까만 비닐봉투는 옵션처럼 따라왔다. 가히 비닐 지옥이다.집에 있는 두통약 마지막 2알을 먹었더니 약통과 설명서가 딸려온다. 알약이 담긴 윗부분은 플라스틱이고 아랫부분은 은박지라 둘을 분리해야 했다. 두통약을 먹었는데 두통이 몰려온다.8~10일 차-족발이 세운 신기록포장 족발. 국 3개는 빼고 찍었는데도 플라스틱 양이 많다.어쩌자고 족발이 먹고 싶었을까. 포장해온 족발 세트는 족발보다 플라스틱 쓰레기가 더 많았다. 족발, 막국수, 새우젓, 마늘, 콩나물국까지 모든 게 플라스틱 용기 안에 담겨 있었다. 친절도 해라. 밀폐된 비닐을 쉽게 뜯을 수 있게 플라스틱 칼도 있다. 다 먹고 나서 세어보니 비닐봉투, 콜라캔까지 17개의 쓰레기가 나왔다.집에 재발급한 체크카드가 왔다. 우편물을 뜯어보니 두툼한 종이에 카드 약관이 찍혀 있다. 흰색 비닐창을 따로 분리한 뒤 두툼한 종이 약관과 봉투는 쓰레기 집하장으로 직행했다. 서점에서 책을 사고 전자영수증을 받았다. 책을 담을 비닐봉투는 30원에 샀다. 비닐은 분해되는 데 500년이 걸린다는데 30원이라니.배달 스파게티. 배달 최소금액에 맞추려고 양추가를 했다가 다 못먹고 남겼다.저녁 메뉴로 스파게티를 배달시켰다. 먹고 싶은 메뉴가 7700원인데 배달 최소금액은 8000원이라 음식량을 추가해야 했다. 양이 많아 다 못 먹어서 남겼다. 그릇을 닦을 때는 뚜껑에 치즈가 눌어붙어서 수세미로 떼려니 번거로웠다. 초콜릿을 찍어 먹는 막대과자를 먹었는데 거기서도 플라스틱 쓰레기가 나왔다. 쓰레기와 산 지 10일, 이젠 쓰레기 감별사가 된 기분이다.쓰레기 발자국 : 자취생의 기록인턴 B가 10일간 모은 쓰레기.1~3일 차- 배달의 함정점심으로 육회비빔밥을 시켜 먹었다. 식사에 반찬과 국이 따라왔다. 국을 챙겨 먹는 편이 아니라 국에는 입도 대지 않았다. 국은 그대로 버려졌고 플라스틱 용기는 괜히 쓰레기만 됐다. 반찬으로 온 김치도 반 이상 남았다. 자주 가던 동네 식당에서 사케동을 시켜 먹었다. 코로나 탓에 집앞 식당도 요즘엔 배달시켜 먹는다. 식감을 지키기 위해서 밥과 밥 위에 얹을 재료가 따로 포장되어 왔다. 덮밥은 한 그릇 음식이라고 생각했는데 배달음식일 땐 그렇지 않았다. 음식은 커다란 비닐봉투에 담겨 왔는데 입구가 너무 꽁꽁 묶여 있었다. 비닐은 재활용할 생각이었는데 결국 찢어버렸다.한 끼를 배달음식으로 시켜 먹고 나온 쓰레기.오후엔 기다리던 택배가 도착했다. 인터넷 서점에서 주문한 책과 친구가 선물이라며 보낸 디퓨저였다. 책은 에어캡이 부착된 비닐봉투에, 디퓨저는 종이 박스에 담겨 왔다. 봉투와 박스, 그 위에 붙은 운송장과 테이프까지 고스란히 쓰레기가 됐다. 로션이 떨어져서 로드숍에서 새로 샀다. 할인하는 제품을 골랐더니 로션과 작은 증정품 하나가 플라스틱 박스 안에 들어 있었다. 박스는 본품 로션이 두 개는 들어갈 크기였다. 배달이 아니라고 쓰레기가 적은 것만도 아니었다.4~5일 차- 나, 음식을 산거니? 포장을 산거니?카페에서 바닐라라떼를 한 잔 테이크아웃했다. 플라스틱 컵에 홀더와 빨대가 묶음 상품처럼 따라왔다. 컵 뚜껑은 빨대가 없으면 사실상 음료를 마실 수 없는 돔 형태였으니 안 쓸 수도 없었다.회사에서 작은 떡 세트를 받았다. 먹을 땐 맛있었는데 먹고 나니 쓰레기가 눈에 들어왔다. 종이 박스, 겉면 종이 포장에 비닐 포장까지 쓰레기가 잔뜩 생겼다. 내 위장에 들어간 것보다 쓰레기가 더 많아 보였다. 아침에 편의점에서 사먹은 개별 포장 빵까지 오늘은 간식 쓰레기가 한무더기다. 음료병은 비닐이나 뚜껑을 다 분리해야 해서 버리기도 수고로웠다.쓰레기를 챙겨두기 시작한 뒤 뭘 해도 쓰레기가 걱정되기 시작했다. 커피를 마실 때, 아이스크림을 살 때, 과자 한 박스를 사먹을 때도 쓰레기 걱정부터 했다. 무슨 개별 포장은 이리도 성실하게 했는지. 물건을 사는 게 아니라 쓰레기를 사는 기분이었다. 탄소 발자국이라고 했나? 내 걸음마다 쓰레기 발자국이 찍히고 있었다.6일 차-안 사면 쓰레기도 없다?아무 것도 사지 않으면 쓰레기도 없을 줄 알았는데 착각이었다. 쓰레기 로그 며칠 만에 부피가 가장 큰 쓰레기를 찾아냈다. 매일 손을 씻은 후 사용하는 페이퍼타월이었다.저녁에 ‘쓰레기 가방’을 열었다가 페이퍼타월이 다섯 장이나 나와 깜짝 놀랐다. 물기만 닦았다가 바짝 마른 페이퍼타월은 구겨진 것 말고는 새것과 다를 바 없어 보였다. 한데 뭉쳐 놓으니 너무 아까웠다. 평소에는 생각지도 못했던 등장 빈도수 1위 쓰레기였다. 식사 중 쓰는 2~3장의 냅킨도 빼놓을 수 없다. 하루 세 끼 대체 이렇게나 많은 휴지를 쓰는 줄은 꿈에도 몰랐다. 화장실에서 쓰는 두루마리 휴지는 말할 것도 없다.쓰레기 로그를 써보니 항상 등장하는 것들이 눈에 보였다. 페이퍼타월, 알코올스왑, 화장솜이다. 너무도 당연하게 사용하고 있어서 이전까지는 쓰고 있다는 사실조차 인식하지 못했다. 알코올스왑은 코로나19 확산 이후부터 쓰기 시작했다. 외출했다가 들어오면 휴대전화나 지갑을 박박 닦았다. 그게 매일 쓰레기통에 쌓이고 있었다.10일간 모았던 두 사람의 쓰레기. 박스에 보관할 때보다 펼쳐놓으니 훨씬 더 많아보인다. 국민일보 최민석 기자7일 차-모두의 비닐지옥 퇴근하는 길에 약국에 들러 마스크를 다섯 개 샀다. 무겁지도 않고 집도 코앞이라 손에 들고 가려고 했는데 약사가 검은색 비닐봉투에 마스크를 담아서 건네줬다. 그래서 이날은 마스크, 마스크 포장지에 더해 검은 비닐봉투까지 생겼다. 원치 않는 비닐은 마트에서도 생겼다. 다른 생필품과 함께 아이스크림 세 개를 샀더니 점원이 계산을 하며 아이스크림만 따로 투명 비닐봉투에 담았다.저녁은 근처 식당에서 음식을 포장했다. 배달과 다른 건 배달료가 없다는 것뿐이었다. 플라스틱 그릇과 뚜껑, 비닐봉투, 랩, 일회용 수저, 포장지 등 비닐 쓰레기가 잔뜩 생겼다. 반찬과 국을 빼달라는 말을 잊어 음식 쓰레기까지 잔뜩 나왔다.9~10일 차-자취생 필수템 물티슈는 어쩌나온라인 쇼핑몰에서 주문한 200㎖짜리 잼이 에어캡에 몇 겹으로 감겨서 왔다. 한뼘이 채 안 되는 작은 잼 한 통에 박스, 에어캡, 테이프까지 너무 과해보였다. 어쩐지 미안한 마음이 들었다.밥을 먹고 습관처럼 물티슈로 테이블을 닦았다. 집안일이 싫은 자취생이라 집에 물걸레청소포나 물티슈를 항상 구비해 놓는데 이제 보니 다 쓰레기였다. 다 쓰고 나면 포장재도 버리므로 사실상 상품 전체가 쓰레기인 것이나 마찬가지다. 걸레나 행주를 빨고 말리는 일을 줄이고 싶었던 것인데, 편리함의 대가는 쓰레기였다.내가 만든 '쓰레기 섬'에 누워보니국민일보 최민석 기자“생각보다 많지 않은데?” 쓰레기 모으기를 시작한 초반, 우리는 이렇게 느꼈다. 1인 가구는 1인 가구대로 혼자 살아서, 4인 가구 구성원은 그 나름으로 생필품 쓰레기가 없어서 쓰레기 양이 적은 거라고 생각했다.착각이라는 건 사진을 찍으면서 깨달았다. 10일간의 쓰레기를 돗자리 위 평면 공간에 쏟아놓으니 그제야 엄청난 양이 실감됐다. 우리의 일상이 쓰레기더미 위에 지어 올려진 것 같았다. 고백하자면 무의식적으로 버렸거나 오물이 묻어 차마 챙겨두지 못한 쓰레기도 있었다. 그걸 감안하면 실제로 내가 만든 쓰레기는 훨씬 많았을 것이다. 코로나 방역을 핑계로, 이렇게라도 일상을 유지해야지 자위하면서 참 거침없이 쓰레기를 만들어내고 있었다.쓰레기들을 헤치고 그 위에 누우니 쓰레기 섬에 갇혀 사는 인간 같은 느낌이 들었다. 인류가 지금 사는 방식을 바꾸지 않고 쭉 산다면 언젠간 그런 날이 오게 되지 않을까?송다영 인턴기자박수현 인턴기자"
14,국민일보,유시민 ‘계몽군주는 고급 비유’ 발언에 진중권 “블랙 유머”,"유시민 노무현재단 이사장이 북한 김정은 국무위원장을 ‘계몽 군주’로 비유한 발언으로 논란이 일자 “내가 너무 고급스러운 비유를 했나보다. 배운 게 죄다”라고 말했다. 이에 진중진 전 동양대 교수는 유 이사장을 향해 “블랙유머에 도전하냐”며 비꼬았다.전 동양대 교수는 1일 자신이 페이스북에 “블랙유머에 도전하시나 보다”라고 비꼬았다. 진 전 교수는 1일 자신의 페이스북에 관련 보도를 공유한 뒤 “설마 싸구려 입에서 고급스러운 비유가 나오겠나”라고 반문했다.“어느 나라 계몽군주가 고모부를 처형하고 이복형을 암살하고 코로나 방역에 소총을 사용하냐”라고 한 진 전 교수는 “살해 당한 사람 장례식장에서 범인이 ‘계몽 법인’이라 하는 격”이라고 지적했다. 그는 마지막으로 “증거인멸을 증거보전이라고 하던 개그 감각으로 이젠 블랙유머에 도전하시나 보다”라고 비아냥댔다.앞서 유 이사장은 지난달 30일 공개된 유튜브 방송 ‘김어준의 다스뵈이다’에 출연해 “(김정은 국무위원장을) 계몽군주라고 말하는 게 칭송으로 들리는 사람들이 많이 있나보다”라고 운을 뗀 뒤 러시아의 예카테리나 2세, 오스트리아의 마리아 테레지아 등 일반적으로 계몽군주로 분류되는 인물들이 독재자이지만 업적도 남겼다는 취지의 발언을 했다.“김정은 국무위원장은 독재자”라고 한 유 이사장은 “북한 체제 전체가 3대째 세습을 하고 있는 왕조국가니까, 이 사람은 생물학적 운명 때문에 전제군주가 된 사람이잖나”라고 반문했다. 그는 “계몽군주들이 과거처럼 할래니까 사람들이 더 이상 참아주지 않을 것 같기도 하고, 국제사회에서 왕따가 되는 것 같기도 하고, 자기가 통치하는 제국을 조금 더 오래 잘 해 먹으려고 개혁 조치들을 했던 것”이라고 설명했다.그러면서 김 위원장을 계몽 군주로 표현한 데 대해 “우리 민족에게는 (개혁 조치를) 안 하는 것보다 훨씬 낫다, 그런 취지에서 김정은 국무위원장을 고무·선동할 목적(이었다)”면서 “그렇게 고무·선동하는 것은 민족의 이익에 보탬 되는 것 아닌가”라고 반문했다.‘그렇게 생각하지 않는 사람들은 저쪽 한 곳에 몰려 있다’고 김어준이 언급하자, 유 이사장은 “예수님 말씀에 따르면 씨를 부린다고 다 옥답에 떨어진 게 아니라고 예수님도 그랬잖나”라며 “커뮤니케이션, 소통에 가장 큰 어려움을 겪었던 분 중 한 분이 예수님이다. 그 분이 소통 실패 때문에 살해당한 거잖나”라고 했다.“계몽군주 가지고 그렇게 떠드는 분들은 2500년 전에 아테네에 태어났으면 소크라테스를 고발했을 사람”라고 한 유 이시장은 “10·4 남북정상회담 10주년 심포지엄 대담에 제가 업무상 나갔으면 그 방향에서 얘기를 해야지, 내가 국민의 뭐시기 당하고 똑같은 소리해야 되냐”고 거듭 반문했다.천금주 기자 juju79@kmib.co.kr"
15,국민일보,“화려한 무대 대신 소외 이웃과 함께해요”,"(사)해돋는마을(이사장 장헌일 신생명나무교회 목사)의 엘드림노인대학(학장 최에스더 신한대 교수)은 29일 서울 마포구 이 단체에서 쪽방촌과 독거 어르신을 위한 추석맞이 사랑의 대체식 전달식을 가졌다.행사는 마스크 전문회사인 ㈜아이투엘 트레이드(회장 김희선, 대표 양계숙) 후원으로 진행했다.걸그룹 플로리아와 트로트 가수 빛나가 어르신과 반갑게 인사를 나누고 사랑의 대체식 키트와 마스크 등을 전달했다.플로리아와 빛나가 ‘대한민국 코로나방역 캠페인 송’을 함께 부르며 행사장 분위기를 달궜다.안수기도하는 장헌일 목사해돋는마을 이사장 장헌일 목사는 “코로나19로 어느 때보다 어려운 시기인데 하나님께서 돕는 손길을 보내 주셨다. 어르신들에게 손녀 딸 같은 걸그룹 멤버들이 직접 대체식을 전달해 더 많은 사랑을 나눠 기쁘다. 감사 드린다”고 말했다.김희선 아이투엘 트레이드 회장은 “더불어 살아가는 아름다운 세상이 되길 기도한다. 어려운 시기 용기 잃지 않고 건강하시라”고 격려의 마음을 전했다.장 이사장과 김 회장 외에 박동규 DK엔터테인먼트 대표, 조성구 3·1운동 UN유네스코재단 사무총장, 구훈 신생명나무교회 장로, 최세진 영양사, 최세연 해돋는 마을 사무국장 등도 함께했다.장 이사장은 또 서울역 인근 민족사랑교회에 사랑의 식자재와 대체식 키트를 전달했다.유영대 기자 ydyoo@kmib.co.kr신청하기국내외 교계소식, 영성과 재미가 녹아 있는 영상에 칼럼까지 미션라이프에서 엄선한 콘텐츠를 전해드립니다.샘플보기뉴스레터 구독신청"
16,국민일보,[알림] ‘포괄적 차별금지법 왜 문제인가’  국민미션포럼 엽니다,"국민일보가 최근 논란이 되고 있는 ‘포괄적 차별금지법 왜 문제인가’를 주제로 ‘2020 국민미션포럼’을 개최합니다. 정의당의 ‘차별금지법’ 발의에 교계는 하나님의 창조질서에 어긋나는 동성애 조장 및 동성결혼 합법화 등으로 나아갈 수 있다며 우려를 표명하고 있습니다.1부 예배에서는 김병삼 분당 만나교회 목사가 설교하고 2부 국민미션포럼에서는 안창호 전 헌법재판관, 음선필 홍익대 법학과 교수, 장순흥 한동대 총장이 각각 주제발표를 합니다. 이어 유관재 일산 성광교회 목사의 사회로 패널토론이 진행됩니다. 코로나 방역을 위해 사전 등록된 인원만 입장할 수 있고 유튜브 ‘미션라이프’를 통해 생중계합니다.2020 국민미션포럼 제3회◇일시: 2020년 10월 15일(목요일) 오후 2~5시◇장소: 서울 여의도 국민일보빌딩 12층 컨벤션홀◇주제발표: 안창호 전 헌법재판관 ‘평등권 침해하는 차별금지법’, 음선필 교수 ‘포괄적 차별금지법에 대한 헌법적 평가’, 장순흥 총장 ‘성경 및 역사적으로 본 차별금지법 문제’◇종합토론: 이은경 변호사(법무법인 산지 대표) 조배숙 변호사(전 국회의원) 안창호 전 헌법재판관, 음선필 홍익대 교수, 장순흥 한동대 총장, 유관재 목사(성광교회)◇문의: 국민일보 미션포럼 사무국(02-781-9418/781-9822)신청하기국내외 교계소식, 영성과 재미가 녹아 있는 영상에 칼럼까지 미션라이프에서 엄선한 콘텐츠를 전해드립니다.샘플보기뉴스레터 구독신청"
17,국민일보,[알림] 제9회 크리스천리더스포럼 엽니다,"국민일보가 제9회 크리스천리더스포럼을 개최합니다. 크리스천리더스포럼(회장 김영훈 대성그룹 회장, www.kukminclf.co.kr)은 신앙 간증과 강연, 동성애·이단 등 반기독교적 이슈에 대한 세미나 등을 통해 은혜를 나누고 이 땅의 복음화에 기여할 계획입니다. 포럼에서는 이재훈 온누리교회 목사가 말씀을 전하고 황성주 이롬 회장(사랑의병원 원장)이 간증합니다. 미스터트롯 출신 가수 류지광의 특송도 준비돼 있습니다. 코로나 방역수칙을 준수하고 사전 등록한 회원과 일반인에 한해 입장이 가능합니다. 2기 회원도 모집합니다. 기업체 CEO 및 학계, 정계, 관계 등 참여를 원하는 분은 CLF 사무국으로 문의 바랍니다.◇일시 : 2020년 10월 15일(목) 오후 6시20분~9시◇장소 : 서울 여의도 국민일보빌딩 12층 컨벤션홀◇식순-말씀 : 이재훈 온누리교회 목사-특송 : 트로트 가수 류지광-간증 : 황성주 이롬 회장◇참가 신청 및 문의 : 국민일보 크리스천리더스포럼 사무국(02-7819-870/418· kukminclf@gmail.com, 일반인 참가비(식대) 5만원)신청하기국내외 교계소식, 영성과 재미가 녹아 있는 영상에 칼럼까지 미션라이프에서 엄선한 콘텐츠를 전해드립니다.샘플보기뉴스레터 구독신청"
18,국민일보,"“北간부, 서해상 피격 사건 인터넷서 접하고 경악”",중국에서 활동하는 북한 무역 간부가 서해상 공무원 피살 사건 소식을 인터넷에서 접하고 경악스럽다는 반응을 보였다고 자유아시아방송(RFA)이 25일(현지시간) 보도했다.단둥 주재 북한 무역 간부 소식통은 RFA에 “북쪽 서해바다 연평도 부근에서 바닷물에 떠돌던 한국 사람이 해군정의 총격으로 사살돼 불태워졌다는 소식을 인터넷으로 알게 됐다”며 “중국 주재 무역 간부들은 끔찍한 만행에 충격을 받았다”고 말했다.이 간부는 당시 표류 상황이 해군사령부를 거쳐 최고사령부로 직보됐을 것이라고 설명했다. 통상적으로 북한에서 최고사령부는 김정은 국무위원장을 의미한다.이 소식통은 “바다에서 발견된 민간인이 무장도 하지 않은 한국 사람임을 확인하고도 군부대 무력으로 사살하도록 명령한 것은 황해남도 주둔 군부대 지휘관의 개인 결단으로는 절대로 있을 수 없는 일”이라면서 “전연(전방)지대에서 벌어지는 긴급 상황은 해군사령부와 연결된 직통전화를 통해 최고사령부로 직보된다”고 말했다.그는 이어 “구명조끼를 입은 채 바다에서 표류하는 한국 민간인을 인도적 차원으로 구원하지 못할망정 사살하도록 명령한 것도 모자라 기름을 들부어 불에 태우도록 지시한 당국의 만행은 히틀러 악당보다 더 잔인한 ‘야만 정부’라는 실체를 또다시 세상에 보여줬다”고도 말했다.그러면서 “같은 민족인 한국인을 사살하고 불에 태운 만행에 중국에 주재하는 (북한) 무역 간부들은 ‘인간의 탈을 쓰고 어떻게 사람 목숨을 파리 잡듯 하느냐’며 당국의 행위를 맹비난하고 있다”면서 “야만인이 통치하는 저런 나라 사람으로 태어난 것 자체가 창피하고 부끄럽다며 자조하고 있다”고 강조했다.다롄에서 활동하는 북한 간부 소식통 역시 “다롄 주재 무역 간부들도 황해남도 바다에서 군인들의 사격으로 참혹하게 사살된 한국 공무원에 대한 보도가 일파만파로 퍼져 모두 알게 됐다”면서 “코로나 전염병을 막는다면서 방역복을 입은 군인들이 한국인 시신을 불태웠다는 보도에 우리는 그저 경악할 수밖에 없었다”고 말했다.그는 “지난 2월부터 최고수뇌부는 국경지역을 비롯한 여러 곳에서 코로나 방역을 제대로 하지 못했다며 숱한 간부들을 짐승 잡듯 처벌하더니 이제는 죄 없는 한국 민간인을 사살하는 천인공노할 만행을 저질렀다”면서 “코로나보다 더 무서운 건 사람 잡이에 이골 난 최고수뇌부의 행태가 아니겠느냐”고 비난했다.조성은 기자 jse130801@kmib.co.kr
19,국민일보,"내일을여는집, 허종식 이성만 의원과 노숙인 추석선물","허종식 의원이 25일 추석을 앞두고 거리노숙인들에게 송편과 도시락을 나눠주고 있다. 인천내일을여는집 제공(사)인천내일을여는집 내일을여는자활쉼터는 25일 오후 2시 ‘추석명절 맞이 거리노숙인 송편과 도시락 나누기’를 실시했다.이번 행사에는 국회 보건복지위원회에서 활동하고 있는 더불어민주당 허종식 의원(인천 동구미추홀구갑)과 부평구가 지역구인 이성만 의원(인천 부평구갑)이 참석해 거리로 나가 직접 노숙인들을 만나고 도시락과 송편을 나누며 신종 코로나바이러스감염증(코로나19)으로 더욱 어려움을 겪고 있는 노숙인들에게 힘을 복돋아 주었다.허종식 의원은 “추석명절을 맞아 노숙인을 직접 만나보고 실무 관계자들을 만나 어떤 어려움이 있는지 살펴보고자 함께 했다”고 말했다.2021년은 노숙인 관계법령이 제정된지 10년이 되는 시점이다. 허 의원은 노숙인 보호사업과 일자리 사업에 대해서도 관심을 표명했다.인천시의회 의장 출신 이성만 의원은 “코로나 상황에서도 부평역의 노숙인을 매일같이 보살피고 있는 관계자들을 격려하기 위해 함께 했다”며 “정부와 인천시가 코로나 상황에서도 긴급재난기금이나 코로나 방역에 있어 노숙인을 지원하는 등 인천시가 그 어느 지역보다도 적절한 지원과 관심을 갖고 있는 것을 매우 평가할만하다”고 말했다.거리노숙인 아웃리치를 해 온 내일을여는집은 그동안 거리노숙인들이 밀집 분포돼 있는 부평역 북광장, 인천터미널, 주안역, 동인천역 북광장 일대를 중심으로 거리노숙인 아웃리치상담을 진행했다.내일을 여는 집은 코로나19 바이러스로 대부분의 무료급식소가 운영을 중단하고 있었기 때문에 인천시의 요청으로 아웃리치를 주 1회에서 주 5회로 늘리는 등 인천의료원과 협조해 전국 최초로 코로나19 이동검역을 실시한 바 있다.특히 인천시와 협조해 긴급재난지원금에 대한 일제조사를 하는 과정에서 지원안내를 담당했다.이 단체는 오는 28~30일에도 지속적으로 송편과 도시락 나눔하게 된다.28일에는 인천시와 협력해 거리노숙인 독감예방주사를 실시할 예정이다. 인천시는 코로나19 장기화에 따라 노숙인 보호 및 피해예방을 위해 기관 및 단체로부터 마스크, 손소독제 등 방역물품을 발 빠르게 후원연계해주고 있다. 또 깜깜이 환자를 우려해 인천의료원, 각 보건소 연계를 통해 3차에 걸쳐 거리노숙인 대상으로 코로나19바이러스 검사를 진행한 결과 전원 음성판정이 나왔다.인천내일을여는집은 인천지역 거리노숙인들을 직접 찾아다니며 쉼터 연계, 타 시설 연계, 병원 연계 역할을 담당하고 있다.뿐만 아니라 지역주민·관공서·경찰서 등 거리노숙인으로 인한 민원이 접수되면 민원처리를 위해 직접 노숙인을 만나 민원을 처리하고, 쉼터 입소는 물론 쉼터 입소가 불가한 이들에게는 임시주거지원을 통해 고시원, 쪽방 등에 방을 얻어 3개월 동안 임대료 지원을 해 주고 있다.내일을여는자활쉼터 이준모 이사장은 “이번 행사에 직접 참석해 준 허종식·이성만 국회의원과 맛있는 도시락을 정성껏 만들어 후원해준 하버파크호텔 이상동 총지배인에게 감사드린다”며 “앞으로도 민·관이 협력해 인천지역 거리노숙인들의 인권 향상 및 거리노숙인상담사업(아웃리치활동)을 통해 지속적으로 거리노숙인들에게 필요한 지원을 이어나가겠다“고 밝혔다.이어 “명절에 가장 어려운 상황에 있는 노숙인들도 조금이나마 도움을 받고 잠시라도 행복해졌으면 좋겠다”고 전했다.인천=정창교 기자 jcgyo@kmib.co.kr"
20,국민일보,‘월북자’ 단어 쓴 김어준 “화장한 건 코로나 방역”,"연합뉴스실종된 해양수산부 공무원이 북한군 총격에 사망한 뒤 소각된 사건에 대해 방송인 김어준이 자기 생각을 밝혔다. 그는 피격 공무원 이모(47)씨를 ‘월북자’로, 북한이 그의 시신을 불태운 것을 ‘화장(火葬)’이라고 표현하면서 ‘일종의 코로나19 방역’ 행위라고 주장했다.김어준은 25일 TBS 라디오 ‘김어준의 뉴스공장-이 정도는 알아야 할 아침 뉴스’ 코너에서 정부가 이씨의 ‘자진 월북’ 가능성을 제기하며 든 정황들을 한가지씩 되짚었다. 이 과정에서 “신발을 일부러 배에 벗어놨다든지, 실족이라면 그러지 않았을 것” “그 지역 조류를 잘 아는 분이라 어디로 흘러갈지 잘 안다” “1인 부유물을 끼고 물에 들어갔다” “개인적인 고충이 있던 것으로 보인다” 등의 언급을 했다.이어 “북한의 행위가 대단히 비인간적, 반문명적, 야만적이다. 근데 과거에는 월북자의 신병을 확보해서 포상을 내리고 자신들의 체제 전선에 활용해왔다”며 “북한은 여태 의거 월북자, 설사 표류한 남한 국민이라 하더라도 해상에서 총살한 적은 한 번도 없다. 그럴 이유가 없지 않느냐”고 반문했다.그러면서 “오히려 제 기억으로는 2013년 박근혜정부 초기에 월북하려는 민간인을 우리 군이 사살한 적은 있다. 하지만 월북하는 우리 국민을 북한이 사살한 적은 없다”며 “북한군이 방화복 차림에 방독면을 쓴 채 (이씨의) 의사 확인을 한 걸로 전해지는데, 그 자체는 일종의 방역”이라고 주장했다.김어준은 지난 7월 국내에 머물던 탈북민이 다시 월북한 사례를 들며 북한 내 코로나19 방역 체계가 갖춰지지 않았음을 설명했다. 그는 “그때 북한에서는 엄청난 소동이 있었다. 코로나19에 감염됐을지 모르는 외부인이 국경을 뚫고 개성 시내 한가운데 들어온 것”이라며 “그 이후 국경 지역에서 무단 월경을 하면 사람이든 짐승이든 사살하는 것으로 정해졌으며 실제 중국 국경 지역에서도 그런 사례가 있는 걸로 전해진다”고 했다.이어 “(이씨는) 평상시라면 의거 월북자로 대우받았을 사람인데 코로나19 때문에 바이러스 취급을 받은 것”이라며 “그래서 지금까지 한 번도 들어본 적 없는 해상 총살 후 화장을 해버린 것 아니냐”고 반문했다.또 “북한이 경제·군사·외교뿐만 아니라 방역과 의학 측면에서 극도의 스트레스 속에 있는 것 같다. 환영했을 월북자 한 명도 거둬줄 여유가 없을 정도”라고 재차 강조하며 “보수 진영에서는 현 정부에 대한 비판으로 끌고 가겠지만 저로서는 같은 민족에게 이렇게 끔찍한 대응을 하는 게 대단히 비극적이고 슬픈 사건”이라고 덧붙였다.문지연 기자 jymoon@kmib.co.kr더 보기"
21,국민일보,"서욱 “北, 시신 40분간 불태워…코로나 방역 조치인 듯”","서욱 국방부 장관이 24일 오후 서울 여의도 국회에서 열린 국방위원회 전체회의에서 참석, 연평도 인근 실종 공무원 북한 피격 사건 관련 의원들의 질의에 답변하고 있다. 연합뉴스서욱 국방부 장관은 24일 북한군이 서해 해상에서 실종된 우리 국민을 피격하고 시신을 불태운 이유와 관련해 신종 코로나바이러스 감염증(코로나19) 방역 차원으로 추정했다. 시신의 행방에 대해서는 “그 해역에 있을 것으로 보인다”고 말했다.서 장관은 이날 국회 국방위원회에서 ‘북한이 시신을 불태운 것을 화장해 장례를 치른 거라고 봐야 하나’라는 질문에 “코로나19 감염에 대한 조치를 한 것이 아닌가 추정하고 있다”고 했다. ‘북한이 왜 그랬다고 생각하나’라는 설훈 더불어민주당 의원의 질의에도 “정확하게 말씀드리기 어렵지만 북한이 코로나19에 대해 절치부심하고 있는 것으로 보인다”고 답했다. ‘코로나19 때문에 사람을 죽여도 된다는 뜻인가’라는 추가 질문에는 “그런 뜻은 아니고 그렇게 짐작한다는 것”이라고 말했다.또, 하태경 국민의힘 의원이 ‘시신이 어디에 있는가’라고 묻자 “현재 확인할 수 없다”면서도 “그 해역에 있을 것으로 보인다”고 했다. ‘북측이 시신을 불태우고 바다에 버렸다는 말인가’라는 질문에는 “그렇다”고 말했다. 다만 시신이 해역에 있을 것이라는 사실이 첩보 수준인지, 그보다 더 신빙성이 높은 정보인지에 대해서는 “첩보 수준”이라고 했다.서 장관은 “(시신을 불태우는 불빛이) 40분 동안 보였다”고 설명했다. 그는 ‘시신 일부가 바다에 떠다닐 수 있느냐’는 질문에 “그럴 개연성이 있다”고 답했으며, ‘훼손된 시신이라도 찾을 수 있도록 노력해달라’고 하자 “경비작전세력에 임무를 부여해 하고 있다”고 말했다.박은주 기자 wn1247@kmib.co.kr"
22,국민일보,"총격에 불태우기까지…북, 반인륜행위는 코로나19 방역 명분?","북한은 지난 22일 연평도 해역에서 표류 중이던 남한의 어업지도원 이모(47)씨를 발견 6시간 만에 사살하고 시신에 기름까지 부어 잔인하게 불태웠다. 통상 월북자의 신원과 배경을 조사한 뒤 송환 여부를 결정하던 이전과 달리 현장에서 즉각 반인륜적인 방식으로 대응한 것이다. 북한의 이 같은 대처는 최근 강화된 코로나19 방역 지침에 따른 것일 수 있다는 분석이 나온다.군 관계자는 24일 “북한군 단속정이 해군 계통의 상부 지시로 실종자에게 사격을 가한 것으로 보인다”며 “이후 방독면을 착용하고 방호복을 입은 북한군이 시신에 접근해 불태운 정황이 포착됐다”고 밝혔다. 우리 당국은 북측이 22일 오후 3시30분 이씨를 최초 발견한 뒤 6시간이 지난 오후 9시40분쯤 사격을 가한 것으로 파악하고 있다. 북측은 사격에 앞서 이씨로부터 월북 경위 및 관련 진술을 들었는데 이때도 방독면을 착용하고, 일정 거리를 유지한 것으로 전해졌다. 이 관계자는 “북한 국경지대 코로나 방역 조치는 무단 접근 인원에게 무조건 사격을 가하는 반인륜적인 행위가 이뤄지고 있는 것으로 판단된다”고 말했다.현재까지 북측은 해당 사건에 대한 반응을 내놓지 않고 있다. 통상 북한은 남한 주민의 월북 사실을 확인할 경우 신원과 배경 등을 조사한 뒤 송환 여부를 결정했다. 기존 방식을 따르지 않은 배경엔 코로나19 유입을 막기 위한 과잉 대응이 있다는 분석이 나온다. 이씨가 무장하지 않은 민간인이었음에도 북측이 인도적 절차를 따르지 않은 것은 그를 인간이기 이전에 코로나19 바이러스로 간주했다는 것이다.국제사회의 분석과 달리 북한은 대외적으로 ‘확진자 0명’이라는 입장을 내세우고 있다. 북한은 내부에선 코로나19 확진자가 발생하지 않았다며 코로나19 방역 대부분을 외부로부터의 코로나19 유입을 차단하는 데 주력하고 있다. 로버트 에이브럼스 주한미군사령관은 지난 10일 미 전략국제문제연구소(CSIS)가 주최한 화상토론회에서 북한이 국경지대에 특수부대까지 동원해 코로나19 유입을 막고 있다고 밝혔다. 당시 그는 “북한이 중국과 국경에 1~2㎞의 완충지대를 추가로 설정해 특수부대를 배치했고, 이들에게 (월경자를) 사살하라는 명령이 내려졌다”고 전한 바 있다.특히 지난 7월 월북한 개성 출신 탈북민 사건이 이 같은 과잉 대응의 원인이 됐을 것이란 관측도 나온다. 북측은 당시 해당 탈북민이 코로나19 확진자로 의심된다며 대대적으로 대응했다. 사건 발생 직후 김정은 국무위원장은 당 정치국 비상확대회의를 긴급 소집해 해당 지역에 비상사태를 선포하고, 국가비상방역체계를 ‘최대비상체제’로 전환했다.당시 조선중앙통신은 김 위원장이 주재한 회의에서 관련 부대에 대한 집중 조사 결과를 보고받고 엄중한 처벌 적용을 논의했다고 보도했다. 실제로 이를 사전에 파악하지 못한 전방 군부대 간부들은 처벌된 것으로 전해졌다. 이에 따라 이후 접경지역을 지키는 군부대들의 경계 태세와 코로나19 유입 차단을 위한 대응 기조가 한층 강화됐을 것으로 보인다. 북한 매체들은 “해상에서 밀려 들어오거나 공중에서 날아오는 물체 등을 발견할 경우 소각 처리하는 규율과 질서를 엄격히 세우라”며 코로나19 방역을 위한 선제 대응을 강조해왔다.김나래 기자 narae@kmib.co.kr"
23,국민일보,"정은경 청장, ‘타임 100인’ 선정 후 딱 한마디 했다","정은경 질병관리청장이 미국 시사주간지 타임지가 발표한 ‘2020년 세계에서 가장 영향력 있는 100인 명단’에 선정된 뒤 짧고 담백한 소감을 내놨다.23일 질병관리청에 따르면 정 청장은 타임지 명단이 발표된 뒤 소감을 묻는 기자들의 질문에 “코로나19 극복에 최선을 다하겠습니다”라는 한마디를 전했다.타임은 오전 11시 정 청장이 포함된 ‘2020 가장 영향력 있는 100인’을 발표했다. 정 청장은 도널드 트럼프 미국 대통령, 시진핑 중국 주석, 앙겔라 메르켈 독일 총리 등과 함께 리더 분야에 이름을 올렸다. 코로나 방역과 관련해 뛰어난 업적과 성과를 거두고 있는 것이 선정이유다. 문재인 대통령이 정 청장에 대한 소개 글을 타임지 요청에 따라 직접 작성한 것도 화제가 됐다. 소개글을 쓴 현직 대통령은 문 대통령이 유일히다.문 대통령은 “코로나19(신종 코로나바이러스 감염증) 팬데믹 상황에서 한국의 방역은 세계의 모범이 됐고 정 청장은 방역의 최전방에서 국민과 진솔하게 소통해 K방역을 성공으로 이끌었다”고 찬사했다.이어 “한국에 첫 확진자가 발생했을 때 정 청장은 정부를 대표해 국민 앞에 섰고 매일 투명하게 상황을 발표했다”며 “질병관리청 최초의 여성 수장으로서 코로나 발생 6개월 전부터 ‘원인불명 집단감염 대응절차’ 매뉴얼을 마련하는 등 질병관리청을 준비된 조직으로 이끌었다”고 평가했다.문 대통령은 또 알베르 카뮈의 소설 ‘페스트’에 등장하는 ‘페스트와 싸우는 유일한 방법은 성실성’이라는 문구를 인용하며 “정 청장의 성실성이야말로 세계 곳곳에서 코로나와 맞서는 수많은 ‘정은경’들에게, 그리고 포스트코로나 시대를 연 인류 모두에게 영감을 주는 얘기가 될 것”이라고 강조했다.김나현 인턴기자"
24,국민일보,[사설] 이 시국에 드라이브스루 집회라니… 야당은 두둔 말아야,"정부의 집회 자제 호소에도 불구하고 일부 극우·보수단체들이 개천절 대규모 집회를 예고하고 있다. 이들은 방역 당국의 요청을 비웃기라도 하듯 ‘드라이브스루 집회’를 독려하고 있다. 차에 타고 있으면 괜찮으니 개천절 집회에 나오라는 것이다. 김진태 전 미래통합당 의원이 22일 이를 먼저 제안했다. 민경욱 전 미래통합당 의원이 이에 맞장구를 쳤다. 두 사람은 지난달 광화문에서 열린 광복절 집회에 참가했던 인물이다. 더욱 우려스러운 것은 야당의 반응이다. 국민의힘 주호영 원내대표는 이를 말리기는커녕 “교통과 방역에 방해되지 않는다면 그 사람들의 권리 아니겠나”라고 밝혔다. 사실상 집회를 부추기는 발언이다. 하루하루 방역에 협조하며 고통의 시간을 견디고 있는 대다수 국민의 심경과는 배치되는 생각이다.코로나로 불안한 시국이다. 일일 신규 확진자가 두 자릿수로 떨어졌다가 나흘 만에 다시 세 자릿수로 올라왔다. 수도권 2.5단계 거리두기가 2단계로 완화되고 사람이 모이기 시작하면서 우리가 방심한 결과가 수치로 나타나고 있다. 게다가 감염 경로를 알 수 없는 환자가 점점 늘어 이제는 4명에 1명꼴이다. ‘깜깜이 환자’가 늘고 있다는 것은 언제 어디서든 사람이 많이 모이는 곳에선 누구나 감염될 수 있다는 뜻이다.이번 추석 연휴 기간이 코로나 방역 관리의 시험대가 될 전망이다. 정부와 방역 당국이 추석에 고향에도 가지 말라고 하는 시국이다. 연휴 기간 유명 관광지로 휴가를 떠나는 이들에 대한 시선도 곱지 않다. 그런데 하물며 도심 한복판 광화문에서 대규모 집회라니. 있어서는 안 될 일이다. 지난 광복절 집회가 사실상 코로나 재확산을 촉발하는 계기가 됐음을 벌써 잊었는가. 이런 상황에서 드라이브스루는 상관없다며 집회를 강행하는 것은 용납할 수 없다. 집회 참석자들이 차를 타고 도심에 모인다면 토요일 극심한 교통체증은 불을 보듯 뻔하다. 또 이들이 차에서 내리지는 않는지, 창문을 열고 소리 지르지는 않는지를 감시할 공권력과 행정력 낭비는 누가 책임질 것인가. 보수단체는 당장 개천절 집회 추진을 철회해야 마땅할 것이다."
25,국민일보,"[2020 국민미래포럼] “친환경·디지털 전환, 한국이 주도권 잡아야”","우태희 대한상공회의소 상근부회장이 23일 서울 여의도 국민일보빌딩 12층 컨벤션홀에서 열린 2020 국민미래포럼 종합토론 시간에 참석자 질문에 답하고 있다. 왼쪽부터 성경륭 경제인문사회연구회 이사장, 김정원 과학기술정보통신부 정보통신정책실장, 임춘택 한국에너지기술평가원장, 장홍근 한국노동연구원 노사관계연구본부장, 우 부회장. 권현구 기자“디지털·그린 뉴딜을 토대로 한 경제·사회적 대전환은 이제 필수입니다.”정부가 중점 추진 중인 ‘한국판 뉴딜’은 코로나19로 인한 국가적 위기를 기회로 바꾸기 위해 전 산업의 혁신을 꾀한다. 23일 서울 여의도 국민일보빌딩에서 열린 ‘2020 국민미래포럼’에 참석한 전문가들은 세계적 트렌드가 된 친환경·디지털 전환의 중요성을 강조하는 동시에 한국이 주도권을 잡아야 한다고 목소리를 높였다.김정원 과학기술정보통신부 정보통신정책실장은 종합토론 세션에서 “높은 수준의 ICT(정보통신기술) 역량을 바탕으로 한 한국의 코로나 방역이 외신의 호평을 받았다”며 “4차 산업혁명 시대를 맞아 국가적 핵심 요소가 된 ‘디지털화’로 글로벌 초격차를 확대해 나가야 한다”고 말했다.디지털 뉴딜은 2025년까지 약 45조원의 국비가 투입되는 대규모 프로젝트다. 정부는 우선 ‘데이터 댐’ 구축에 힘을 기울이고 있다. 김 실장은 “물을 가뒀다가 전력 생산에 활용하는 댐처럼 공공·민간의 방대한 데이터를 수집·가공해 AI(인공지능) 학습에 활용할 수 있도록 연계하는 것이 목표”라고 말했다.데이터 댐 사업에 대한 민간의 기대도 높다고 김 실장은 전했다. 그는 “4700여개 기업이 참여를 희망할 정도로 민간의 호응이 뜨겁다”며 “국내 대표 통신·전자·IT 업체가 참여하는 민관 협력회의를 구성해 애로사항을 듣는 등 참여를 이끌어내고 있다”고 설명했다.포럼에선 기후변화와 경제위기를 동시에 극복할 수 있는 ‘그린 뉴딜’의 중요성 역시 강조됐다. 임춘택 한국에너지기술평가원장은 “기후변화 위기가 현실화된 상황에서 그린 뉴딜은 미래 세대를 위해서라도 더 이상 미룰 수 없는 상황”이라고 말했다.임 원장은 우리나라가 디지털 전환은 빠른 편이지만 탄소 저감을 위한 신재생에너지 개발 등 그린 뉴딜 분야의 발전은 상대적으로 더디다고 지적했다. 그는 “에너지 발전 구조가 세계적으로 개편되고 있다. 특히 태양광과 전기차, 배터리산업의 혁신이 어마어마하다”며 “관련 시장 가치가 전 세계적으로 2200조원에 달하는데 1년만 뒤처져도 ‘메가 트랜드’를 놓치게 될 것”이라고 우려했다.그는 그린 뉴딜의 고용 효과에도 주목했다. 임 원장은 “선진국들이 앞다퉈 그린 뉴딜에 뛰어드는 가장 큰 이유는 일자리 창출 효과 때문”이라며 “신재생에너지에 1조원을 투자하면 석탄과 원자력에 비해 배 이상 많은 일자리가 생기게 될 것”이라고 조언했다.▶[2020 국민미래포럼] 정세균 국무총리 “디지털 뉴딜도 사람으로 향해야”▶[2020 국민미래포럼] “마스크 씁시다” 권유… AI동영상도 등장▶[2020 국민미래포럼] 이학영 위원장 “한국판 뉴딜, 선진국 자리잡는 시작점”▶[2020 국민미래포럼] 박병석 국회의장 “문명사적 전환에 국회가 협조”▶[2020 국민미래포럼] “한국판 뉴딜 성공하려면 사회적 대타협·규제 혁파 필수”▶[2020 국민미래포럼] “K뉴딜, 진화·확장형으로 추진돼야”▶[2020 국민미래포럼] “디지털 경제 대전환, 비대면 글로벌 플랫폼 기업 육성으로”▶[2020 국민미래포럼] 코로나 대처·디지털 경제 패러다임 전환 함께 이루자김성훈 조민아 기자 hunhun@kmib.co.kr"
26,국민일보,"주호영 “개천절 집회 무슨 권리로 막나, 정권비판 두려운 것”",국민의힘 주호영 원내대표가 23일 오전 서울 여의도 국회 본청앞에서 열린 호남동행국회의원 발대식에서 인사말을 하고 있다.  연합주호영 국민의힘 원내대표가 당 일각과 일부 보수단체가 주장하는 ‘드라이브 스루’ 개천절 집회에 대해 법규나 방역수칙이 위반되지 않으면 막을 수 없다는 기존 입장을 되풀이했다. 다만 집회 주최의 주장에 다 동의하지 않는다는 입장도 분명히 했다.주 원내대표는 23일 오전 국민의힘 호남동행 의원 발대식에 참석해 “(드라이브 스루 집회는) 그 사람들의 정치적 주장인데 그게 뭐가 문제냐”며 “교통법규에 위반되지 않고 방역에 방해되지 않으면 막을 수 있는 것이 뭐가 있냐”고 말했다.전날 주 원내대표는 기자들에게 “드라이브 스루 방식이 교통과 방역에 방해되지 않는다면 그 사람들의 권리 아니겠냐”고 말해 여당으로부터 개천절 집회를 방조하는 것 아니냐는 공격을 받았다.드라이브 스루 집회를 주장한 김진태 전 미래통합당(현 국민의힘) 의원  김진태 전 의원 페이스북 캡처그는 이러한 비판에 대해 “더불어민주당에서 그런 말 하는 사람들은 정권 비판이 두려운 것”이라고 지적하며 “우리는 그 사람들 주장에 다 동의하지 않는다”고 강조했다.그러면서 “하지만 방역과 교통에 방해되지 않으면 헌법상 권리인 것을 무엇으로 막나. 저 사람들(여당)은 정권 비판을 하려는 사람들 입을 틀어막으려 하는 것”이라고 했다.김종인 비상대책위원장이 개천절 집회를 미뤄달라고 한 내용과 배치되는 것 아니냐는 지적에는 “전체가 빡빡하게 모여서 코로나 방역에 방해되는 걸 걱정하는 것”이라며 “정치적 주장을 하지 말라고까지 우리가 요구하거나 강요할 권리가 없다”고 지적했다.국민의당 안철수 대표(오른쪽)와 국민의힘 주호영 원내대표가 23일 오전 서울 여의도 켄싱턴호텔에서 ‘대한민국의 미래와 야권의 혁신과제’를 주제로 열린 ‘대한민국 미래혁신포럼’에서 이야기하고 있다.   연합한편 이날 장제원 국민의힘 의원이 주최한 미래혁신포럼 초청특강에 안철수 국민의당 대표가 참석했다. 특강에는 주 원내대표를 비롯해 국민의힘 의원만 20여명이 참석했다.양당 간 협력이 계속 이어지는 부분에 대해 주 원내대표는 “여전히 정치는 통합이고 세력을 넓혀가는 것이기 때문에 외연을 확장하고 같이 가는 것은 필요하다고 본다”며 “다만 언제 어느 때에 하는 것이 효과가 극대화되는지에 대해서는 사람마다 생각이 다 다를 수도 있다”고 말했다.안 대표와의 연대에 부정적인 시각을 꾸준히 드러나고 있는 김 비대위원장에 대해서는 “비대위원장도 언젠가 연대해야 한다는 생각은 하고 있을 것 같다”고 덧붙였다.▶집합금지 명령 무시해 기소된 김문수 “코로나 독재”…또 집회 예고김이현 기자 2hyun@kmib.co.kr
27,국민일보,"정은경 봉준호, ‘타임’ 선정 영향력 있는 세계 100인 포함","정은경 질병관리청장이 미국 시사주간지 ‘타임’지가 선정한 2020년 영향력 있는 세계 100인 명단에 포함됐다.청와대 관계자는 23일 “정 청장은 한국인 중 ‘리더 분야’에서 유일하게 타임 100인에 선정됐다. 정 청장 선정 사실을 알리는 기사엔 문 대통령 명의의 소개 글이 실린다”며 “K-방역이 전세계가 본받아야 할 글로벌 모범임을 세계가 인정한 것”이라고 말했다.청와대 관계자는 “타임지가 정 청장이 코로나 방역 관련해 뛰어난 성과와 업적을 보여, 정 청장을 선정하기로 했다는 이메일을 보내왔다”고 설명했다.정 청장 외에 봉준호 감독은 ‘아티스트’로 100인 명단에 포함됐다. 봉 감독은 올해 칸 영화제 황금종려상, 아카데미 작품상·감독상·각본상·국제장편영화상 등 4개 부문을 수상했다. 봉 감독의 소개 글은 배우 틸다 스윈튼이 썼다. 청와대는 “ 매우 기쁜 소식이며, 축하의 말씀을 전한다”고 했다.앞서 지난 2018년엔 문 대통령이 같은 명단에 이름을 올린 바 있다.임성수 기자 joylss@kmib.co.kr"
28,국민일보,[단독] 섬마을에 마스크 ‘드론 배송’… 11억원 사회적 가치 창출,"섬마을에 사람이 직접 가는 대신 드론을 띄워 마스크를 배송할 때 창출되는 사회적 가치 및 방역 효과가 약 11억원에 달한다는 통계가 나왔다. 포스트 코로나 시대에 최적화된 ‘비대면 방역 기술’로 드론이 주목받고 있다. 국토교통부와 지방자치단체는 잇따라 드론을 활용한 도심지 음식 배달 및 코로나19 방역 활동에 나섰다.22일 두산그룹에 따르면 두산이 지난 4월 진행한 ‘섬마을 마스크 드론 배송’(사진) 프로젝트의 사회적 가치를 금액으로 환산한 결과 약 11억6500만원으로 집계됐다. 앞서 두산모빌리티이노베이션은 수소 드론을 활용해 약국 등 공적 마스크 판매처가 없는 제주도 부속 섬 세 곳(가파도, 마라도, 비양도)에 마스크를 배송했다. 배송 거리는 왕복 20㎞고 배송한 마스크 무게는 3㎏였다.수소 드론의 사회적 가치를 금액으로 환산한 시도는 이번이 처음이다. 두산이 그룹 내부적으로 활용하는 ‘제품과 서비스에 대한 사회적 가치 측정방법론’을 적용했다. 한국생산성본부(KPC) 사회가치혁신센터가 측정 지표와 계산식을 검증했다.마스크가 무사히 배송돼 코로나19를 예방하고 주민들의 치료비나 경제적 피해를 최소화한 가치(회피 가치)가 약 10억원으로 측정됐다. 여기에는 질병관리본부가 지난 11일 발표한 국내 평균 감염률(10만명 당 42명)이 적용됐다. 두산 관계자는 “섬 세 곳 주민 490명에 평균 감염률을 곱해 가상 확진자 수를 구했다”며 “가상 확진자에게 투입될 치료비, 방역비와 이들이 경제활동을 멈췄을 때 예상되는 소득 피해를 더한 값”이라고 설명했다.드론에 활용된 친환경 에너지 수소의 환경 보호 가치(개선 가치)는 약 500만원으로 계산됐다. 이는 섬 주민 490명이 마스크를 사러 배를 타고 제주도 본섬으로 왕복하는 과정에서 발생하는 기회비용과 5668㎏의 이산화탄소 배출을 고려한 금액이다.배송 산업 생태계 내 신규 사업 창출 가치(신규 가치)는 1억6000만원으로 추산됐다. 두산 관계자는 “섬, 산간 등 도서 지역은 일반적으로 배송이 어려워 배송비가 비싸게 측정된다”며 “그러나 드론 물류 서비스를 활용하면 저렴한 가격에 서비스 공급이 가능하다”고 말했다.정부와 지자체도 적극 ‘드론 코로나 방역’에 나서고 있다. 국토부는 지난 19일 ‘우리 생활을 편리하게 하는 안전한 드론’이라는 주제로 세종시 호수공원 일대에서 음식, 마스크 배달을 시연했다. 드론 5대가 1.5~2.5㎞ 거리를 통과해 평균 10분 내로 마스크와 손 세정제, 다양한 음식을 배달했다. 경북 포항은 지난 7월부터 공원 등 사람들이 많이 찾는 곳을 대상으로 농업용 드론을 이용해 소독약을 살포하는 방역 활동을 하고 있다.해외에서도 최초 발병지 중국을 중심으로 ‘드론 방역’이 부상하고 있다. 중국 선전시는 드론 100여대에 고성능 스피커와 열 감지 센서를 장착해 발열 환자 감지 및 소독약 살포에 사용하고 있다.안규영 기자 kyu@kmib.co.kr"
29,국민일보,‘드론으로 마스크 배송’ 사회적 가치가 11억원?…‘드론 방역 시대’ 왔다,"두산모빌리티이노베이션의 수소드론이 지난 4월 약국 등 공적 마스크 판매처가 없는 제주도 부속 섬 세 곳(가파도, 마라도, 비양도)에 마스크를 배송하는 모습. 두산 제공섬마을에 사람이 직접 가는 대신 드론을 띄워 마스크를 배송할 때 창출되는 사회적 가치 및 방역 효과가 약 11억원에 달한다는 통계가 나왔다. 포스트 코로나 시대에 최적화된 ‘비대면 방역 기술’로 드론이 주목받고 있다. 국토교통부와 지자체는 잇따라 드론을 활용한 도심지 음식 배달 및 코로나19 방역 활동에 나섰다.22일 두산그룹에 따르면 두산이 지난 4월 진행한 ‘섬마을 마스크 드론 배송’ 프로젝트의 사회적 가치를 금액으로 환산한 결과, 약 11억6500만원으로 집계됐다. 앞서 두산모빌리티이노베이션은 수소 드론을 활용해 약국 등 공적 마스크 판매처가 없는 제주도 부속 섬 세 곳(가파도, 마라도, 비양도)에 마스크를 배송했다. 배송 거리는 왕복 20㎞고 배송한 마스크 무게는 3㎏였다.수소 드론의 사회적 가치를 금액으로 환산한 시도는 이번이 처음이다. 두산이 그룹 내부적으로 활용하는 ‘제품과 서비스에 대한 사회적 가치 측정방법론’을 적용했다. 한국생산성본부(KPC) 사회가치혁신센터가 측정 지표와 산식을 검증했다.마스크가 무사히 배송돼 코로나19를 예방하고 주민들의 치료비나 경제적 피해를 최소화한 가치(회피 가치)가 약 10억원으로 측정됐다. 여기에는 질병관리본부가 지난 11일 발표한 국내 평균 감염률(10만명 당 42명)이 적용됐다. 두산 관계자는 “섬 세 곳 주민 490명에 평균 감염률을 곱해 가상 확진자 수를 구했다”며 “가상 확진자에게 투입될 치료비, 방역비와 이들이 경제활동을 멈췄을 때 예상되는 소득 피해를 더한 값”이라고 설명했다.원희룡(왼쪽 세 번째) 제주지사가 지난 4월 수소 드론을 이용한 도내 섬 지역 공적 마스크 배송 현장을 찾아 드론을 보고 있다. 두산 제공드론에 활용된 친환경 에너지 수소의 환경 보호 가치(개선 가치)는 약 500만원으로 계산됐다. 이는 섬 주민 490명이 마스크를 사러 배를 타고 제주도 본섬으로 왕복하는 과정에서 발생하는 기회비용과 5668㎏의 이산화탄소 배출을 고려한 금액이다.배송 산업 생태계 내 신규 사업 창출 가치(신규 가치)는 1억6000만원으로 추산됐다. 두산 관계자는 “섬, 산간 등 도서 지역은 일반적으로 배송이 어려워 배송비가 비싸게 측정된다”며 “그러나 드론 물류 서비스를 활용하면 저렴한 가격에 서비스 공급이 가능하다”고 말했다.정부와 지자체도 적극 ‘드론 코로나 방역’에 나서고 있다. 국토부는 지난 19일 ‘우리 생활을 편리하게 하는 안전한 드론’이라는 주제로 세종시 호수공원 일대에서 음식, 마스크 배달을 시연했다. 드론 5대가 1.5~2.5㎞ 거리를 통과해 평균 10분 내로 마스크와 손 세정제, 다양한 음식을 배달했다. 경북 포항은 지난 7월부터 공원 등 사람들이 많이 찾는 곳을 대상으로 농업용 드론을 이용해 소독약을 살포하는 방역 활동을 실시하고 있다.해외에서도 최초 발병지 중국을 중심으로 ‘드론 방역’이 부상하고 있다. 중국 선전시는 드론 100여대에 고성능 스피커와 열 감지 센서를 장착해 발열 환자 감지 및 소독약 살포에 사용하고 있다.안규영 기자 kyu@kmib.co.kr"
30,국민일보,"부산시, 코로나 방역 의지 없다···‘뻥 뚫린 방역 민폐’","부산시가 ‘코로나19’에 대한 경각심을 상실한 채 확산 방지에 대한 의지가 없다는 지적이다.자가격리자가 타 시도로 나흘 동안 무단이탈한 것을 알면서도 해당 자치단체에 알리지도 않은 것은 물론 자가격리자에 대한 최소 하루 두 차례의 확인도 이뤄지지 않으면서 형식적인 방역에 나서고 있다는 것이다.전국이 강도 높은 사회적 거리두기로 코로나19 종식을 위해 노력하고 있는데도 부산시가 타 시도의 민폐가 되고 있는데 따라 방역당국 담당자들에 대한 책임론이 불가피하다는 여론이다.21일 전남도에 따르면 부산에서 코로나19 확진자와 접촉한 60대 남성 A씨가 자가격리 통지를 받고도 순천의 한 장례식장에서 가족의 장례를 치르기 위해 4일간이나 머무른 후 확진판정을 받았다.A씨에 대한 방역 관할지역인 부산시 북구청은 A씨에게 자가격리를 통보하는 과정에서 순천으로 이동한 것을 확인하고도 관할 순천시 보건소에 통보하지 않았다.특히 이를 알면서도 하루 2회 실시하는 A씨에 대한 모니터링도 제대로 하지 않은 허술한 대응에 따라 애꿎은 순천시를 비롯한 인근 자치단체들이 긴장감에 휩싸였다.더구나 이 지역은 최근 20일 동안 확진자가 60명 넘게 양산되며 한바탕 코로나19 홍역을 치뤘다. 이로 인해 지역경제는 침체의 늪에 빠져 허우적거리고 있다.지역민들은 잠시 숨을 고를 사이 때 아닌 부산발 코로나19가 확산될까 노심초사하고 있다.A씨는 부산 362번 확진자와 지난 6일 부산의 한 도심 식당에서 접촉해 17일 오후 21시55분쯤 부산 북구 보건소로부터 자가격리 대상자로 통지받았다.하지만 이미 전날인 16일 버스를 타고 순천으로 이동했던 A씨는 친척집에 들러 하루 머무른 후 가족의 장례를 치르기 위해 3일간 순천의 한 장례식장에 머물렀다.이후 19일 친척과 함께 자가용을 타고 부산 자택으로 이동한 뒤 20일 부산 북구 보건소 선별진료소에서 검체를 채취해 21일 확진 판정을 받았다.A씨가 순천의 친척들에게 확진 사실을 알림에 따라 순천보건소는 자가격리 사실을 알게 됐고, 곧바로 심층 역학조사를 벌여 접촉자 등을 분류한 뒤 장례식장 방역조치를 완료했다.전남도는 이같은 사실을 질병관리청에 보고하고, 즉시 해당 장례식장 CCTV 영상과 GPS 등을 확인해 171명의 신원을 확인해 검사에 들어갔으며, 나머지 추가 접촉자에 대한 확인 작업을 벌이고 있다.또 재난문자를 활용해 A씨의 이동 경로인 장례식장과 버스터미널, 추모공원 등의 이용자들을 파악하고 있다.전남도는 이와 관련해 자가 격리 통보를 받고도 격리 지침을 어긴 A씨에 대해 부산시와 협의해 경찰에 고발하고 필요한 경우 구상권을 청구할 방침이다.또한 부산시 북구보건소 측의 자가격리 통보 과정 및 모니터링 내용에 대한 허점 여부 등에 대한 자세한 내용을 파악하고 있다.전남도는 지난 17일 오후 1시30분부터 19일 오전 9시30분까지 순천 한국병원 장례식장 이용자, 방문객 등에게 보건소 선별진료소에서 검사를 즉시 받고, 스스로 격리에 들어갈 것을 당부했다.순천=김영균 기자  ykk222@kmib.co.kr"
31,국민일보,“코로나 방역·차별금지법에 역차별 없게 해야”,"김태영 한교총 대표회장(왼쪽)과 이낙연 더불어민주당 대표가 17일 서울 종로구 한교총 사무실에서 만나 악수하며 기념사진을 찍고 있다. 강민석 선임기자이낙연 더불어민주당 대표가 17일 당대표 취임 후 처음으로 한국교회 대표 연합기관인 한국교회총연합(한교총)과 한국기독교교회협의회(NCCK)를 잇달아 방문했다. 이 대표 측과 교계는 이 자리에서 교회에 대한 정부 방역 조치와 포괄적 차별금지법(차금법) 등 교계의 관심사를 놓고 상호 협의해나가기로 했다.이 대표는 오후 3시 30분쯤 서울 종로구 연지동 한국기독교회관 내 한교총 사무실을 찾아 김태영 문수석 류정호 대표회장과 만났다. 더불어민주당 측에서는 김진표 박찬대 의원, 오영훈 비서실장, 허영 대변인이 참석했다.이 대표는 “근현대사에서 교계는 시대마다 가장 절박한 과제를 푸는 데 이바지해 왔다”면서 “국민 통합과 소외된 이웃을 위한 나눔 사역에 종교가 해왔던 역할은 그 누구도 가볍게 생각하지 못할 것”이라고 답했다. 이어 “지금 코로나19로 많은 국민이 걱정하시고 고통을 겪고 있다”며 “교단으로서도 고민이 없지 않으시겠지만, 총회장님과 지도자 여러분께서 국민의 생명을 보호하는 일에 도움 주심에 감사드린다”고 말했다. 이어 정부와 잘 협의해 코로나19 관련 문제를 원만하게 대처해가도록 지도력을 발휘해달라고 당부했다.이에 김태영 대표회장은 이 대표에게 이념 과잉시대 포용의 정치를 펴줄 것을 주문했고, 류정호 대표회장은 초갈등 시대 속에서 넓은 마음으로 국민이 편안한 정치를 해달라고 요청했다. 문수석 대표회장은 성과에 조급하지 않은 정치를 해달라고 했다.30여분간 환담에 이어 이 대표는 오후 4시쯤 같은 건물의 NCCK 사무실을 찾아 윤보환 회장과 이홍정 총무를 만났다. 윤 회장은 대면예배와 차금법에 관한 입장을 전했다. 윤 회장은 “교회가 억울함을 느끼지 않도록 공정성을 생각해달라”면서 “교회는 앞으로 방역을 위해 더욱 힘쓸 것”이라고 말했다. 차금법에 대해서는 성경과 어긋나는 부분을 반대하는 것이라며 역차별적 요소가 없도록 신경 써달라고 했다.임보혁 기자 bossem@kmib.co.kr신청하기국내외 교계소식, 영성과 재미가 녹아 있는 영상에 칼럼까지 미션라이프에서 엄선한 콘텐츠를 전해드립니다.샘플보기뉴스레터 구독신청"
32,국민일보,"문 대통령 “창원 산단, ‘K-경제 주역”…김경수 지사 격려","문재인 대통령은 17일 경남 창원을 방문해 “지금 창원 국가산업단지는 ‘스마트그린 산단’으로 변모하면서 한국판 뉴딜의 상징이 되고 있다”며 “한국판 뉴딜의 상징 ‘스마트그린 산단’은 포스트 코로나 시대 ‘K-경제’의 주역이 될 것”이라고 말했다.문 대통령은 이날 ‘한국판 뉴딜’ 현장행보를 위해 창원 국가산단을 찾아 “‘스마트그린 산단’은 추격형 경제에서 선도형 경제로 거듭날 ‘제조업 혁신전략’이자 우리 경제의 나침판이 될 것”이라며 “또한 지역경제를 살릴 ‘국가균형발전 전략’이 될 것”이라고 했다.스마트그린 산단은 산업단지 전체를 디지털과 친환경이 융합된 첨단 기지로 육성하는 사업이다. 정부는 2025년까지 3조2000억원을 투입할 계획이다.문 대통령은 그러면서 “과감한 도전에 나서주신 경남도민과 창원시민, 경남의 기업들과 김경수 지사를 비롯한 관계자 여러분께 뜨거운 응원의 박수를 보낸다”고 했다. 김 지사는 문 대통령의 최측근이다. 최근 재난지원금 지급 등 정책 현안에 대해 활발히 목소리를 내고 있다.문 대통령은 또 “‘스마트그린 산단’은 포스트 코로나와 기후변화 시대의 새로운 경쟁력”이라며 “ 디지털 기술로 에너지 소비와 환경오염을 줄이면서 신재생에너지 같은 신산업 성장과 함께 일자리를 늘릴 것”이라고 했다. 그러면서 “대한민국은 이제 어제의 대한민국이 아니다”며 “우리는 IT 강국으로 수소차 같은 그린 경제에도 앞서나가며 한류와 영상산업뿐 아니라 코로나 방역에서도 세계를 선도하고 있다”고 했다.김경수 지사는 창원 산단에 대한 발표에서 문 대통령에게 감사의 뜻을 전했다. 김 지사는 “이런 창원 국가산단에 새로운 기회를 문재인 대통령께서 만들어주셨다”며 “지난 2018년 12월 바로 이곳 창원을 직접 찾아주셔서 대한민국의 제조업의 희망을 스마트 제조혁신을 통해서 만들어가겠다고 발표를 하셨다”고 말했다.김 지사는 이어 “국민소득 4만불 시대를 창원이 앞장서서 이끌어가겠다”며 “대한민국 제조업의 심장이 다시 뛸 수 있도록 만들어 주신 문재인 대통령께 진심으로 감사를 드린다”고 말했다.임성수 기자 joylss@kmib.co.kr"
33,국민일보,코로나 방역으로 한라산 5개 대피소 임시 폐쇄,"한라산 대피소가 임시 폐쇄된다.15일 한라산국립공원은 신종 코로나바이러스감염증(코로나19) 확진자가 다녀간 것으로 확인됨에 따라 이날부터 내달 4일까지 코로나19 방역차 진달래밭, 삼각봉, 윗세오름, 속밭 대피소와 어리목 쉼터 등 5개 한라산 대피소를 임시 폐쇄한다고 밝혔다.제주도 방역당국에 따르면 성남시 377번 확진자가 지난 5일 오전 8시부터 오후 6시까지 한라산을 방문했다.377번 확진자는 지난 5~6일 제주를 방문했고, 경기도로 돌아간 6일부터 오한과 근육통 등 코로나19 증상을 보였다. 10일 경기도 안양시 확진자의 접촉자로 분류돼 11일 확진 판정을 받았다.국립공원 측은 해당 대피소를 폐쇄조치하고 등반객들의 이용을 막을 계획이다.한라산 등반은 기존과 같이 가능하다.제주=문정임 기자 moon1125@kmib.co.kr"
34,국민일보,심상정 “코로나 방역 2단계부터 전국민 재난수당 지급” 주장,"정의당 심상정 대표가 15일 국회 본회의에서 비교섭단체 대표연설을 하고 있다. 연합뉴스정의당 심상정 대표는 15일 “코로나 방역 2단계부터는 전 국민 재난기본수당을 지급해야 한다”고 거듭 강조했다.심 대표는 이날 국회 비교섭단체 대표연설에서 “방역 2단계부터는 필연적으로 경제활동 제한 조치가 따르고, 대부분 국민은 소득 감소, 단절을 겪는다”며 이같이 밝혔다.심 대표는 “방역 단계별 ‘코로나 재난 매뉴얼’을 정기국회에서 제도화해야 한다”며 “피해 자영업자, 소상공인 등에 대한 임대료와 공과금(전기·통신료) 감면 방안을 담아야 한다”고 제안했다. 이어 “코로나 민생의 가장 높은 장벽은 임대료”라며 “임대인도 피해단계별 임대료 감면에 동참하도록 하고 연말정산에서 감면액만큼 소득공제해주는 방안을 도입해야 한다”고 덧붙였다.심 대표는 정리해고를 맞고 있는 이스타항공 사태와 관련해 “기업, 정부, 여당 그 누구도 대량해고를 막기 위해 노력한 흔적은 눈곱만큼도 찾아볼 수 없다”고 비판했다.이어 이 회사 창업주인 더불어민주당 이상직 의원을 겨냥해 “212억 자산가가 5억 고용보험료를 떼먹어 (고용인이) 고용안정기금조차 못 받고 있다”며 “이런 악덕 기업주에게 금배지 달아준 집권 여당이 나 몰라라 하고 있으면 되느냐”고 비판했다.박세환 기자 foryou@kmib.co.kr"
35,국민일보,[기고] 코로나19 확산의 주범은 누구인가,"이것이 알고 싶다, 코로나19 확산의 주범은 누구인가황성주(사랑의병원 병원장, KWMA 부이사장)최근 기독교는 품격과 공공성 측면에서 한국 사회로부터 낙제점을 받았다. 이번에 전광훈 목사는 정말 자중했어야 했다. 사실 그는 시대가 요구하는 강점을 가진 사람이다. 그런데 겸손이 부족했다. 정말 자기성찰이 필요한 사람이었다. 그의 지나친 자기 확신은 정반대 결과를 낳았고 국민들로부터 모든 신뢰를 잃었다. 그것도 결정적인 시기에 두 번씩이나. 그는 이번 일을 통해 역사의 무대에서 사라질 정도로 타격을 받게 됐다. 문제는 한국교회도 같은 강도로 타격을 받았다는 사실이다. ‘극우=기독교’ 공식은 더 이상 안 된다. 엄밀하게 표현하면 ‘보수=기독교’ 등식도 현재의 상황에선 존립이 어렵게 됐다.기독교는 보수도 진보도 아니다. 성경은 ‘좌로나 우로나 치우치지 말고 네 발을 악에서 떠나게 하라(잠 4:27)’고 명령하고 있다. 오직 진리의 말씀을 붙잡고 악에서 떠나는 것만이 살 길이다. 우리는 보수파도 진보파도 아니고 ‘진리파’인 셈이다. 보수도 악을 포함하고 있고 진보도 악을 포함하고 있음은 누구나 안다. 그러면서도 우리는 보수이며 진보이다. ‘진리의 사수’라는 측면에서는 보수이고, ‘날마다 새로운 혁신’이라는 측면에선 진보이다. 변함없는 사랑의 원리에서는 보수요, 정의사회 구현이라는 차원에선 진보다.최근 코로나19의 확산의 주범은 교회가 아니다. 정은경 초대 질병관리청장이 여러 차례 경고한 것처럼 이미 조용히 확산되고 있었다. 질병관리본부가 밝힌 것처럼 코로나19의 변종인 GH형이 한국에서 처음 시작된 곳은 5월초 이태원 클럽이었다. GH형은 확산 속도가 6배나 빠른 반면 치사율은 약하다. 262명의 확진자를 찾아냈지만 숨은 감염자를 찾는 것은 불가능했다.정부는 그들이 동성애자라는 사실을 철저히 은폐시켰고 그들은 GH형의 계속적인 감염원이 됐을 가능성이 높다. 사실 정부가 그들의 신분을 공개하고 클럽을 샅샅이 뒤져 전국의 동성애자들을 철저히 관리했어야 했다. 코로나 방역 실패는 그것만이 아니다. GH형의 특성을 빨리 파악하고 5~7월 사이에 강력한 홍보와 예방조치를 취했어야 했다. 깜깜이 감염의 근원은 바로 그 시점이었다.더욱이 지금은 검사를 하면 할수록 확진자가 나오는 상황이기에 어떤 대상에 집중하느냐에 따라 통계가 달라질 수 있다. 최근 발생 증가의 원인으로는 매일 2만여건에서 최대 5~7만여건으로 검사수가 증가한 것도 무시할 수 없다. 지금의 검사 방법은 위양성이 높다. 즉 양성이 아닌 검사자가 양성으로 되는 에러가 높은 검사이다. 음성이 양성이 되고 양성이 음성이 되는 일이 많은 것도 이 때문이다. 민감도를 높이면 양성 비율이 높아지고 민감도를 낮추면 양성 비율이 낮아진다. 특정 집단에게 양성 비율이 지나치게 높게 나오는 것은 검사의 정확도를 의심받을 여지가 많다.최근 확진자 중 사랑제일교회 관련자 비율은 점점 감소하고 있다. 나머지는 이미 조용히 확산된 상태라는 것을 방증한다. 한 방송사는 성북구 체대입시 학원에서 “그냥 검사했더니 33%…무증상이 깜깜이로”라고 보도했다. 이는 교회나 광화문 집회와 관련이 없는 불특정 집단이 혹시나 해서 전수검사를 했는데 33%가 이미 감염돼 있었다는 사실이다. 정말 심각한 일이다. 이런 상황에선 검사를 하면 할수록 확진자가 많이 나온다. 지금 유행하는 코로나 GH형의 특성상 치사율이 높지 않다는 것을 감안하면 이제 집단면역 전략도 깊이 고려할 필요가 있다. 즉 정상적 경제 활동을 하면서 집단 감염을 유도해 가을철 폭발적 2차 유행을 예방하는 시책을 강구할 필요가 높아지고 있다.사랑제일교회 등 일부 교회에서 확진자가 많았던 것은 유감스러운 일이다. 일부 교인들이 방역당국에 대해 협조하지 않는 태도도 개탄스럽다. 그러나 전국 8만여 교회 중 일부 교회에서 발생했다고 모든 교회를 코로나 확산의 주범으로 돌리는 것은 더욱 유감스러운 일이다. 그러면 지금까지 발생한 직장 사업장 유흥업소 체육시설, 각종 경조사, 소그룹 모임을 모두 적으로 돌려야 한다. GH형은 치사율이 높지 않아 강한 인플루엔자 수준밖에 안 된다. 그런데 확진됐다는 사실 하나만으로 죄인 취급을 받고 직장과 사업장이 폐쇄돼 경제적 치명타를 입고 있다. 이러니 최근 국민들 사이에서는 ‘코로나 공포 마켓팅’이라는 단어가 유행하고 있다.물론 정부도 억울한 면이 있을 것이다. 이러한 의심을 벗어나려면 ‘코로나19 국민보건의료감시단’을 결성해 코로나19의 현황, 검사의 정확성, 민감도 관리의 객관성을 감시할 필요가 있다. 그리고 모든 관련 자료를 공개해야 한다. 더욱이 코로나19를 통해 특정 집단을 매도하는 것은 선량한 국민들을 피해자로 만들게 된다는 사실을 명심할 필요가 있다.광화문 집회 참석자들에게 검사를 권하면서 같은 날 열린 민노총에 대해서는 아무런 조치를 취하지 않은 것도 국민들의 불신을 사고 있다. 정부는 이태원 클럽 이후의 방역 실패를 전광훈 목사와 광화문 집회 탓으로 돌리지 말아야 한다. 부동산 민생 파탄과 무너진 경제, 타락한 리더십에 대한 국민들의 원망을 코로나 확산 공포로 감추려는 인상을 주지 말아야 한다. 코로나 확산 방지는 국민들의 눈물겨운 노력과 적극적 협조로 이루어지고 있다.전국 교회에 대해서는 대면 예배금지 행정명령을 내렸다. 이는 단순하게 볼 사안이 아니다. 이미 모든 영역에서 2단계 방역 조치가 발효중이고 수도권에서는 2.5단계에서도 대부분 교회가 이 일에 앞장서왔다. 법 시행은 객관성과 공평성이 중요하다. 그런데도 교회만을 향해 기다렸다는 듯 특별 조치를 취한 것은 유감스런 일이다. 교회는 예배와 모임이 생명이다. 그러나 시민공동체의 일원으로서 교회는 법은 준수해야 한다. 한 문이 닫히면 다른 문이 열린다. 대면예배 금지로 성도들의 생명선이 끊어진 것 같지만 하나님은 새로운 문을 여신다는 것을 기억하자.동서남북이 막히면 하늘문을 여신다. 작금의 모든 상황은 모든 성도가 평신도 선교사의 삶을 살라는 신호탄이다. 이 모든 사태를 계기로 ‘침투적 소그룹 공동체’라는 교회의 본질이 회복될 것이다. ‘교회 중심 신앙’에서 ‘하나님 나라 중심 신앙’으로 전환되는 계기가 될 것이다. ‘예배의식’에 ‘삶으로 드리는 예배’가 추가되어 온전한 예배로 성숙해 갈 것이다. ‘건물신앙’에서 ‘보좌 앞 신앙’으로 대체되어 천만 성도가 하늘문을 열고 기도하는 계기가 될 것이다.제2의 교회 부흥의 계기가 될 것이다. 만인제사장에서 만인사역자와 만인선교사로 대전환이 일어날 것이다. 천만 성도가 무릎선교사로 헌신하여 세계를 품고 기도하는 역사가 일어날 것이다. 엄청난 선교부흥이 일어날 것이다. 교회 부흥의 정의가 ‘얼마나 모이느냐’에서 ‘얼마나 많이 파송하느냐’로 바뀔 것이다. 하나님의 계산대로 세계 역사는 한 치의 오차 없이 움직이고 있다. 하나님은 살아계신다.신상목 기자 smshin@kmib.co.kr신청하기국내외 교계소식, 영성과 재미가 녹아 있는 영상에 칼럼까지 미션라이프에서 엄선한 콘텐츠를 전해드립니다.샘플보기뉴스레터 구독신청"
36,국민일보,"문 대통령, 거리두기 조정에 “생계유지 최소한의 조치”","문재인 대통령은 2일 수도권 사회적 거리두기 2단계 조정에 대해 “방역의 긴장을 지켜나가면서 한계 상황에 처한 중소상공인과 자영업자들이 생업을 포기하지 않고 생계를 유지할 수 있게 하는 최소한의 조치”라고 말했다. 그러면서 “코로나가 완전히 종식될 때까지는 방역과 경제의 아슬아슬한 균형을 잡아나갈 수밖에 없다”고 했다.문 대통령은 이날 청와대에서 주재한 수석·보좌관 회의에서 이같이 말하며 “철저하고 엄격한 방역 기조를 유지하면서 경제적 타격을 최소화하기 위한 불가피한 선택임을 국민들께서 이해해 주시기 바란다”고 당부했다.문 대통령은 수도권 사회적 거리두기 하향 조정 배경에 대해 “우선 그동안의 강화된 방역 조치가 효과를 발휘하고 있다는 판단이 밑바탕이 되었다”며 “전국적으로 한때 400명을 넘게 발생했던 국내 감염 일일 확진자 수가 지속적으로 줄어들어 100명 안팎으로까지 떨어졌다. 여전히 안심할 수 없는 상황이지만 최근 한 달간의 코로나 재확산 상황은 서서히 진정되어 가고 있다고 말씀드릴 수 있다”고 했다. 문 대통령은 이어 “코로나가 우리 방역 체계의 통제 범위 안에 있다는 판단과 함께 장시간 영업 중지와 제한으로 생계의 위협에 직면한 분들에게 무작정 희생만을 강요할 수 없는 상황이 방역 조치를 조정할 수밖에 없는 또 다른 이유가 되었다”며 “코로나에 앞서 생활고 때문에 먼저 쓰러질 상황이라는 절박한 호소에 응답하지 않을 수 없다”고 했다. 그러면서 “이번 방역 조치 조정으로 영업에 조금이라도 숨통이 트이고, 생업을 지켜나가는데 도움이 되길 기대한다”고 했다.문 대통령은 “코로나와의 전쟁은 장기전”이라며 “정부 입장에서는 긴 시간 코로나와 함께하며 살아야 하는 상황에서 방역과 경제 어느 것 하나 소홀히 할 수 없다. 방역이 곧 경제이지만 방역이 먹고 사는 문제까지 해결해 주지 않기 때문”이라고 했다.문 대통령은 “정부는 방역도 경제도 반드시 성공시키겠다”며 “국민들께서 협력해 주신다면 더 빠르게 온전한 일상과 정상적인 경제로 되돌아갈 수 있을 것”이라고 당부했다. 임성수 기자 joylss@kmib.co.kr"
37,국민일보,추경호 “4차 추경으로 와이파이사업? 김경수 무책임해”,"국회 예산결산특별위원회 국민의힘 간사인 추경호 의원이 14일 4차 추경안에 포함된 통신비 2만원 지급을 두고 “전형적인 무차별 선심성 예산 편성”이라고 맹비난했다. 추 의원은 MBC 라디오에 출연해 “국가 전체로 보면 1조원에 해당하는 엄청난 재원”이라며 “통신비 이런 데 돈을 쓸 게 아니라 코로나 방역을 강화한다는 차원에서도 독감 무료접종을 대폭 확대해야 한다”고 주장했다.추 의원은 통신비 2만원 지급 대신 무료 와이파이망 확대를 제안한 김경수 경남도지사에 대해서도 비판을 쏟아냈다. 추 의원은 “4차 추경을 하는데 와이파이 사업 운운하는 것은 굉장히 무책임한, 생각이 없이 제안한 내용이 아닌가 생각한다”며 “와이파이 확대사업은 지금도 하고 있고 내년에도 여러 종류의 예산이 편성돼 있다”고 지적했다. 그는 현 경제 성장이 마이너스이고 지출은 계속 증가하는 상황에서 내년도 예산안이 지나치게 방만하게 편성돼있다고 했다.추 의원은 전날 이재명 경기도지사가 제안한 기본대출에 대해서도 “지금도 중소기업과 소상공인, 취약계층에 대한 여러 저리 지원 자금 프로그램이 있는데 이것을 넘어 국민에게 금융대출까지 시혜성으로 나눠준다는 것은 금융시장, 신용대출 시장을 근본적으로 망가뜨리는 발상”이라고 꼬집었다. 그러면서 “국민 세금으로 함부로 모든 민간시장에 시혜성으로 퍼준다면 남는 것은 국가 빚더미와 세금폭탄뿐”이라고 덧붙였다.이상헌 기자 kmpaper@kmib.co.kr"
38,국민일보,[사설] 2단계 완화에 방심은 금물… 추석 전 확산세 막아야,"수도권 사회적 거리두기 2.5단계가 14일부터 2주간 2단계로 완화됐다. 2.5단계를 재연장하거나 제3의 방안을 강구한다는 논의도 있었던 만큼 당초 예상보다 크게 완화된 조치다. 그만큼 “코로나에 감염돼  죽는 것보다 굶어 죽을 확률이 더 높다”는 자영업자와 소상공인의 호소가 이번 결정에 크게 작용한 것으로 보인다. 2단계 완화에 따라 일반음식점과 카페 등 민간시설의 영업 제한이 풀린다. 오후 9시 이후 야간영업이 가능해지고, 프랜차이즈 카페도 매장 내 영업이 허용된다. 정부는 추석 연휴가 코로나 방역의 중대 고비가 될 것으로 보고 오는 28일부터 2주간을 특별방역 기간으로 정하기로 했다.자영업자 입장에선 2단계 하향으로 숨통을 텄지만 방역 차원에서 보면 우려가 크다. 애초 방역 당국의 2.5단계 해제 기준은 하루 신규 코로나 확진자 두 자릿수 이하였다. 13일 0시 기준 하루 확진자는 121명으로 100명을 넘었다. 확진자 100명은 위중·중증 환자의 병상이 확보되고 의료체계가 붕괴되지 않는 기준이다. 감염경로를 알 수 없는 깜깜이 환자는 오히려 높아지는 추세로 22~24% 수준을 유지하고 있다. 방역 당국의 통제 가능한 범위인 5%를 상당히 넘어서는 수치다. 2.5단계 조치 효과가 생각보다 빨리 나타나지 않는 것도 방역 당국을 긴장시키는 요인이다. 정부는 2.5단계의 효과가 시행 후 2주면 나타날 것으로 예상했다. 그러나 2주가 지났음에도 기대만큼 수치가 좋아지진 않았다. 위중·중증 환자도 157명으로 좀처럼 줄지 않고 있다.정부가 사회경제적 영향을 고려해 거리두기를 완화했지만 국민 개개인은 이와 상관없이 개인 위생수칙을 철저히 준수해야 한다. 개인이 방역의 주체가 돼 손 씻기, 마스크 쓰기, 밀집 지역 피하기 등 이미 알고 있는 생활수칙을 잘 지키는 수밖에 없다. 일상 회복을 앞당기기 위해서는 불편하더라도 개인 방역수칙을 더 강화해야 할 때이다. 이달 말이면 민족의 명절 추석 연휴다. 아무리 정부에서 대이동을 자제하라고 해도 개인이 결심하지 않으면 소용이 없다. 벌써부터 일부 휴양지의 숙박시설에 추석 연휴 기간 예약이 몰리고 있다고 한다. 고향 대신 휴양지를 찾는다면 방역 강화의 취지가 무색해질 것이다. 코로나 확산세가 그 전까지 잡히지 않으면 추석 연휴를 기점으로 수도권에서 전국적으로 퍼질 가능성이 커질 수밖에 없다. 지금부터 2주간 방역수칙을 잘 지켜 확산세를 막고, 이번 추석만큼은 이동을 자제해 한 고비를 넘겨야 할 것이다."
39,국민일보,"정부, 가상통화 투자설명회 코로나 방역 사각지대 우려","정부가 가상통화 투자설명회를 통한 코로나19 확산 가능성에 전전긍긍하고 있다.금융위원회는 7일 “코로나19 사태로 인한 ‘사회적 거리두기’ 중에도 가상통화 등 다단계식 사업설명회가 암암리에 개최돼 방역 사각지대가 발생했다”며 “방역 지침에 따라 소규모 모임, 투자설명회 참석 등은 지양해 달라”고 요청했다.또 “기존 불법 다단계 및 방문판매업자가 가상통화 투자를 빙자해 유사수신이나 사기를 벌이는 것으로 파악된다”며 “원금과 고수익을 보장해 준다고 하면 일단 투자사기를 의심해 달라”고 했다.최근 가상통화 투자설명회는 카페 등 실내에서 비공개 강의 방식으로 소규모 인원을 대상으로 진행되는 추세다. 방역 당국은 지난달 발생한 전남 순천 홈플러스 푸드코트 집단감염이 앞서 서울 관악구에서 열린 가상화폐 사업설명회에 다녀온 사람을 필두로 시작됐다고 본다. 설명회 주최 측은 무등록 방문판매업체였다.금융위는 “(업체들은) 최신 금융기법에 익숙하지 않은 중장년층의 은퇴 후 여유자금을 노리고 접근할 가능성이 매우 높다”며 “모집해온 투자금의 일정 비율을 수당으로 지급하겠다고 제안하면 다단계 유사수신 가능성을 의심해 달라”고 했다.강창욱 기자 kcw@kmib.co.kr"
40,국민일보,“강제휴원 때문에 죽겠습니다” 중소학원 원장의 호소,"기사와 관련 없는 사진. 게티이미지뱅크사회적 거리두기 2.5단계 격상으로 학원이 문을 닫게 되면서 생계유지가 힘들다는 중소 학원 원장의 청원이 올라왔다.4일 청와대 국민청원 게시판에는 ‘학원 강제휴업 보상을 원합니다. 사회적 거리두기 3단계로 격상해도 10명 이내로 수업하게 해 주세요’라는 제목의 청원글이 올라왔다.중소 규모 학원을 운영하는 원장이라고 밝힌 청원인은 “지난 금요일에 집합금지조치에 대해 문자로 통보받았다”고 말했다. 그는 “대한민국의 국민으로서 코로나 방역에 필요한 것이라 받아들여야 하는 것을 안다”면서도 “왜 학원만 문을 닫아야 하는지 모르겠다”고 말했다.청와대 국민청원 캡처청원인은 강제휴업으로 인해 생계가 흔들리고 있다고 주장했다. 그는 “(학원이) 돈을 많이 번다고 생각하시는 분들도 있지만 일부의 이야기다. 대부분은 한 달 벌어 한 달 사는 수준”이라며 “2월 말에 위기를 느끼고 융자를 받았는데 그 돈도 다 떨어져 간다”고 호소했다.중소 규모의 학원은 온라인 수업도 힘들다는 게 청원인의 주장이다. 그는 “중소학원은 개별지도 성격이 강한데, 비대면으로는 숙제 체크와 시험 등을 구현하기 어렵다”며 “대형학원은 시스템도 잡혀있고 개발하는 팀도 있으나 중소학원은 개발도 교육도 전무하다”고 주장했다.청원인은 강제휴원이 불가피하다면 적절한 보상이 있어야 한다고 주장했다. 그는 “학원 원장도 최저생계에 대한 위험을 느끼고 있다. 이 시간에도 임대료와 관리비는 계속 나가고 있다”며 “휴원 사태가 생기면 당장 많은 학생들이 한 달 쉬겠다고 통보가 오고, 쉰 학생의 50%는 재등록하지 않는다”고 호소했다.그러면서 “상생하며 코로나 사태를 극복할 수 있게 10명 이내 모임으로 수업할 수 있게 해 달라”고 말했다.이홍근 객원기자"
41,국민일보,코로나의 역설… 살아남은 공주·창원·여수비엔날레,"코로나가 대유행하면서 대도시 비엔날레가 직격탄을 맞은 반면에 공주, 여수, 창원 등지에서 열리는 소규모 지역 비엔날레와 국제미술행사가 선전하고 있다. 사진은 충남 공주 금강자연미술비엔날레에 출품된 이이남 작가의 설치작품 ‘고흐-신-인류를 만나다’. 금강자연미술비엔날레 제공코로나 시대의 역설이다.서울·광주 등 양대 비엔날레는 내년으로 연기됐는데, 공주·창원·여수 등 지역에서 개최되는 소규모 비엔날레 및 미술행사는 살아남았다. 올가을 전국이 비엔날레로 물들어야 했지만, 코로나의 기습으로 펑크가 나는 등 얼룩이 졌다. 그런 가운데 살아남은 지역 비엔날레들이 조용히 개막했거나 막바지 개막 준비를 하며 선전하고 있다.충남 공주의 금강자연미술비엔날레는 지난 8월 29일 개막해 연미산자연미술공원등지에서 펼쳐지고 있다. ‘新섞기시대_또 다른 조우’를 주제로 총 6개국 26팀(31명)이 참여했다. 인간이 자연과 조화와 균형을 이루며 상생하면서 최초의 생산 활동을 시작했던 신석기시대를 상상하며 ‘회복’과 ‘희망’의 메시지를 던지고자 한다. 숲에 설치된 이이남 작가의 코가 문드러진 초록색 고흐 흉상은 생태에 대한 성찰을 유도한다. 임수미 총감독은 4일 “과거보다 관람객이 늘었다. 청정 숲에서 열린다는 인식 때문인지 코로나19 탓에 ‘방콕’했던 관람객이 휴식 겸 볼거리를 찾아 찾는 것 같다”고 말했다. 11월 30일까지.전남 여수에서는 여수국제미술제가 4일 개막해 10월 5일까지 2012여수세계박람회장, 엑스포아트갤러리에서 열린다. 올해 10회째다. ‘해제(解題): 금기어’를 내세운 주제전에는 뱅크시, 신미경, 정직성 등 국내외 작가 46명(팀)이, 참여전에는 지역 작가 41명(팀)이 참여한다. 죽음, 성, 배설, 질병 등 생물학적 금기어에서 빨갱이, 여혐 등 사회학적 금기어에 이르기까지 우리 사회 터부 문화에 대한 작가들의 해석을 보여준다.예컨대 김도희 작가는 아이 오줌으로 그린 장지 회화를 전시장에 설치한 비닐하우스에 빨래처럼 걸었다. 현장에서 맡는 역겨운 냄새는 아이의 야뇨증처럼 사회적 억압에 대한 무의식적 반항을 떠올리게 한다. 조은정 전시감독은 “여수에서는 지금까지 코로나 확진자가 1명도 발생하지 않았다”며 “여수시는 사회적 거리두기 2단계인 상태라 전시가 열리는 4개 장소에서 한 번에 50명씩 200명이 동시 입장할 수 있다”고 말했다.경남 창원의 창원조각비엔날레는 10주년을 맞은 올해 ‘비조각-가볍거나 유연하거나’라는 주제로 17일부터 11월 1일까지 46일간 성산아트홀, 용지공원(포정사)에서 개최된다. 김성호 총감독은 “30여 개국 90여 명의 작가가 참여하는 비엔날레를 계획대로 진행할 수 있었던 동력은 ‘언택트’와 ‘온라인’”이라며 “온라인 프로그램을 극대화했고, 실내보단 야외 설치에 비중을 뒀다”고 강조했다.부산비엔날레는 우리나라 3대 비엔날레 중 유일하게 내년으로 연기하지 않고 강행했지만, 상당 기간 개점휴업 상태로 진행될 전망이다. 코로나 방역이 2.5단계로 격상됨에 따라 전시장소가 문을 닫아야 하기 때문이다. ‘열 장의 이야기와 다섯 편의 시’를 주제로 남아공 출신 비앙카 봉기 등 34개국 89명이 참여해 을숙도 부산현대미술관, 중앙동 원도심, 영도 등지에서 작품을 선보인다. 5일 김성연 집행위원장(부산현대미술관장)과 덴마크 출신 야콥 파브리시우스 전시감독 등 최소 관계자가 참여한 가운데 온라인 개막식을 열었다.‘인공지능: 햇살은 유리창을 잃고’를 주제로 대전시립미술관에서 열리는 대전비엔날레도 부산과 같은 처지다. 8일 일단 온라인 개막하며 12월 6일까지 진행된다.  장르 특화인 대구사진비엔날레와 신생 전남국제수묵비엔날레도 내년으로 연기됐다. 미술계 관계자는 “비엔날레는 대도시에서 열리는 국제적 행사이다. 하지만 사회적 거리두기가 화두가 된 올해는 베니스비엔날레 등 세계 유수의 비엔날레가 줄줄이 미뤄졌다”며 “한국에서도 ‘대형 3대 비엔날레’가 직격탄을 맞은 가운데 상대적으로 주목받지 못한 지역의 마이너 비엔날레가 오히려 코로나로 반사이익을 보는 형국”이라고 말했다.손영옥 미술·문화재전문기자 yosohn@kmib.co.kr"
42,국민일보,"공주·여수·창원…코로나 역설, 살아남은 지역 비엔날레","코로나 시대의 역설이다.서울·광주 등 양대 비엔날레는 내년으로 연기됐는데, 공주·창원·여수 등 지역에서 개최되는 소규모 비엔날레 및 미술행사는 살아남았다. 올가을 전국이 비엔날레로 물들어야 했지만, 코로나의 기습으로 펑크가 나는 등 얼룩이 졌다. 그런 가운데 살아남은 지역 비엔날레들이 조용히 개막했거나 막바지 개막 준비를 하며 선전하고 있다.금강자연미술비엔날레에 나온 이이남 작 '고흐-신-인류를 만나다'.   주최 측 제공충남 공주의 금강자연미술비엔날레는 지난 8월 29일 개막해 연미산자연미술공원등지에서 펼쳐지고 있다. ‘新섞기시대_또 다른 조우’를 주제로 총 6개국 26팀(31명)이 참여했다. 인간이 자연과 조화와 균형을 이루며 상생하면서 최초의 생산 활동을 시작했던 신석기시대를 상상하며 ‘회복’과 ‘희망’의 메시지를 던지고자 한다. 숲에 설치된 이이남 작가의 코가 문드러진 초록색 고흐 흉상은 생태에 대한 성찰을 유도한다. 임수미 총감독은 4일 “과거보다 관람객이 늘었다. 청정 숲에서 열린다는 인식 때문인지 코로나19 탓에 ‘방콕’했던 관람객이 휴식 겸 볼거리를 찾아 찾는 것 같다”고 말했다. 11월 30일까지.전남 여수에서는 여수국제미술제가 4일 개막해 10월 5일까지 2012여수세계박람회장, 엑스포아트갤러리에서 열린다. 올해 10회째다. ‘해제(解題): 금기어’를 내세운 주제전에는 뱅크시, 신미경, 정직성 등 국내외 작가 46명(팀)이, 참여전에는 지역 작가 41명(팀)이 참여한다. 죽음, 성, 배설, 질병 등 생물학적 금기어에서 빨갱이, 여혐 등 사회학적 금기어에 이르기까지 우리 사회 터부 문화에 대한 작가들의 해석을 보여준다.여수국제미술제에 나온 김도희 작 '야뇨증'.예컨대 김도희 작가는 아이 오줌으로 그린 장지 회화를 전시장에 설치한 비닐하우스에 빨래처럼 걸었다. 현장에서 맡는 역겨운 냄새는 아이의 야뇨증처럼 사회적 억압에 대한 무의식적 반항을 떠올리게 한다. 조은정 전시감독은 “여수에서는 지금까지 코로나 확진자가 1명도 발생하지 않았다”며 “여수시는 사회적 거리두기 2단계인 상태라 전시가 열리는 4개 장소에서 한 번에 50명씩 200명이 동시 입장할 수 있다”고 말했다.창원조각비엔날레에 나온 이승택 작 '신의 배설물'.경남 창원의 창원조각비엔날레는 10주년을 맞은 올해 ‘비조각-가볍거나 유연하거나’라는 주제로 17일부터 11월 1일까지 46일간 성산아트홀, 용지공원(포정사)에서 개최된다. 김성호 총감독은 “30여 개국 90여 명의 작가가 참여하는 비엔날레를 계획대로 진행할 수 있었던 동력은 ‘언택트’와 ‘온라인’”이라며 “온라인 프로그램을 극대화했고, 실내보단 야외 설치에 비중을 뒀다”고 강조했다.부산비엔날레는 우리나라 3대 비엔날레 중 유일하게 내년으로 연기하지 않고 강행했지만, 상당 기간 개점휴업 상태로 진행될 전망이다. 코로나 방역이 2.5단계로 격상됨에 따라 전시장소가 문을 닫아야 하기 때문이다. ‘열 장의 이야기와 다섯 편의 시’를 주제로 남아공 출신 비앙카 봉기 등 34개국 89명이 참여해 을숙도 부산현대미술관, 중앙동 원도심, 영도 등지에서 작품을 선보인다. 5일 김성연 집행위원장(부산현대미술관장)과 덴마크 출신 야콥 파브리시우스 전시감독 최소 관계자가 참여한 가운데 온라인 개막식을 연다. 감독의 온라인 라이브 투어도 진행한다.‘인공지능 : 햇살은 유리창을 잃고’를 주제로 대전시립미술관에서 열리는 대전비엔날레도 부산과 같은 처지다. 8일 일단 온라인 개막하며 12월 6일까지 진행된다.한편 장르 특화인 대구사진비엔날레와  신생 전남국제수묵비엔날레도 내년으로 연기됐다.미술계 관계자는 “비엔날레는 대도시에서 열리는 국제적 행사이다. 하지만 사회적 거리두기가 화두가 된 올해는 베니스비엔날레 등 세계 유수의 비엔날레가 줄줄이 미뤄졌다”며 “한국에서도 ‘대형 3대 비엔날레’가 직격탄을 맞은 가운데 상대적으로 주목받지 못한 지역의 마이너 비엔날레가 오히려 코로나로 반사이익을 보는 형국”이라고 말했다.손영옥 미술·문화재전문기자  yosohn@kmib.co.kr"
43,국민일보,[속보] 김종인 “당 내부에서 대선후보 나올 것…확신한다”,"미래통합당 김종인 비상대책위원장과 주호영 원내대표 등 지도부가 2일 오전 서울 여의도 국회에서 열린 전국위원회에서 국기에 경례하고 있다. 연합뉴스김종인 국민의힘(옛 미래통합당) 비상대책위원장이 3일 취임 100일 기자회견을 통해 “당 내부에서 대선 후보가 나올 것이라고 확신한다”며 “당 외부에 계신 분도 흡수할 것”이라고 말했다. 현재 야권은 인물난을 겪고 있다. 향후 새로운 대선 주자를 당 내외에서 수혈할 수 있다는 뜻으로 해석된다.김 위원장은 이날 기자회견에서 “후퇴하지 않을 변화와 혁신의 DNA를 당에 확실히 심겠다”며 이같이 말했다. 김 위원장은 이날 오전 국회에서 마스크를 쓴 채 비대면 기자회견을 열고 직접 소회를 털어놨다.그는 “지난 4월 총선 패배의 충격은 당의 존립마저 위태롭게 했다. 위기의 근본 원인은 당에 반성과 혁신이 제대로 이루어지지 않은 것”이라며 “저 또한 한때 실망했지만 야당이 무너진다면 민주주의가 후퇴될 수 있다는 위기의식을 느끼고 백척간두에 선 심정으로 비대위원장직을 맡게 됐다”고 회고했다.김 위원장은 “현재 대한민국은 정부의 정책 실패로 인한 경기 침체에 더해 코로나 방역 대책 실패에 따른 타격으로 서민경제가 위태로워지고 있다. 선출된 권력이 민주주의를 유린하고, 견제와 균형의 3권 분립이 무너지며 언론마저 장악돼 권력층이 법 위에 서서 국민을 지배하는 상황”이라고 분석했다.그러면서 “대한민국과 정치에 이처럼 제1야당이 중요한 때가 없었다. 비대위원장 취임 100일도 우리가 변화와 혁신의 시동을 걸고 있는 것에 불과하다. 국민과 역사가 부여한 막중한 책임을 다하도록 최선을 다하겠다”고 다짐했다.그는 차후 개혁 방향에 대해 “개혁의 시작은 진솔한 반성에서 시작된다. 그간 우리 당은 시대 변화에 부응하지 못하는 정당, 약자와 함께하지 못하고 기득권을 옹호하는 정당, 이념에 매몰된 정당, 계파로 나눠 싸우는 정당으로 인식됐다”고 짚었다.이어 “새로운 시대정신과 함께 변화를 선도하고 국민과 함께 울고 웃을 수 있는 정당으로 나아가야 한다. 약자와 동행하는 정당, 국민 통합에 앞장서는 정당, 누구나 함께하는 정당으로 체질을 개선하겠다. 항상 진취적으로 사고하고 행동으로 실천하는 역동적이고 실행력 있는 정당이 우리가 꿈꾸는 모습”이라고 강조했다.또 “국민은 하나다. 국민에 내 편, 네 편이 따로 있을 수 없다. 국가의 총체적 위기 앞에 온 국민의 힘을 모아 전진하겠다”고 덧붙였다.김 위원장은 “현재 코로나 사태는 인류에게 뉴노멀을 요구하는 상황인데, 정부와 여당은 편협하고 단기적인 처방에 머물러 우리의 미래를 보장하지 못하고 있다”며 “큰 틀에서 위기 극복의 해법이 나와야 한다. 추경과 재난 지원은 물론 중장기적 산업 대책, 일자리 대책 마련에 나서겠다”고 밝혔다.새 정강정책과 관련해서는 “이를 기반으로 시대정신과 국민 요구를 담은 변화를 이끌어내고, 당의 조직·정책·선거 등 당 운영 전반에 혁신이 스며들게 하겠다”고 말했다.김 위원장은 “여당과도 협력할 것은 협력하고, 투쟁할 것은 투쟁하고, 경쟁할 것은 경쟁하는 건강한 미래형 정당이 되겠다”며 “국민의힘은 모든 국민과 함께 국민의 힘을 결집해 새로운 미래, 진정 국민이 주인이 되는 국민시대를 열어가겠다”고 강조했다.박세환 기자 foryou@kmib.co.kr"
44,국민일보,야 “秋 장관이 거짓말… 보좌관이 부대에 전화” 녹취록 공개,"노영민 대통령 비서실장이 2일 국회 운영위원회 전체회의에 참석해 답변을 하기 위해 자료를 살펴보고 있다(왼쪽 사진 가운데). 신원식 국민의힘 의원이 국회에서 추미애 법무부 장관 아들 휴가 특혜 의혹과 관련한 통화 녹취록을 공개하고 있다. 최종학 선임기자, 국회사진기자단노영민 대통령 비서실장은 2일 추미애 법무부 장관 아들 서모(27)씨의 ‘군 복무 중 휴가 미복귀’ 의혹에 대해 “검증 과정에서 장관으로서 적격이라고 판단했다”며 “임명에 문제가 있었다면 그건 저의 불찰”이라고 말했다.노 실장은 국회 운영위원회에 출석해 추 장관 인사 검증의 책임을 묻는 김도읍 국민의힘(옛 미래통합당) 의원의 질의에 이렇게 답했다. 서씨가 육군 카투사로 복무하며 58일간 휴가를 다녀왔다는 ‘황제 복무’ 논란이 추 장관 임명 당시 인사추천위원장이었던 노 실장에게 옮겨붙은 것이다. 노 실장은 “추 장관 아들 의혹에 대해선 상이한 의견과 주장이 있다”며 “현재 고발된 상태니 검찰 수사에서 밝혀질 것으로 믿고 있다”고 말했다. “(추 장관 아들 의혹을) 알고 추천했느냐, 모르고 추천했느냐”는 김 의원 질의에는 “대외적으로 밝힐 수 없는 영역”이라고 했다.국민의힘에 따르면 서씨는 2016년 11월부터 2018년 8월까지 21개월간 카투사로 군 복무를 했다. 카투사는 주한미군 부대에 근무하는 한국 육군의 지원 병력이다.신원식 국민의힘 의원은 국회 기자회견에서 서씨가 근무했던 부대 지원장교 A대위와의 통화 녹취록을 공개했다. 녹음 파일에 따르면 A대위는 지난달 30일 ‘추 의원 보좌관이 서 일병 병가가 연장되느냐 문의 전화가 왔다고 그랬느냐’는 신 의원 측 질문에 “예”라고 답했다. A대위는 또 “왜 보좌관이 굳이 이걸(전화를) 해야 하지 하는 생각을 했었다”면서 “보좌관 역할 자체는 국회의원의 업무를 보좌하는 건데”라고 말했다.신 의원은 “추 장관과 서울동부지검의 해명은 대국민 거짓말일 가능성이 농후하다”고 녹취록 공개 이유를 설명했다. 추 장관은 전날 “보좌관이 전화를 한 사실이 없다”며 의혹을 부인했다. 수사 중인 서울동부지검도 “(관련) 진술을 받은 적이 없다”고 했다.서씨 측도 “허위사실”이라며 강하게 반발했다. 서씨 측 변호인은 입장문을 내고 “서씨의 병가 및 휴가 내용을 조사한 결과 아무런 법적 문제가 없음을 확인했다”고 주장했다. 이들은 “서씨가 1차 병가 기간 가운데 2017년 6월 7~9일 입원 후 오른쪽 무릎 수술을 받았고, 이후 일상 거동조차 불편한 상황에서 같은 달 15~23일 2차 병가를 받았다”고 했다. 병가 신청에 필요한 서류 일체도 서씨가 소속 부대에 제출했다고 주장했다.여당은 운영위에서 코로나19 재확산 사태의 책임론을 거론하며 분위기 전환에 나섰다. 신영대 민주당 의원은 “정부의 소비 쿠폰은 지난달 중순에 신청해 이달부터 사용할 수 있었다”며 “8·15 광화문 집회발 확산이 없었다면 경제와 코로나 방역은 무너지지 않았을 것”이라고 했다. 야당은 부동산 시장 문제를 거론하며 반격했다. ‘왜 서민들이 빚내서라도 집을 사려 하느냐’는 김정재 국민의힘 의원 질의에 노 실장은 “집값 상승에 대한 기대감 때문”이라고 답했다.탁현민 청와대 의전비서관 논란도 불거졌다. 박대출 국민의힘 의원이 “지난해 노르웨이 순방 문화행사 사전답사시 탁 비서관이 현장사진을 촬영해 자신의 SNS에 올렸다가 지운 게 대통령경호법 위반 소지가 있다”고 질의하자 노 실장은 “적절치 못한 행위였다”고 했다.‘손가락 논란’이 불거지며 소동도 일었다. 회의 도중 김진애 열린민주당 의원은 “김태흠 국민의힘 의원이 질의를 마치고 제게 와 ‘끼어들지 말라’며 등을 쳐 불쾌한 얼얼함이 남아 있다”고 주장했다. 김태흠 의원은 “남의 질의에 ‘야지’(야유를 뜻하는 일본어)를 놓는 걸 지적하려다 (손가락을) 살짝 댔다”고 맞섰다. 정회 후 운영위가 속개하자 김태흠 의원은 “불쾌했다면 사과한다”고 입을 열었다. 이에 김진애 의원도 “사과를 받아들인다”면서 “야지라는 표현은 속기록에서 뺐으면 한다”고 했다.양민철 김경택 기자 listen@kmib.co.kr"
45,국민일보,"[여의도포럼] 정부와 의료계 갈등, 해결의 길은 없는가","코로나19 재확산 조짐이 보이는 엄중한 상황에서 전공의들이 무기한 집단휴진을 강행하고, 의대 교수들도 지지 의사를 밝히면서 정부와 의료계 간 갈등 해결의 기미가 보이지 않는다. 사회가 민주화될수록 갈등은 빈번히 일어나게 마련이다. 분출된 갈등을 제대로 해소하는 게 상당히 어렵고, 해소되지 않은 갈등으로 또 다른 갈등이 생기는 것은 민주화 과정에서 겪는 진통의 하나다. 각 이해당사자가 승복할 수 있는 정당성을 가진 해결기제가 없어 갈등의 원활한 해결에 실패하는 경우도 많다. 정부가 이해당사자이면서 조정 과정을 주도하고 있어 이해상충 문제가 발생하고 조정 과정에 불신이 존재하기 때문이다.특히 보건의료 부문의 갈등은 국민의 건강과 생명, 그리고 복지와 직결된다는 측면에서 어떤 부문보다 막대한 사회비용을 초래하게 된다. 질병치료를 받지 못함으로써 개인의 건강을 해치는 것은 물론이고 상호신뢰를 기반으로 하는 의사와 환자 간 관계를 무너뜨린다. 따라서 국민의 하나밖에 없는 생명을 담보한다는 점에서 명예와 책임성이 수반함을 인식하는 데서 해결의 실마리를 찾아야 한다.이번 정부와 의료계 간 갈등의 쟁점은 의대 정원 10년간 4000명 증원, 공공의대 신설, 한약 첩약 의료보험 적용, 비대면 진료 허용 등 네 가지다. 하나씩 풀어가는 지혜를 함께 발휘하면 좋겠다.  표면적으로 드러나 있는 쟁점은 앞의 두 가지다. 정부는 코로나19 등 위기 상황에 대처하고 국민의 의료접근성 편의를 위해 공공의료를 강화해야 하며, 그러기 위해 의사 수를 늘려야 하고 공공의대를 신설해야 한다는 입장이다. 반면 의사단체는 생명을 살리는 외상외과, 중환자실, 응급실 등은 운영할수록 적자가 커지는 구조로, 이 분야를 지원하는 의사를 늘리려면 이에 맞는 비용을 보전해야 하는데 의사 수를 늘린다고 공공영역에서 근무하는 의사가 많아질 가능성은 낮고, 오히려 의사들의 수도권 집중으로 지역별 쏠림현상과 경쟁이 심해질 것이라고 주장한다. 국민 저항이 높은 ‘건강보험료 인상’과 맞물려 있기 때문인데, 이에 대한 의료계 불만은 크다.최근 국민권익위원회는 6만9000여명의 국민을 대상으로 의대 정원 확대와 보건의료체계 개선 등을 주제로 한 설문조사 결과를 발표했다. ‘의대 정원 확대 및 공공의대 설립’ 정책 설문에 응답자의 56.5%가 찬성한다고 답한 반면 의사 직종(개원의·전공의·의대생) 응답자의 찬성은 8.5%에 그쳐 시각차가 매우 큼을 알 수 있다. 그리고 44.1%는 보건의료체계 문제점으로 ‘지역 간 의료 불균형’을 꼽았다. 불균형 해결 방안을 묻는 질문엔 46.4%가 ‘중앙·지방정부가 중심이 된 지역 공공의료 기관 설립·강화’를 택했다. 정부가 내놓은 방안인 ‘의대 정원 확대 및 공공의대 설립’(37.8%)과 의사단체가 주장하는 ‘건강보험 수가체계 개편’(20.0%)은 후순위로 밀렸다. 또한 의료 특정분야, 즉 기피과의 의사 부족 해소 방안으로는 응답자의 절반 이상인 51.5%가 ‘기피과 건강보험 수가체계 개편’을 꼽았다.따라서 실제 국민의 요구는 현재 지역에 있는 34개 지방의료원이 지역 의대와 연계해 대학병원처럼 운영돼야 한다는 것이다. 이 같은 제3의 방안과 기피과 문제 해결로 건강보험 수가체계 개편을 제시한 점을 고리로 협상할 수 있을 것이다. 한약 첩약 의료보험 적용은 의사와 한의사의 기능과 역할 정립을 전제로 설득이 이뤄져야 하며, 비대면 진료 허용은 대면의료를 기본으로 하되 대면의료가 힘든 상황과 의료의 질이 훼손되지 않는 상황에서 원격의료를 활용하는 대원칙을 갖추고 협상할 필요가 있을 것이다.그럼에도 지금 당장 코로나 방역의 시급함과 엄중함에 비춰 볼 때 국민의 건강과 생명을 지킬 수 있는 기회를 놓치게 된다면 국민으로부터 외면당할 것이 뻔하다. 따라서 정부는 쟁점의 패키지화 문제와 성급함을 솔직하게 의료계에 토로함으로써 갈등 해결의 실마리를 풀어나가야 한다. 의료계는 “의사들의 집단행동이 계속된다면 다수의 환자가 생명을 잃는 파국을 맞을 것”이라는 한국환자단체연합회의 눈물겨운 호소에 답해야 한다. 그래도 안 되면 국민을 대표하는 국회에서 정부와 의료계, 여당과 야당이 머리를 맞대고 시민사회를 아우르는 ‘사회대타협위원회’(가칭)를 만들어 시급히 갈등을 해결해야 한다. 정말 시간은 얼마 남지 않았다.조흥식 한국보건사회연구원장·서울대 명예교수"
46,국민일보,"야당 “추미애 거짓말, 보좌관 전화했다”…노영민 “검증은 적격”","노영민 대통령 비서실장은 2일 추미애 법무부 장관 아들 서모(27)씨의 ‘군 복무 중 휴가 미복귀’ 의혹에 대해 “검증 과정에서 장관으로서 적격이라고 판단했다”며 “임명에 문제가 있었다면 그건 저의 불찰”이라고 말했다.노 실장은 이날 국회 운영위원회에 출석해 추 장관 인사 검증의 책임을 묻는 김도읍 국민의힘(옛 미래통합당) 의원의 질의에 이렇게 답했다. 서씨가 육군 카투사로 복무하며 58일간 휴가를 다녀왔다는 ‘황제 복무’ 논란이 추 장관 임명 당시 인사추천위원장이었던 노 실장에게 옮겨 붙은 것이다. 노 실장은 “추 장관 아들 의혹에 대해선 상이한 의견과 주장이 있다”며 “현재 고발된 상태니 검찰 수사에서 밝혀질 것이라 믿고 있다”고 말했다. “(추 장관 아들 의혹을) 알고 추천했느냐, 모르고 추천했느냐”는 김 의원 질의에는 “대외적으로 밝힐 수 없는 영역”이라고 했다.국민의힘에 따르면 서씨는 2016년 11월부터 2018년 8월까지 21개월간 카투사에서 군 복무를 했다. 카투사는 주한미군 부대에 근무하는 한국 육군의 지원 병력이다.신원식 국민의힘 의원은 이날 국회 기자회견에서 서씨가 근무했던 부대 지원장교 A대위와의 통화 녹취록을 공개했다. 녹음 파일에 따르면 A대위는 지난달 30일 ‘추 의원 보좌관이 서 일병 병가가 연장되느냐 문의 전화가 왔다고 그랬느냐’는 신 의원 측 질문에 “예”라고 답했다. A대위는 또 “왜 보좌관이 굳이 이걸(전화를) 해야 하지 하는 생각을 했었다”면서 “보좌관 역할 자체는 국회의원의 업무를 보좌하는 건데”라고 말했다.신 의원은 “추 장관과 서울동부지검 해명은 대국민 거짓말일 가능성이 농후하다”고 녹취록 공개 이유를 설명했다. 추 장관은 전날 국회 예산결산특별위원회와 법제사법위원회에 출석해 관련 질의에 “보좌관이 전화를 한 사실이 없다”고 국민의힘 측 의혹 제기를 부인했다. 사건을 수사 중인 서울동부지검도 “(관련) 진술을 받은 적이 없다”고 했다.여권은 코로나19 재확산 사태의 책임론을 거론하며 분위기 전환에 나섰다. 신영대 민주당 의원은 “정부의 소비 쿠폰은 지난달 중순에 신청해 이달부터 사용할 수 있었다”며 “8·15 광화문집회발 확산이 없었다면 경제와 코로나 방역은 무너지지 않았을 것”이라고 했다. 이에 김상조 청와대 정책실장은 “많은 소상공인에게 도움이 됐을 것”이라고 맞받았다. 오전 코로나19 격리 치료를 받고 퇴원한 전광훈 사랑제일교회 담임목사가 ‘정부의 방역 조치는 사기극’이라고 주장한 것에 강하게 반박한 것이다.야당은 부동산시장 문제를 거론하며 반격에 나섰다. ‘왜 서민들이 빚을 내서라도 집을 사려 하느냐’는 김정재 국민의힘 의원 질의에 노 실장은 “집값 상승에 대한 기대감 때문”이라고 답했다. 현재 주택담보대출비율(LTV) 규제가 어떻게 되는지 아느냐는 질문에는 “그게 저…”라며 머뭇거리기도 했다. 김 의원은 노 실장을 향해 “대한민국 국민을 하나도 모르고 있다”며 “(부동산시장의) 현실을 제대로 파악하고 문재인 대통령에게도 좀 전달을 하라”고 했다.운영위에선 ‘손가락 논란’이 벌어지며 잠시 정회되는 소동도 일었다. 회의 도중 김진애 열린민주당 의원은 의사진행 발언에서 “김태흠 국민의힘 의원이 질의를 마치고 제게 와 ‘끼어들지 말라’며 등을 쳐 불쾌한 얼얼함이 남아 있다”고 주장했다. 김태흠 의원은 “남의 질의에 ‘야지’(야유를 뜻하는 일본어)를 놓는 걸 지적하려다 (손가락을) 살짝 댔다”고 맞섰다. 30분 정회 후 운영위가 속개하자 김태흠 의원은 “불쾌했다면 사과한다”고 입을 열었다. 이에 김진애 의원도 “사과를 받아들인다”면서 “다만 야지라는 표현은 속기록에서 뺐으면 한다”고 했다.양민철 김경택 기자 listen@kmib.co.kr"
47,국민일보,[미션 톡！] 대통령·교계 지도자 간담회 충돌?  코로나 방역 협력에 찬물,"문재인 대통령과 교계 지도자 16인이 지난 27일 청와대에서 간담회를 가졌습니다. 전광훈 목사의 사랑제일교회를 시작으로 한 교회발 신종 코로나바이러스감염증(코로나19) 확산이 이어지고 있던 터라 어떤 얘기들이 오갈지 관심이 집중됐습니다.참석자들을 통해 그날의 분위기를 들을 수 있었습니다. 서로 얘기에 경청하고 소통하는 시간이었다는 게 공통된 반응이었습니다. 그런데 간담회 직후 쏟아진 언론 보도는 이런 분위기와는 사뭇 달랐습니다. ‘날 선 공방’ ‘충돌’ 등의 제목으로 나오는 보도들을 보면서 문 대통령과 교계 지도자 간에 설전이 오갔다는 느낌이 들 수밖에 없습니다.교계 지도자들은 당혹스러워했습니다. 한국기독교장로회 육순종 총회장은 “대통령과 개신교 지도자들의 만남에 대해 여러 말이 나온다”며 “전반적으로 분위기가 좋았다고 느꼈는데 언론에 비친 결과는 그렇지 않다”고 아쉬워했습니다.소강석 전국 17개 광역시·도 기독교연합회 상임고문은 “언론 기사를 보니 너무 한쪽으로 치우친 면이 있다”며 “문 대통령이 기독교에 대한 감사의 말도 전했다. 그런 내용을 균형 있게 써줬으면 좋을 텐데 너무 아쉽다”고 말하기도 했습니다.간담회에서는 참석자 모두 한마디씩 했다고 합니다. 청와대에 따르면 이 중 4명은 각기 표현은 달랐지만, 전 목사와 관련해 교회가 확진의 중심에 있는 것에 사과하고 방역 방해행위 및 가짜 뉴스에 엄정한 대응을 권유했다고 합니다. 국민과 문 대통령을 위해 기도하겠다고 말한 교계 지도자도 4명이었다고 합니다.그러나 이런 내용은 잘 보도되지 않았습니다. 육 총회장이 “문 대통령의 모두발언, 김태영 한국교회총연합 공동대표회장의 모두발언 후 다른 대화를 비공개로 하기로 한 것이 문제라면 문제였다”고 할 만합니다. 시간을 두고 간담회의 전체적 분위기, 참석자들의 개별 발언 등을 녹여 보도하면 좋았겠지만, 언론의 속보 경쟁 체제에서 공개된 모두발언만 갖고 많은 기사가 쏟아졌습니다. 물론 모두발언에서도 교계의 사과나 방역에 대한 제안의 말보단 ‘교회를 영업장 취급하지 마라’와 같은 말에 방점이 찍혔습니다.언론은 공정하고 균형이 있는 보도를 강조하지만, 실제로는 한쪽으로 쏠려 있는 경우가 많습니다. 긍정적인 면과 부정적인 면이 51:49로 섞여 있어도 뉴스로 다룰 때 그 비율대로 반영되는 경우는 드뭅니다. 간담회 참석자들의 반응을 볼 때 결과적으로 언론이 양측의 대립, 갈등을 부추겨 코로나19 방역을 위한 협력에 찬물을 끼얹은 꼴이 됐습니다.황인호 기자신청하기국내외 교계소식, 영성과 재미가 녹아 있는 영상에 칼럼까지 미션라이프에서 엄선한 콘텐츠를 전해드립니다.샘플보기뉴스레터 구독신청"
48,국민일보,"‘해결사’ 이낙연호 출범, ‘6개월 10일’에 차기대선 달렸다","더불어민주당 이낙연 신임 당대표가 지난 29일 전당대회에서 대표 선출 뒤 화상으로 수락연설을 하고 있다. 이 대표는 취임 일성으로 “코로나 전쟁에서 승리하겠다”고 말했다. 이날 전당대회는 온라인 비대면 방식으로 진행돼 서울 여의도 당사 현장 인원을 최소화했다. 민주당 제공‘6개월10일’. 지난 29일 더불어민주당 전당대회에서 선출된 이낙연 신임 당대표에게 주어진 시간이다. 60.77%의 지지율로 ‘어대낙’(어차피 대표는 이낙연)이라는 대세론을 확인한 그의 앞길엔 짧은 기간 해결해야 할 난제가 쌓여 있다. 코로나19 극복과 민주당에 대한 국민 신뢰 회복, 야당과의 협치, 당·청 관계에 이르기까지 주어진 과제를 어떻게 풀어내느냐에 따라 향후 대선 가도의 향배도 달라질 것으로 보인다.이 대표는 수락연설에서 주어진 임무를 ‘5대 명령’으로 받아들인다며 첫 번째로 코로나19와의 전쟁에서 승리하는 것을 꼽았다. 코로나19 재확산 국면에선 방역과 경제위기 두 가지를 극복해야 한다. 31일 자가격리에서 풀려나는 이 대표는 2~3일 내 당정청 협의를 통해 민생지원 방안을 논의할 계획이다. 이 대표는 “긴급재난지원금이라는 이름 그대로 긴급한 분에게 더 빨리, 더 두텁게 드리는 게 취지에 맞다”며 “추석 이전에 시행하도록 하겠다”고 말했다.176석 거대 여당을 향해 쏟아지는 ‘오만하고 무능하다’는 비판을 이겨내고 국민의 신뢰를 회복해야 하는 숙제도 떠안고 있다. 특히 최근 정부의 부동산 정책 발표 및 여당의 부동산 입법 과정에서 국민의 불신과 실망이 만만찮은 상황이다.한 측근은 30일 “이 대표는 부동산 문제와 관련해 개별 의원들의 가벼운 언행을 질책하는 이야기를 많이 했다”며 “당내 협의를 통한 법안 마련, 명확한 당론에 대한 가이드라인을 제시해 일탈을 줄여나갈 것”이라고 설명했다. 또 ‘엄중 낙연’이라 불릴 정도로 신중하고 책임감을 앞세우던 이 대표의 정치 스타일에 변화를 줄지 주목된다.전임 이해찬 대표 체제에서 꽁꽁 얼어붙었던 야당과의 협치 복원이라는 과제도 놓여 있다. 이 대표는 “국난을 극복하고 미래를 준비하는 일에 여야와 진영이 따로 없다”며 “통합의 정치는 필요하고도 가능하다”고 했다.이 대표의 측근 의원은 “투쟁 지향적이지 않은 이 대표의 성품이 여야 관계에 새로운 돌파구가 될 수 있을 것”이라며 “본격적인 협상 드라이브를 걸게 될 것”이라고 말했다. 이 대표와 김종인 통합당 비상대책위원장이 35년 된 선후배 사이로, 깊은 인연을 맺고 있다는 점도 대야 전략에 변화 가능성을 암시한다. 이 대표가 김 위원장과의 관계를 토대로 문재인 대통령과 여야 대표 회동을 통한 협치의 실마리를 풀어낼지 주목된다.이 대표는 전당대회 과정에서 친문재인 성향의 당원 표심을 집중적으로 공략했다. 친문 당원들 역시 문재인정부 국무총리 역할과 성과를 인정해 이 대표에게 지지를 몰아줬다. 전당대회 직후 문 대통령은 이 대표에게 “언제든지 편하게 전화해 달라. 이 대표 전화는 최우선으로 받겠다”고 한 것으로 전해졌다.이 대표는 앞으로 당청 관계를 안정적으로 이끌어가는 동시에 차기 대선 주자로서의 존재감을 부각시켜야 하는 난제 역시 풀어야 한다. 역대 여당의 대선 주자들이 현직 대통령과의 차별화를 통해 몸집을 불렸던 것과 다른 길을 택하면서 1위 주자로서 자리매김해야 하는 상황이다.한 여권 관계자는 “이 대표가 현안이 터질 때마다 민주당의 주축인 호남 세력과 친문 주류 양쪽을 만족시키는 결정을 하기가 쉽지 않을 것”이라며 “임기 동안의 성적표에 따라 대권 행보 또한 결정될 것”이라고 말했다.▶“이 대표 중대과제는 여당 한계 극복… 합리적으로 할 것”▶이낙연, 당직 마무리 돌입… 유능함·안정성 갖춘 탕평 인선 고심▶최고위원 승부, 친문 권리당원이 갈랐다김나래 이가현 기자 narae@kmib.co.kr"
49,국민일보,[포토] 코로나 방역 강화에 한산한 쇼핑몰,‘사회적 거리두기 2.5단계’로 불리는 강화된 방역 조치가 수도권에서 시행된 30일 서울시내의 한 쇼핑몰이 한산한 모습을 보이고 있다. 최종학 선임기자
50,국민일보,코로나에 PC방 출입 막자 ‘모텔+PC=PC텔’ 성행,"숙박앱 야놀자(왼쪽), 여기어때(오른쪽)에서 '게임'을 검색하자 나오는 PC텔신종 코로나바이러스감염증(코로나19) 확산을 막으려고 사회적 거리두기 2.5단계를 시행하면서 PC방이 문을 닫자 ‘PC텔’이 각광을 받고 있다.지난 23일부터 코로나19 감염 고위험시설로 분류된 전국의 PC방은 문을 닫았다. 갈 곳을 잃은 게이머들은 모텔방에 고성능 컴퓨터가 설치된 이른바 ‘PC텔’ 혹은 ‘게임텔’로 향하고 있다.30일 숙박 애플리케이션 ‘야놀자’ ‘여기어때’에 게임을 키워드로 넣자 50여개가 넘는 모텔이 검색됐다. 각 모텔은 ‘커플 PC’ ‘롤, 오버워치, 배틀그라운드 이용 가능’ ‘최고급 사양 PC 게임방 오픈’ 등의 문구를 내세워 손님을 모으고 있다.이용 요금은 4시간에 2만원부터 5시간에 2만8000원까지 기존 PC방보다는 다소 비싸다. 하지만 PC방 영업 중단 이후 PC텔 인기는 폭발적인 것으로 알려졌다. 각종 커뮤니티와 SNS 등에서는 함께 PC텔에서 게임을 하거나 대실비용(혹은 숙박비용)을 나눠 낼 게이머를 구하는 글도 꾸준히 올라오고 있다. 하루에 모텔로 걸려오는 문의 전화가 150통가량에 이르거나, 손님이 서너 배 늘어난 것으로 전해졌다.네이버 지식인 'PC텔' 검색화면 캡처네이버 지식인에 ‘PC텔’을 검색하면 전북 익산, 부산, 서울, 인천, 충남 천안, 전북 전주 등의 PC텔을 추천해 달라는 글도 여러 개 등장한다. 이들은 구체적으로 컴퓨터 사양이나 방에 설치된 컴퓨터 대수를 물었다.평소 게임을 즐긴다는 대학생 A씨는 “모든 PC방이 문을 닫으니 사람들이 PC텔을 찾는 것 같다”며 “PC방처럼 많은 사람이 모이는 게 아니라 개인이 하나의 방을 빌리는 것이니 훨씬 안전할 것 같다”고 말했다.그러나 PC텔이 자칫 방역 사각지대가 될 수 있다는 우려도 제기된다. 평소 일주일에 1번은 PC방에서 게임을 즐겨왔다는 직장인 B씨는 “답답한 게이머들 심정을 이해하고, 나 또한 유일한 취미를 제대로 즐기지 못해 아쉽다”면서도 “게임 커뮤니티에서 함께 PC텔을 갈 사람을 모집하는 글을 봤다. 정부가 왜 PC방 문을 닫았는지 생각할 필요가 있다”고 지적했다.PC텔 업주들은 입간판과 숙박 앱에 ‘실내소독기 완비’ ‘코로나19 예방 전 객실 살균소독 진행’ ‘코로나 방역 완료’ 등의 문구를 강조하고 있다.한편 PC텔 호황을 바라보는 PC방 업주들 시선은 곱지 않다. PC방 업주들이 모인 한 인터넷 카페에서는 “사실상 무기한 영업정지와 마찬가지라서 생계 위협을 받고 있는데 PC텔로 손님이 다 옮겨가면 나중에 영업을 재개해도 살아남을 수 있을지 불투명하다”는 글이 여러 개 올라왔다.김수련 인턴기자"
51,국민일보,“삶은 더 고달파지겠지만…” 당대표 수락연설 중 울먹인 이낙연,"더불어민주당 신임 대표로 선출된 이낙연 당선자가 29일 민주당 ‘제4차 정기전국민대의원대회’ 당대표 수락연설 중 울먹여 눈길을 끌고 있다.이 당선자는 자신의 결의를 윈스턴 처칠이 2차대전 때 했던 말로 대신한다고 하면서 “승리하겠다”고 선언했다. 그러면서도 신종 코로나바이러스감염증(코로나19)으로 인해 국민이 어려운 상황에 처했다며 걱정했다.“여러분의 명령을 무거운 책임감으로 수락한다. 지금 나는 종로의 저희 집에서 이 연설을 하고 있다”고 한 이 당선자는 “자가격리 12일째, 몸의 건강은 좋으나 마음이 무겁다”고 운을 뗐다.이 당선자는 “저희 집 창문을 통해 보는 국민 여러분의 삶에 가슴이 미어진다”며 “거리는 비었고 사람들의 통행은 한산하다. 가게는 문을 열었지만 손님은 좀처럼 오지 않는다. 이 고통은 얼마간 더 커질 것이다. 실업자는 늘고 여러분의 삶은 더 고달파질 것”이라며 울먹였다.이내 감정을 추스른 이 당선자는 “이런 시기에 부족한 제가 집권여당의 대표라는 짐을 졌다”며 “국민 여러분과 마음을 나누며 이 고통이 하루라도 빨리 끝나도록 모든 노력을 다하겠다”고 다짐했다.이 당선자는 이어  ▲코로나 전쟁 승리 ▲국민 삶 지키기 ▲코로나 이후 미래 준비 ▲통합의 정치 ▲혁신 가속화 등 자신에게 주어진 ‘5대 명령’을 제시했다.그는 “‘5대 명령’ 가운데 가장 시급한 일은 코로나19와 그것으로 파생된 경제적·사회적 고난, 즉 국난 극복”이라며 “민주당이 이 전쟁에 효율적·체계적으로 강력히 대처하기 위해 현재의 국난극복위원회를 확대 재편하고, 그 위원장을 제가 맡겠다”고 구상을 밝혔다.아울러 이 당선자는 “코로나 전쟁에서 승리하고 그 이후의 미래를 준비하겠다”면서 “통합의 정치에 나서겠다”고 했다. “코로나 국난을 극복하고 미래를 준비하려면 국민의 힘을 모아야 한다”고 한 이 당선자는 “그 일에 여야와 진영이 따로 있을 수 없다. 통합의 정치는 필요하고도 가능하다고 믿는다”고 했다.“마침 제1야당이 정강·정책을 바꾸고 극단과 결별하려 하고 있다”고 한 이 당선자는 “환영할 일이다. 민주당도 통합의 노력을 강화할 것”이라고 강조했다. 이 당선자는 또 “원칙은 지키면서도 야당에 양보할 것은 양보하는 ‘원칙 있는 협치’에 나서겠다”며 “그렇게 여야의 거리가 가까워지면 대화를 통해 합의할 수 있는 사안도 늘어날 것”이라고 부연했다.▶다음은 이낙연 신임 당대표 수락연설 전문존경하는 국민 여러분, 사랑하는 당원 동지 여러분!여러분의 결정에 감사드립니다. 여러분의 명령을 무거운 책임감으로 수락합니다. 지금 저는 종로의 저희 집에서 이 연설을 하고 있습니다. 자가격리 12일째, 몸의 건강은 좋으나 마음은 무겁습니다. 저희 집 창문을 통해 보는 국민 여러분의 삶에 저는 가슴이 미어집니다. 거리는 거의 비었습니다. 사람들의 통행은 한산합니다. 가게는 문을 열었지만 손님은 좀처럼 오시지 않습니다.이 고통은 얼마간 더 커질 것입니다. 실업자는 늘고, 여러분의 삶은 더 고달파질 것입니다. 이런 시기에 부족한 제가 집권여당의 대표라는 짐을 졌습니다. 국민 여러분과 마음을 나누며, 이 고통이 하루라도 빨리 끝나도록 모든 노력을 다하겠습니다.그동안 좋은 경쟁을 해주신 김부겸, 박주민 후보님께 감사와 위로를 드립니다.함께 지도부를 이끌어가실 새로운 최고위원님들께 축하를 드립니다. 다음을 준비하실 후보님들께 격려의 마음을 전합니다. 2년 동안 당을 이끌며 모든 선거의 승리를 이루어 주신 이해찬 대표님과 지도부에 특별히 감사드립니다. 코로나 재확산 등으로 몹시 어려운 상황에서도 전당대회를 끝까지 잘 준비하고 훌륭히 관리해주신 안규백 전당대회준비위원장님, 민홍철 선거관리위원장님과 당직자 여러분께도 감사드립니다. 무엇보다 정당 사상 초유의 비대면 전당대회였지만 전례없이 높은 참여를 보여주신 전국의 당원 동지 여러분께 뜨거운 감사를 드립니다.존경하고 사랑하는 국민 여러분, 당원 동지 여러분!이 국가적 위기에 여러분께서 저에게 주신 임무는 분명합니다. 그것을 저는 ‘5대 명령’으로 받아들입니다. 여러분의 명령을 충실히 이행하는데 저의 모든 역량을 쏟아 넣겠습니다.첫째, 코로나 전쟁에서 승리하겠습니다.이 전쟁에서 이기지 못하면, 우리는 일상의 평화를 되찾기 어렵습니다. 민주당이 이 전쟁에 효율적·체계적으로 강력히 대처하기 위해 현재의 국난극복위원회를 확대 재편하고, 그 위원장을 제가 맡겠습니다. 국난극복위원회는 정부와 긴밀히 협력하고 국민의 전폭적인 동참을 얻어 이 국난을 더 빨리, 더 잘 극복하도록 노력할 것입니다. 또한 저희는 국민의 생명과 안전을 해치는 불법행위, 불공정행위, 집단이기주의, 가짜뉴스 등에 단호히 대응하겠습니다.위대한 우리 국민은 방역의 주체라는 각오로 이 전쟁에 동참하고 계십니다. 국민의 그런 저력으로 이제까지 우리는 기적의 역사를 만들어 왔습니다. 이번에도 우리는 이 국난을 반드시 이겨낼 것입니다.둘째, 국민의 삶을 지키겠습니다.코로나19의 피해는 광범하게 퍼지고 있습니다. 특히 노동자를 포함한 취약계층, 자영업자, 소상공인, 중소기업 등은 타격을 더 크게 받고 계십니다. 많은 직장인과 청년들이 삶을 걱정하십니다. 상인들의 한숨이 깊습니다. 아이를 맡길 곳 없는 맞벌이 부부는 막막하십니다. 고통에 직면한 민생을 돕기 위한 당정협의를 조속히 본격화하겠습니다. 기존의 방식을 넘는 추석 민생 대책을 시행하도록 하겠습니다. 재난지원금 문제도 함께 논의할 것입니다. 또한 우리는 고용 취약계층과 소득 취약계층 등 사회적 약자를 보호하는 제도적 장치로서 전 국민 고용보험과 실업부조를 비롯한 사회안전망을 확충하겠습니다. 국민의 고통과 불안을 덜어드리도록 국난극복위원회와 당정협의, 그리고 국회를 통해 전방위로 노력하겠습니다. 국민 한 분, 한 분의 삶을 소중히 살피며 기민하게 대처하겠습니다.셋째, 코로나 이후의 미래를 준비하겠습니다.코로나는 세상을 새로운 기준, 새로운 질서로 바꾸는 대전환의 시대로 인류를 몰아넣었습니다. 대전환은 우리가 선택할 수 있는 문제가 아닙니다. 우리의 선택은 대전환의 시대에 어떻게 살아남을 것이냐는 문제뿐입니다. 우리의 코로나 방역은 세계의 모범으로 평가받았습니다. 가전제품과 반도체, 대중음악과 영화, 게임과 웹툰에 이어 우리는 감염병 대처에서도 세계 일류로 올라섰습니다. 이제 우리는 다른 분야에서도 세계 일류로 도약해야 하고, 도약할 수 있습니다. 그런 유망 분야를 개척하고 확대하도록 미리부터 준비하겠습니다. 디지털 뉴딜과 그린 뉴딜을 중심으로 하는 한국판 뉴딜은 미래 준비의 토대에 속합니다. 민주당의 K-뉴딜위원회를 원내대표가 맡아 국회와 연동하며 한국판 뉴딜의 속도와 효과를 높이도록 하겠습니다. 저는 한국판 뉴딜의 필수적 개념으로 균형발전 뉴딜을 제안한 바 있습니다. 한국판 뉴딜의 사업 선정과 예산 배정에서 국가 균형발전을 가장 중요하게 고려할 것을 거듭 요청합니다. 우리는 전쟁과 가난을 딛고 산업화와 민주화를 짧은 기간에 실현한 세계 유일의 국가입니다. 이번에도 우리는 할 수 있습니다.넷째, 통합의 정치에 나서겠습니다.국난을 극복하고 미래를 준비하려면 국민의 힘을 모아야 합니다. 그 일에 여야와 진영이 따로 있을 수 없습니다. 통합의 정치는 필요하고도 가능하다고 믿습니다. 마침 제1야당이 정강·정책을 바꾸고 극단과 결별하려 하고 있습니다. 환영할 일입니다. 민주당도 통합의 노력을 강화할 것입니다. 원칙은 지키면서 야당에 양보할 것은 양보하는 ‘원칙 있는 협치’에 나서겠습니다. 그렇게 여야의 거리가 가까워지면 대화를 통해 합의할 수 있는 사안도 늘어날 것입니다. 합의 가능한 문제들을 찾아 입법화를 서두르겠습니다. 우선 여야의 의견이 접근하고 있는 비상경제, 균형발전, 에너지, 저출산 등 4개 특위를 조속히 가동할 것을 요청합니다.다섯째, 혁신을 가속화하겠습니다.대전환이 선택의 대상이 아닌 것처럼 혁신도 선택의 대상이 아닙니다. 경제와 정치를 포함한 모든 분야가 마찬가지입니다. 문재인정부는 국가 전략의 하나로 ‘혁신성장’을 제창했습니다. 혁신성장은 지속되고 강화돼야 합니다. 혁신성장을 촉진하도록 한편으로 지원하면서 또 한편으로 규제를 혁파 또는 완화하겠습니다. 민주당은 국민 각계각층의 고통을 더 가깝게 공감하고, 더 정확히 대처하도록 쇄신하겠습니다. 그 일환으로 청년과 여성이 당의 의사결정 과정에 참여하도록 제도화하겠습니다. 정책위원회를 확대하고 활성화하겠습니다. 또한 민주당을 유능하고 기민하면서도 국민 앞에 겸손한 정당으로 개선해 가겠습니다. 할 일은 하는 유능, 문제에 한 발 빠르게 대응하는 기민, 어느 경우에도 국민의 마음을 헤아리며 스스로를 낮추는 겸손을 갖추도록 하겠습니다.이상의 ‘5대 명령’을 이행하는 데 모든 힘을 쏟겠습니다. 그렇게 함으로써 문재인정부의 성공과 정권 재창출을 위한 토대를 쌓겠습니다. 대한민국을 ‘함께 잘사는 일류 국가’로 만들겠습니다. ‘5대 명령’ 가운데 가장 시급한 일은 코로나19와 그것으로 파생된 경제적·사회적 고난, 즉 국난의 극복입니다. 그에 대한 저의 결의를 윈스턴 처칠이 2차대전 때 했던 말로 대신하겠습니다.“우리의 목적이 무엇이냐고 물으신다면, 한 마디로 대답하겠습니다. 그것은 승리입니다.”천금주 기자 juju79@kmib.co.kr"
52,국민일보,[포착]“예배는 목숨과 같다…방역조치에 앞장설 것“,"한국기독교지도자협의회(기지협·상임회장 김진호 감독)와 한국교회평신도지도자협회(한지협·대표회장 강무영 장로) 임원들이 26일 서울 종로구 한국기독교연합회관 앞에서 한국교회가 정부와 국민에 드리는 호소문(성명)을 발표하고 있다.이들 기관은 성명에서 “정부는 교회가 드리는 현장예배를 어떠한 경우데도 막아서는 안된다”고 주장했다.이어 “교회는 예배를 드리는데 어떠한 희생이 따르더라도 반드시 행할 것”이라고 밝혔다.그러면서 “교회는 정부가 시행하는 방역 조치에 앞장서서 잘 실행하겠다. 코로나 시대를 맞아 섬김과 나눔으로 이웃 돌봄에 앞장서겠다”고 했다.한국교회 각성도 촉구했다.이들 기관은 “코로나는 교회의 책임이 크다. 우리의 탐욕이 가져온 재앙, 교회가 세상의 빛과 소금의 사명을 감당치 못한 결과”라고 덧붙였다.다음은 성명 전문이다.한국교회 성명서   2020년, 지구촌이 심각한 위기상황에 처해있습니다. 대한민국은 코로나 사태로 인해 지난 8개월 동안 국민들의 일상은 무너졌고, 우리 모두가 경험하지 못한 길로 숨 막히게 달려 왔습니다.  9월을 맞이하지만 우리는 여전히 불안의 터널을 지나고 있습니다.이런 힘든 상황과 어려운 여건 속에서도 대한민국은 위대했습니다. 팬데믹 코로나 시대에 지구촌이 방역 모범국가로 대한민국을 주목하고 국민 역시 자부심을 가지고 정부방역에 협조하여 최선을 다하는 상황입니다.특히 교회는 정부의 시책에 적극 협력하며 코로나 종식을 위해 방역당국이 제시한 안전수칙을 철저하게 지켰습니다. 교회 모두가 국민의 건강과 안전을 위해 사회적 거리두기, 마스크 쓰기와 개인청결과 위생 캠페인에 적극 동참했습니다.그러나, 우리나라는 다시 코로나 확산의 위기 점에 봉착했습니다. 한국교회는 그 어느 때보다 무거운 책임감과 경각심을 가지고 코로나 방역에 앞장서고 코로나 종식을 위해 더더욱 분발할 것입니다.우리는 코로나와 관련해서 정부의 어떤 시책에도 적극 협조하고 솔선수범하여 코로나 퇴치에 최선을 다할 것입니다. 한국교회는 대한민국이 지구촌을 흔드는 코로나 퇴치에 가장 탁월한 민족으로 세워지는데 헌신을 다할 것입니다.그러나, 코로나 사태에도 우리가 포기할 수 없는 한 가지가 있습니다. 우리에게 목숨과도 같은 것입니다. 아니, 목숨보다 더 소중한 가치입니다. 그것은, 바로 예배입니다. 그 어떤 어려운 상황에서도 반드시 드려야 할 우리의 삶의 목적입니다.로마시대 원형경기장에서 굶주린 사자들에게 뜯기고 삼키는 처절한 현장에서도, 일제시대 모진 고문과 핍박, 박해 속에서 그리고 6·25사변의 처참한 상황 속에서도 지켜졌던 예배!! 예배는, 기독교의 핵심이고 생명입니다. 예배의 폐쇄는 곧 교회의 해체라 할 수 있습니다. 어떤 희생이 따르더라도 반드시 지켜야 할 기독인의 의무입니다.정부는 교회가 드리는 현장예배를 어떠한 경우에도 막아서는 안됩니다.우리는 예배를 지키기 위해 아래와 같이 실천할 것입니다.하나, 교회는 예배를 드리는데 어떠한 희생이 따르더라도 반드시 행할 것입니다.하나, 교회는 정부가 시행하는 사회적 거리두기가 몇 단계가 되든지 잘 따르겠습니다.하나, 교회는 정부가 시행하는 방역 조치에 앞장서서 잘 실행하겠습니다.하나, 교회는 정부시책에 협조뿐 아니라 지역 방역에도 최선을 다해 섬기겠습니다.하나, 교회는 코로나 시대를 맞아 섬김과 나눔으로 이웃 돌봄에 앞장서겠습니다.하나, 교회는 코로나 퇴치를 위해 더 간절히 기도하고 온 몸을 다해 헌신하겠습니다.한국교회에 각성을 촉구합니다. 코로나는 교회의 책임이 큽니다. 우리의 탐욕이 가져온 재앙입니다. 교회가 세상의 빛과 소금의 사명을 감당치 못한 결과입니다.교회가 살아야 나라가 삽니다. 교회가 다시 민족의 소망으로 우뚝 서야 합니다. 우리의 죄악을 철저하게 회개하고 주께로 돌아서야 합니다. 시간이 없습니다. 지금 여기서 우리는 결단해야 합니다. 하나님이 대한민국을 지키시고 축복하실 것입니다.2020. 08. 26한국기독교지도자협의회, 한국교회평신도지도자협회유영대 기자 ydyoo@kmib.co.kr신청하기국내외 교계소식, 영성과 재미가 녹아 있는 영상에 칼럼까지 미션라이프에서 엄선한 콘텐츠를 전해드립니다.샘플보기뉴스레터 구독신청"
53,국민일보,"문 대통령 “대면 예배 필요성 요청, 이해한다”…교계 재차 격려","문재인 대통령 28일 한국교회 지도자들에게 “대면 예배 필요성을 요청한 기독교계의 뜻을 잘 이해했다”는 취지의 메시지를 재차 전했다. 전날 청와대 간담회에서 코로나19 재확산 속 대면 예배 허용과 관련해 의견 충돌이 난 것처럼 전해지자 다시 교계를 다독거리기 위한 것이다.문 대통령은 이날 오전 청와대 참모들을 만나 “(기독교계에서) 대면 예배의 필요성을 말한 것은  할 만한 얘기였다”고 말한 것으로 알려졌다. 이어 김제남 시민사회수석을 통해 전날 간담회에 참석한 교회 지도자 16명에게 “기독교계의 뜻을 잘 이해했다”는 뜻을 전달하라고 지시했다. 김 수석은 이날 참석자 전원에게 전화를 걸어 대통령의 뜻을 전했다고 한다.전날 간담회에서 김태영 한국교회총연합 공동대표 회장은 “대책이 없이 교회 문을 닫고 예배를 비대면․온라인 예배를 지속할 수 없다고 하는 것이 오늘의 교회 현실”이라고 건의했다. 이에 대해 문 대통령은 “일률적으로 조처를 내리는 데 대한 안타까움은 이해하지만, 그 부분(대면 예배 금지)은 받아들여 달라”며 사실상 거부했다. 이후 이날 간담회에서 의견 충돌이 있었다는 취지의 보도가 나왔다.청와대 관계자는 국민일보와 통화에서 “문 대통령과 교계의 의견이 충돌한 것으로 보도되면서 교계에 대한 비판 여론이 나오는 것에 대해 문 대통령이 안타깝게 생각한 것으로 보인다”고 말했다. 이 관계자는 이어 “사랑제일교회를 비롯한 일부 교회만을 염두에 둔 발언이지, 기독교 전체를 비판하는 것이 아니다”라고 했다.청와대와 참석자 모두 전날 간담회가 우호적 분위기 속에 협력 방안을 논의했다고 전했다. 간담회에 참석한 소강석 전국 17개 광역시·도 기독교연합회 상임고문도 자신의 페이스북에 “(문 대통령이) 코로나 방역에도 대다수의 교회가 앞장서준 것에 대해서 정말 감사하고 비대면 온라인 예배를 드리는 것이 정말 쉽지 않을 텐데 협조해 주신 것에 대해 감사하다는 말씀도 하셨다”고 설명했다. 그러면서 “일부 언론이 한쪽만 보도함으로써 마치 싸움을 붙이는 듯한 인상을 느꼈다”고 덧붙였다.임성수 기자 joylss@kmib.co.kr"
54,국민일보,"[속보] 문 대통령 “파업 의료인, 전시에 전장 떠나는 군인”","문재인 대통령이 27일 청와대 본관에서 열린 한국 개신교회 지도자 초청 간담회에서 발언하고 있다. 연합뉴스문재인 대통령은 27일 “지금 코로나 위기 상황에서 의료인들이 의료현장을 떠난다는 것은 전시상황에서 거꾸로 군인들이 전장을 이탈하는 것이나 마찬가지”라며 집단행동에 돌입한 의료계를 강하게 비판했다.문 대통령은 이날 오전 청와대에서 열린 한국 교회 주요 지도자들과의 간담회 모두발언에서 “전시상황이 되면 휴가를 가거나 외출을 나갔던 군인들도 돌아와 총을 잡는다”며 이같이 말했다.문 대통령은 “세계는 코로나 방역을 전쟁이라고 표현한다. 2차 세계대전 이후에 가장 큰 위기이고 가장 큰 피해를 주고 있다는 것”이라며 “비유하자면 사상 최대의 화재가 발생했는데 소방관들이 화재 앞에서 파업을 하는 것이나 진배없다고 생각한다”고도 지적했다.아울러 문 대통령은 “의대생들이 의과시험을 거부한다”며 “그렇게 된다면 의대생 개인에게도 막대한 손해가 일어나고 국가적으로 큰 부담이면서 큰 손실이 되지 않을 수 없다”고 우려했다.그러면서 “우리 의료계가 코로나 때문에 국민들이 받는 고통을 결코 외면하지 않을 것이라고 믿고 그렇게 기대하고 있다”며 “그러나 정부로서 한편으로는 의료계와 진정성 있는 대화를 나누면서, 또 다른 한편으로는 법과 원칙대로 임하지 않을 수 없다. 정부가 가진 선택지가 그렇게 크게 있지 않다”고 말했다.문 대통령의 발언은 집단휴진에 돌입한 전공의와 전임의가 정부의 업무개시명령 등에 응하지 않을 때 원칙적인 법 집행 외에 선택지가 없다는 뜻을 재차 강조하며 의료계를 압박한 것으로 해석된다.박세환 기자 foryou@kmib.co.kr"
55,국민일보,안철수 “현 정부는 ‘윽박질’ 정부…방역책임 의사에게 돌려”,"국민의당 안철수 대표가 20일 오전 서울 여의도 국회에서 열린 최고위원회의에서 발언하고 있다. 연합뉴스안철수 국민의당 대표는 27일 의료계의 총파업 중단을 간곡히 요청하며 정부의 공공의대 설립 백지화를 촉구했다.안 대표는 이날 페이스북에 정부를 향해 “오랜 시간이 지나야 효과를 검증할 수 있는 정책을 하필이면 지금, 코로나 2차 확산의 문턱에서 터트린 이유가 무엇이냐. 부동산 정책 실패로 인한 성난 민심을 다른 쪽에 돌리기 위함이냐. 아니면 코로나 2차 확산이 현실화되면 방역의 책임을 의사에게 돌리고 정부는 빠져나가기 위함이냐”고 비판했다.이어 “국민 건강을 볼모로 잡고 있는 것은 의료진이 아니라 황당한 해명과 부절적한 여론전으로 사태를 악화시키고 있는 정부임이 분명하다”며 “무조건 찍어 누르고 윽박지르면 문제가 해결되나. 이 정권은 ‘윽박질’ 정권인가. 행정명령을 당장 거두어들이라”고 강조했다.다만 안 대표는 의료계를 향해서도 당부의 말을 남겼다. 그는 “이러한 상황임에도 불구하고 저는 의료진에게 간곡히 부탁하고 싶다”며 “정부는 사람을 살릴 수 없다. 환자들은 정부가 아니라 의사에게 모든 희망을 걸고 있다. 살아날 수 있는데 그 기회를 날려버리는 일이 생긴다면 의료진에게 걸었던 희망은 절망과 원망으로 바뀔 것”이라고 했다.안 대표는 그러면서 “부디 총파업을 멈춰달라. 지금 가장 중요한 일은 국민들의 마음을 얻는 일이다. 특히 지금은 정부가 아무리 못난 짓을 하더라도 코로나 방역과 대처에 힘을 모으며 전력투구할 때”라고 당부했다.안 대표는 아울러 “정부에 강력히 요청한다. 지금 같은 방식의 공공의대 설립, 당장 백지화하기 바란다”며 “이제는 놀랍지도 않지만, 아예 대놓고 불공정 입시를 자행하겠다는 것이 문재인 정권이 추구하는 정의이고 공정인가. 행정명령 당장 중단하고, 의료계와 대화에 나서라”고 촉구했다.박세환 기자 foryou@kmib.co.kr"
56,국민일보,거리두기 3단계·2차 재난금… ‘재깍재깍’ 대통령 결단의 시간,"코로나19 재확산 속에서 문재인 대통령이 ‘결단의 시간’을 맞고 있다. 사회적 거리두기 3단계 격상, 2차 긴급재난지원금 지급 등 전례를 찾기 어려운 결정들이 이번 주말 변곡점을 맞을 전망이다. 코로나19 대응은 정책 현안인 동시에 문 대통령 지지율을 떠받치는 핵심 요소다. 특히 이들 사안은 방역 및 재정 당국의 판단 외에 통치권자의 판단이 크게 반영되는 사안으로, 대통령의 결정이 중요할 수밖에 없다.문 대통령은 26일 대한의사협회의 2차 파업에 대해 원칙적인 법 집행, 민주노총의 8·15 종각 기자회견 참가자 명단 제출 거부에 대해선 ‘엄정한 대응’을 강조했다. 청와대 강민석 대변인은 “방역에는 차별이 있을 수 없고, 어느 누구도 예외가 없다는 것이 문 대통령의 생각”이라며 “국민의 생명과 안전에 관한 일이기 때문”이라고 했다.문 대통령은 또 코로나19로 인한 보육 공백을 막기 위해 2학기 긴급돌봄 지원책 마련도 지시했다. 이날 하루에만 코로나19 대책과 관련된 지시 3가지를 한꺼번에 내린 것이다. 문 대통령은 27일엔 한국 교회 지도자들을 초청해 간담회를 하고 방역에 대한 협조를 요청할 계획이다. 사회적 거리두기 2단계 기조를 유지하면서 최대한 대응 강도를 높이겠다는 뜻으로 해석된다.사회적 거리두기 3단계 격상 여부는 2차 재난지원금 지급 여부와도 맞물려 있다. 재난지원금 논의는 지난 23일 고위 당정청 이후 일단 보류된 상태다. 하지만 3단계로 격상돼 사실상 경제활동이 마비될 경우 재난지원금을 본격 검토할 수 있다는 게 여권의 입장이다.문제는 앞서 나가는 여론이다. 여론은 사회적 거리두기 3단계 격상과 2차 재난지원금 지급 지지가 높다. 리얼미터가 전국 500명을 대상으로 조사해 이날 발표한 결과 응답자의 76.6%가 2차 재난지원금 지급에 찬성한다고 답했다. 앞서 24일 발표된 조사에서도 사회적 거리두기 3단계 강화 방안에 대한 찬성이 55.9%로 나타났다.미래통합당도 거리두기 3단계 격상, 재난지원금 지급을 서둘러야 한다는 입장이다. 여론과 보조를 맞추며 청와대를 압박하고 있는 셈이다. 김종인 통합당 비상대책위원장은 이날 기자들과 만나 “코로나로 인해 국민이 경제적으로 타격받는 것은 틀림없다. 그중 가장 타격받는 계층이 있다”며 “생계 대책은 정부가 해줘야 한다. 내가 보기에는 재정 걱정도 많은 판국에 지난번처럼 국민 전체에 재난지원금을 지급하는 것은 옳지 않다”고 말했다.여당에선 아직은 2단계 유지론이 우세하다. 이해찬 민주당 대표는 최고위원회의에서 “현재 추세가 주말까지 유지되면 2단계 사회적 거리두기 수준으로 (대응이) 될 가능성이 있어 보인다”고 했다. 박광온 최고위원도 “3단계 조치는 우리 사회·경제·교육·문화 등 모든 분야에 상상할 수 없는 피해를 불러올 수 있다”며 “지금 상황에서는 3단계까지 가지 않는 것이 최선이고 국민의 바람”이라고 말했다. 하지만 당 내에선 ‘한시적 3단계 격상론’이 나오는 등 의견이 엇갈리는 상황이다.청와대는 일단 3단계 격상과는 거리를 두고 있다. 청와대 관계자는 이날 기자들을 만나 “지금 (거리두기) 3단계를 언급하는 것보다 2단계 수칙을 더욱 철저히 준수하는 게 중요하다”고 했다. 재난지원금 지급에 대해서도 “지금은 코로나 방역에 총력을 기울여야 할 때”라며 선을 그었다.▶민주당 최고위원회의 취재기자 확진… 국회 오늘 ‘셧다운’▶“코로나 중증환자 최대 130명 내달 3일까지 신규 발생 예상”▶신규 확진 다시 300명대… 서울 금천·광주·김해 집단감염 속출임성수 심희정 신재희 기자 joylss@kmib.co.kr"
57,국민일보,[속보] 문 대통령 “긴급돌봄 지원책 마련…휴가 연장도”,"문재인 대통령이 25일 오전 청와대 여민관에서 영상 국무회의를 주재하고 있다. 연합뉴스문재인 대통령은 26일 신종 코로나바이러스감염증(코로나19) 확산으로 2학기 아이돌봄에 대한 학부모의 우려가 커지고 있다며 “최대한 신속하게 긴급돌봄 지원책을 마련하라”고 당부했다.문 대통령은 이날 청와대 참모진들에게 이같이 말하면서 3가지를 당부했다고 강민석 청와대 대변인이 춘추관 브리핑을 통해 전했다.문 대통령은 “정부는 2학기 긴급돌봄을 차질 없이 진행하기 위해 충분한 예산을 확보하라”며 “학부모들 안심감을 높여주기 위해 돌봄시설 밀집도 낮추고 거리두기를 유지할 수 있는 지원방안을 강구해야 한다”고 주문했다. 긴급돌봄 공간의 높은 밀집도로 인해 시설 내에서 코로나19 감염 우려가 제기되고 있는 것에 대한 당부로 해석된다. 문 대통령은 또 “가족돌봄 휴가가 많이 소진됐으니 가족돌봄을 위한 휴가연장에 나설 경우 지원해주는 방안을 검토하라”고 말했다.강 대변인은 “1학기 원격 수업기간에 긴급돌봄휴가 포함 연차를 소진한 부모가 많다”며 “현재 많은 사(私)기업체가 무급휴가를 말하고 있어서 생계에 지장을 초래하는 일까지 생길 수 있는 상황”라고 설명했다.아울러 문 대통령은 태풍 바비와 관련해 “피해가 우려되는 현장을 세심하게 점검해 대비에 만전을 기해달라”고 지시했다.한편 사회적 거리두기 3단계 격상이 필요하다는 일각의 주장과 관련해 청와대 핵심 관계자는 “사회적 거리두기 2단계를 시작한 지 얼마 안 됐는데 바로 3단계로 가는 것은 쉽게 선택할 수 있는 일이 아니라는 입장에서 변화된 것이 없다”고 했다. 이 관계자는 “다만 3단계로 바로 가는 것보다 2단계 수칙을 더욱 철저히 준수하는 것이 더 중요하다고 다시 한 번 강조한다”고 덧붙였다.2차 재난지원금 검토 가능성에 대해서는 ""지금은 코로나 방역에 총력을 기울여야 할 때""라고 말했다.박세환 기자 foryou@kmib.co.kr"
58,국민일보,"[속보] 문 대통령 “의료계 총파업, 법 집행으로 강력 대처”","문재인 대통령이 25일 오전 청와대 여민관에서 영상 국무회의를 주재하고 있다. 연합뉴스문재인 대통령은 26일 의대 정원을 늘리는 정부 방침에 반발한 의료계 집단휴진과 관련, “원칙적 법 집행을 통해 강력히 대처하라”고 지시했다.문 대통령은 이날 청와대 참모들에게 “정부는 비상 진료 계획을 실효성 있게 작동해 의료 공백을 없게 하라”고 당부했다고 강민석 청와대 대변인이 춘추관 브리핑을 통해 밝혔다. 문 대통령은 아울러 “대화를 통한 설득 노력도 병행하면서 비상관리체제를 강화하라”고 당부했다.의료계는 이날부터 의과대학 정원 확대 등을 반대하며 집단휴진에 나섰다. 의협은 28일까지 사흘간 집단행동에 돌입했고, 대한전공의협의회(대전협)는 무기한 업무 중단을 이어가고 있다.앞서 복지부와 의료계는 의료계가 반대하는 의대 정원 조정 등을 포함한 논의를 해 왔다. 양측은 신종 코로나바이러스감염증(코로나19) 상황이 마무리될 때까지 정책을 유보하고, 대한의사협회(의협)도 집단휴진을 중단하는 쪽으로 잠정 합의를 봤다.하지만 의협은 이 합의안을 대전협 대의원총회 안건으로 올리는 것을 전제조건으로 내세웠고, 이 안건이 부결되면서 합의가 결렬됐다. 의협은 이날부터 사흘간 파업에 돌입했고, 대전협은 무기한 휴진을 지속하기로 했다. 이에 정부는 수도권 지역에 근무 중인 전공의·전임의들을 대상으로 환자 진료 업무에 복귀할 것을 명령하는 등 강경 대응에 나선 상황이다.청와대는 윤창렬 사회수석이 담당해온 의료 현안 태스크포스(TF)를 김상조 정책실장이 직접 맡도록 했다. 의료계 파업을 비롯한 의료 현안에 대한 비상 관리에 착수한 것이다.문 대통령은 또한 민주노총의 8·15 종각 기자회견 참가자 명단 제출 거부와 관련해 “코로나 방역에는 특권이 없다”며 엄정 대응을 주문했다. 강 대변인은 “방역에는 차별이 있을 수 없고, 어느 누구도 예외가 있을 수 없다는 게 문 대통령의 생각”이라며 “국민의 생명과 안전에 관한 일이기 때문”이라고 설명했다.박세환 기자 foryou@kmib.co.kr"
59,국민일보,中우한 대학들 속속 개학… 코로나 방역 자신감 과시,"최근 우한에서 열린 풀파티 모습.연합뉴스신종 코로나바이러스 감염증(코로나19) 진원지인 중국 허베이성 우한의 여러 대학들이 일제히 개학을 준비하는 등 중국내 각 분야의 정상화가 속도를 내고 있다.관영 글로벌타임스는 우한시가 코로나19 사태에서 벗어나 정상화됨에 따라 7개월 이상 폐쇄됐던 대학들이 속속 학생들의 복귀를 서두르고 있다고 25일 보도했다.대학들은 엄격한 사회적 거리두기와 전면적인 소독, 스마트 건강 기록 시스템 운영 등으로 학생들의 안전을 지키기 위해 주력하고 있다고 신문은 전했다.우한대 2학년 진싱은 “오랜만에 다시 캠퍼스에 발을 디딜 때 눈물이 났다”며 “우리 대학은 전염병 발생 당시 이 도시의 가장 어두운 시기를 목격했다”고 말했다.우한대는 지난 24일 9000여 명의 학부생들이 처음 복귀했으며, 9월 6일부터 11일까지 대학원생과 신입생을 포함한 2만여 명이 추가로 입학할 예정인 것으로 전해졌다.다만 현재 중국 본토 밖에 있는 학생들은 여전히 대학 복귀가 허용되지 않는다. 현재 우한에는 89개 대학에 100만명 이상의 학생이 재학하고 있다.개학을 준비하는 대학들은 학생들이 자주 가는 지역을 매일 소독하고, 넓은 강의실을 확보하는 한편 식사 시간대를 분리하는 등 다양한 방역 대책을 마련하고 있다.또 온라인 학생정보 시스템을 활용해 도서관과 카페 등에서 학생들의 움직임을 추적하거나 매일 학생들의 체온을 모니터링하고, 새로 등록한 학생들의 건강 정보를 체크하기로 했다.일부 학교에서는 학생들이 하루 전에 온라인으로 음식을 주문한 뒤 식당에서 음식을 받아 각자 따로 먹는 시스템을 마련하기도 했다.앞서 중국 우한에서는 최근 맥주 축제가 열려 1주일간 최소 10만명이 다녀갔고, 마야해변 워터파크에서는 수많은 사람들이 수영복 차림으로 다양한 포퍼먼스를 즐기는 풀파티가 열려 코로나19 재확산 우려를 자아내기도 했다.중국에서 코로나19 본토 발병 사례가 9일 연속 나오지 않는 등 뚜렷한 진정세를 보이고 있다.중국 국가위생건강위원회는 지난 24일 하루 동안 코로나19 신규 확진자는 14명으로 모두 해외에서 왔다고 밝혔다. 무증상 감염자는 16명 늘었는데 이들 역시 해외 유입 사례였다.신장위구르자치구의 주도 우루무치는 코로나19 재확산 사태가 진정되자 지난 23일부터 통제를 완화하기 시작했다.베이징=노석철 특파원 schroh@kmib.co.kr"
